date,start_value,gross_return,gross_pnl,turnover,cost_rate,cost_dollars,net_return,net_pnl,end_value,positions,is_rebalance,signal_date
2020-01-02,1000000.0,0.0,0.0,0.0,0.0,0.0,0.0,0.0,1000000.0,0,True,
2020-01-03,1000000.0,0.0,0.0,0.0,0.0,0.0,0.0,0.0,1000000.0,0,False,
2020-01-06,1000000.0,0.0,0.0,0.0,0.0,0.0,0.0,0.0,1000000.0,0,False,
2020-01-07,1000000.0,0.0,0.0,0.0,0.0,0.0,0.0,0.0,1000000.0,0,False,
2020-01-08,1000000.0,0.0,0.0,0.0,0.0,0.0,0.0,0.0,1000000.0,0,False,
2020-01-09,1000000.0,0.0,0.0,0.0,0.0,0.0,0.0,0.0,1000000.0,0,False,
2020-01-10,1000000.0,0.0,0.0,0.0,0.0,0.0,0.0,0.0,1000000.0,0,False,
2020-01-13,1000000.0,0.0,0.0,0.0,0.0,0.0,0.0,0.0,1000000.0,0,False,
2020-01-14,1000000.0,0.0,0.0,0.0,0.0,0.0,0.0,0.0,1000000.0,0,False,
2020-01-15,1000000.0,0.0,0.0,0.0,0.0,0.0,0.0,0.0,1000000.0,0,False,
2020-01-16,1000000.0,0.0030435908507631783,3043.5908507631784,0.5000000000000001,0.0005000000000000001,500.0000000000001,0.0025435908507631783,2543.5908507631784,1002543.5908507631,15,True,2020-01-15
2020-01-17,1002543.5908507631,0.0005224311589415286,523.7600100575659,0.0,0.0,0.0,0.0005224311589415286,523.7600100575659,1003067.3508608207,15,False,
2020-01-21,1003067.3508608207,-0.004164844343311079,-4177.619382192719,0.0,0.0,0.0,-0.004164844343311079,-4177.619382192719,998889.731478628,15,False,
2020-01-22,998889.731478628,-0.005442155381644248,-5436.113127835593,0.0,0.0,0.0,-0.005442155381644248,-5436.113127835593,993453.6183507924,15,False,
2020-01-23,993453.6183507924,0.0056911290534787965,5653.872750679831,0.0,0.0,0.0,0.0056911290534787965,5653.872750679831,999107.4911014723,15,False,
2020-01-24,999107.4911014723,-0.003469023642951287,-3465.92750848075,0.0,0.0,0.0,-0.003469023642951287,-3465.92750848075,995641.5635929916,15,False,
2020-01-27,995641.5635929916,-0.016579723455328887,-16507.461785003048,0.0,0.0,0.0,-0.016579723455328887,-16507.461785003048,979134.1018079885,15,False,
2020-01-28,979134.1018079885,0.004367422716844034,4276.292519072888,0.0,0.0,0.0,0.004367422716844034,4276.292519072888,983410.3943270614,15,False,
2020-01-29,983410.3943270614,-0.00025454186055220133,-250.31911145838419,0.0,0.0,0.0,-0.00025454186055220133,-250.31911145838419,983160.075215603,15,False,
2020-01-30,983160.075215603,0.0036983721860547876,3636.091876616919,0.0,0.0,0.0,0.0036983721860547876,3636.091876616919,986796.1670922199,15,False,
2020-01-31,986796.1670922199,-0.016591348057423558,-16372.278669958516,0.9321595712640957,0.0009321595712640957,919.8514920417367,-0.017523507628687655,-17292.130162000252,969504.0369302196,14,True,2020-01-30
2020-02-03,969504.0369302196,0.006230322653176061,6040.3229636319875,0.0,0.0,0.0,0.006230322653176061,6040.3229636319875,975544.3598938516,14,False,
2020-02-04,975544.3598938516,0.026581001198506413,25930.94579953464,0.0,0.0,0.0,0.026581001198506413,25930.94579953464,1001475.3056933862,14,False,
2020-02-05,1001475.3056933862,0.007210582762198469,7221.220576000173,0.0,0.0,0.0,0.007210582762198469,7221.220576000173,1008696.5262693864,14,False,
2020-02-06,1008696.5262693864,0.014051028215622884,14173.223351611938,0.0,0.0,0.0,0.014051028215622884,14173.223351611938,1022869.7496209984,14,False,
2020-02-07,1022869.7496209984,-0.01787206810103458,-18280.797823714674,0.0,0.0,0.0,-0.01787206810103458,-18280.797823714674,1004588.9517972837,14,False,
2020-02-10,1004588.9517972837,0.007075799305802196,7108.269807743775,0.0,0.0,0.0,0.007075799305802196,7108.269807743775,1011697.2216050274,14,False,
2020-02-11,1011697.2216050274,0.008411283833159686,8509.672484138939,0.0,0.0,0.0,0.008411283833159686,8509.672484138939,1020206.8940891664,14,False,
2020-02-12,1020206.8940891664,0.016104218982415666,16429.63522978208,0.0,0.0,0.0,0.016104218982415666,16429.63522978208,1036636.5293189485,14,False,
2020-02-13,1036636.5293189485,-4.34477179015705e-05,-45.03949149231279,0.0,0.0,0.0,-4.34477179015705e-05,-45.03949149231279,1036591.4898274562,14,False,
2020-02-14,1036591.4898274562,0.002823506216411316,2926.82251540689,1.0,0.001,1036.5914898274561,0.0018235062164113159,1890.2310255794337,1038481.7208530356,14,True,2020-02-13
2020-02-18,1038481.7208530356,0.0016231316727050246,1685.59257264178,0.0,0.0,0.0,0.0016231316727050246,1685.59257264178,1040167.3134256774,14,False,
2020-02-19,1040167.3134256774,-0.0029062447051326173,-3022.9807470953942,0.0,0.0,0.0,-0.0029062447051326173,-3022.9807470953942,1037144.3326785819,14,False,
2020-02-20,1037144.3326785819,-0.0050810926142159304,-5269.826408649053,0.0,0.0,0.0,-0.0050810926142159304,-5269.826408649053,1031874.5062699328,14,False,
2020-02-21,1031874.5062699328,-0.0029680145271376115,-3062.618524792111,0.0,0.0,0.0,-0.0029680145271376115,-3062.618524792111,1028811.8877451407,14,False,
2020-02-24,1028811.8877451407,-0.016799786743840507,-17283.82031364634,0.0,0.0,0.0,-0.016799786743840507,-17283.82031364634,1011528.0674314944,14,False,
2020-02-25,1011528.0674314944,-0.02520042911106237,-25490.94135715729,0.0,0.0,0.0,-0.02520042911106237,-25490.94135715729,986037.126074337,14,False,
2020-02-26,986037.126074337,-0.008855977975390793,-8732.323071431963,0.0,0.0,0.0,-0.008855977975390793,-8732.323071431963,977304.8030029051,14,False,
2020-02-27,977304.8030029051,-0.046111625319829666,-45065.1128993399,0.0,0.0,0.0,-0.046111625319829666,-45065.1128993399,932239.6901035652,14,False,
2020-02-28,932239.6901035652,-0.024306491676584333,-22659.476268083865,0.0,0.0,0.0,-0.024306491676584333,-22659.476268083865,909580.2138354813,14,False,
2020-03-02,909580.2138354813,0.041569593654283116,37810.879885116905,0.9065319794466888,0.0009065319794466888,824.5635517138214,0.04066306167483643,36986.31633340308,946566.5301688844,14,True,2020-02-28
2020-03-03,946566.5301688844,-0.03093125288398165,-29278.488716166812,0.0,0.0,0.0,-0.03093125288398165,-29278.488716166812,917288.0414527176,14,False,
2020-03-04,917288.0414527176,0.039934343164656924,36631.29542820887,0.0,0.0,0.0,0.039934343164656924,36631.29542820887,953919.3368809265,14,False,
2020-03-05,953919.3368809265,-0.04656395899556971,-44418.26088760451,0.0,0.0,0.0,-0.04656395899556971,-44418.26088760451,909501.075993322,14,False,
2020-03-06,909501.075993322,-0.027566480693611773,-25071.743852189044,0.0,0.0,0.0,-0.027566480693611773,-25071.743852189044,884429.3321411329,14,False,
2020-03-09,884429.3321411329,-0.08872531018524735,-78471.26683115317,0.0,0.0,0.0,-0.08872531018524735,-78471.26683115317,805958.0653099797,14,False,
2020-03-10,805958.0653099797,0.05297782175501039,42697.90272600513,0.0,0.0,0.0,0.05297782175501039,42697.90272600513,848655.9680359849,14,False,
2020-03-11,848655.9680359849,-0.04905064775690511,-41627.12495492842,0.0,0.0,0.0,-0.04905064775690511,-41627.12495492842,807028.8430810565,14,False,
2020-03-12,807028.8430810565,-0.0994218129561442,-80236.27068701824,0.0,0.0,0.0,-0.0994218129561442,-80236.27068701824,726792.5723940382,14,False,
2020-03-13,726792.5723940382,0.08646547239382354,62842.46310437271,0.0,0.0,0.0,0.08646547239382354,62842.46310437271,789635.0354984109,14,False,
2020-03-16,789635.0354984109,-0.09703592312245368,-76622.96459941979,0.754444866545102,0.000754444866545102,595.7360989759355,-0.09779036798899879,-77218.70069839573,712416.3348000152,14,True,2020-03-13
2020-03-17,712416.3348000152,0.08005422972605508,57031.940926674586,0.0,0.0,0.0,0.08005422972605508,57031.940926674586,769448.2757266898,14,False,
2020-03-18,769448.2757266898,-0.04684444697962114,-36044.37895583983,0.0,0.0,0.0,-0.04684444697962114,-36044.37895583983,733403.89677085,14,False,
2020-03-19,733403.89677085,-0.004442449075554862,-3258.109463217996,0.0,0.0,0.0,-0.004442449075554862,-3258.109463217996,730145.787307632,14,False,
2020-03-20,730145.787307632,-0.0679474419195502,-49611.53847588958,0.0,0.0,0.0,-0.0679474419195502,-49611.53847588958,680534.2488317424,14,False,
2020-03-23,680534.2488317424,-0.018998095098746608,-12928.854377259531,0.0,0.0,0.0,-0.018998095098746608,-12928.854377259531,667605.394454483,14,False,
2020-03-24,667605.394454483,0.09778927927623929,65284.65036463332,0.0,0.0,0.0,0.09778927927623929,65284.65036463332,732890.0448191162,14,False,
2020-03-25,732890.0448191162,0.004573156988137965,3351.6212300012876,0.0,0.0,0.0,0.004573156988137965,3351.6212300012876,736241.6660491176,14,False,
2020-03-26,736241.6660491176,0.05493061175075628,40442.20511247404,0.0,0.0,0.0,0.05493061175075628,40442.20511247404,776683.8711615916,14,False,
2020-03-27,776683.8711615916,-0.030976660238057806,-24059.072389352088,0.0,0.0,0.0,-0.030976660238057806,-24059.072389352088,752624.7987722395,14,False,
2020-03-30,752624.7987722395,0.04308980504327927,32430.45584983309,0.8129258255149583,0.0008129258255149583,611.8281358449522,0.04227687921776431,31818.62771398814,784443.4264862277,14,True,2020-03-27
2020-03-31,784443.4264862277,-0.01001504646502188,-7856.237365440546,0.0,0.0,0.0,-0.01001504646502188,-7856.237365440546,776587.1891207871,14,False,
2020-04-01,776587.1891207871,-0.02008450716768465,-15597.370966228522,0.0,0.0,0.0,-0.02008450716768465,-15597.370966228522,760989.8181545585,14,False,
2020-04-02,760989.8181545585,0.02530372256163368,19255.875230811016,0.0,0.0,0.0,0.02530372256163368,19255.875230811016,780245.6933853696,14,False,
2020-04-03,780245.6933853696,-0.002541486058840406,-1982.9835522091828,0.0,0.0,0.0,-0.002541486058840406,-1982.9835522091828,778262.7098331604,14,False,
2020-04-06,778262.7098331604,0.0426708432588774,33209.12610551997,0.0,0.0,0.0,0.0426708432588774,33209.12610551997,811471.8359386803,14,False,
2020-04-07,811471.8359386803,-0.011849616332922419,-9615.629920845528,0.0,0.0,0.0,-0.011849616332922419,-9615.629920845528,801856.2060178348,14,False,
2020-04-08,801856.2060178348,0.02046118004519755,16406.924201689937,0.0,0.0,0.0,0.02046118004519755,16406.924201689937,818263.1302195247,14,False,
2020-04-09,818263.1302195247,0.02622242821019985,21456.846189234897,0.0,0.0,0.0,0.02622242821019985,21456.846189234897,839719.9764087596,14,False,
2020-04-13,839719.9764087596,-0.010282936685049824,-8634.787350582807,0.0,0.0,0.0,-0.010282936685049824,-8634.787350582807,831085.1890581768,14,False,
2020-04-14,831085.1890581768,0.026794125767665402,22268.20107926877,0.6345895074299773,0.0006345895074299773,527.397940756778,0.026159536260235424,21740.80313851199,852825.9921966888,14,True,2020-04-13
2020-04-15,852825.9921966888,-0.013670205739653265,-11658.306773452665,0.0,0.0,0.0,-0.013670205739653265,-11658.306773452665,841167.6854232361,14,False,
2020-04-16,841167.6854232361,0.014597843514693514,12279.234241425342,0.0,0.0,0.0,0.014597843514693514,12279.234241425342,853446.9196646614,14,False,
2020-04-17,853446.9196646614,0.0296574518592272,25311.06093436044,0.0,0.0,0.0,0.0296574518592272,25311.06093436044,878757.9805990219,14,False,
2020-04-20,878757.9805990219,-0.0052649556773544754,-4626.6218189753745,0.0,0.0,0.0,-0.0052649556773544754,-4626.6218189753745,874131.3587800465,14,False,
2020-04-21,874131.3587800465,-0.026880382320078607,-23496.98512197745,0.0,0.0,0.0,-0.026880382320078607,-23496.98512197745,850634.3736580691,14,False,
2020-04-22,850634.3736580691,0.014319208930652944,12180.411320004996,0.0,0.0,0.0,0.014319208930652944,12180.411320004996,862814.784978074,14,False,
2020-04-23,862814.784978074,-0.016138487553480338,-13924.525668327462,0.0,0.0,0.0,-0.016138487553480338,-13924.525668327462,848890.2593097466,14,False,
2020-04-24,848890.2593097466,0.01501890231272026,12749.399878792854,0.0,0.0,0.0,0.01501890231272026,12749.399878792854,861639.6591885394,14,False,
2020-04-27,861639.6591885394,0.012371166368307842,10659.48757335349,0.0,0.0,0.0,0.012371166368307842,10659.48757335349,872299.1467618928,14,False,
2020-04-28,872299.1467618928,-0.02575651619313256,-22467.387098828407,0.7313161702389429,0.0007313161702389429,637.926471312605,-0.026487832363371502,-23105.313570141014,849193.8331917519,14,True,2020-04-27
2020-04-29,849193.8331917519,0.004399866043344221,3736.339110877706,0.0,0.0,0.0,0.004399866043344221,3736.339110877706,852930.1723026296,14,False,
2020-04-30,852930.1723026296,0.0012911546967982416,1101.2647980094737,0.0,0.0,0.0,0.0012911546967982416,1101.2647980094737,854031.437100639,14,False,
2020-05-01,854031.437100639,-0.017404508078471655,-14863.997046286828,0.0,0.0,0.0,-0.017404508078471655,-14863.997046286828,839167.4400543522,14,False,
2020-05-04,839167.4400543522,0.020043816317812414,16820.118028338296,0.0,0.0,0.0,0.020043816317812414,16820.118028338296,855987.5580826905,14,False,
2020-05-05,855987.5580826905,0.019472121079365655,16667.89337341669,0.0,0.0,0.0,0.019472121079365655,16667.89337341669,872655.4514561072,14,False,
2020-05-06,872655.4514561072,-0.01021546799552848,-8914.58383547332,0.0,0.0,0.0,-0.01021546799552848,-8914.58383547332,863740.8676206339,14,False,
2020-05-07,863740.8676206339,0.008461166118612324,7308.254964372521,0.0,0.0,0.0,0.008461166118612324,7308.254964372521,871049.1225850064,14,False,
2020-05-08,871049.1225850064,0.007944275342041849,6919.854066259254,0.0,0.0,0.0,0.007944275342041849,6919.854066259254,877968.9766512656,14,False,
2020-05-11,877968.9766512656,0.013235470865254041,11620.332811064733,0.0,0.0,0.0,0.013235470865254041,11620.332811064733,889589.3094623304,14,False,
2020-05-12,889589.3094623304,-0.01904385994747064,-16941.214220167738,0.42480782680071094,0.00042480782680071093,377.9045012978377,-0.01946866777427135,-17319.118721465577,872270.1907408648,14,True,2020-05-11
2020-05-13,872270.1907408648,-0.0032599018340321254,-2843.515194567697,0.0,0.0,0.0,-0.0032599018340321254,-2843.515194567697,869426.6755462971,14,False,
2020-05-14,869426.6755462971,0.007518069952823064,6536.4105656074635,0.0,0.0,0.0,0.007518069952823064,6536.4105656074635,875963.0861119046,14,False,
2020-05-15,875963.0861119046,0.010811886490145355,9470.813456599333,0.0,0.0,0.0,0.010811886490145355,9470.813456599333,885433.899568504,14,False,
2020-05-18,885433.899568504,0.006019765219536233,5330.104192820818,0.0,0.0,0.0,0.006019765219536233,5330.104192820818,890764.0037613248,14,False,
2020-05-19,890764.0037613248,-0.00392305466442973,-3494.5158798619664,0.0,0.0,0.0,-0.00392305466442973,-3494.5158798619664,887269.4878814628,14,False,
2020-05-20,887269.4878814628,0.01086333307918981,9638.703977858497,0.0,0.0,0.0,0.01086333307918981,9638.703977858497,896908.1918593213,14,False,
2020-05-21,896908.1918593213,-0.01516227175092758,-13599.165740604121,0.0,0.0,0.0,-0.01516227175092758,-13599.165740604121,883309.0261187172,14,False,
2020-05-22,883309.0261187172,0.0036155783858443508,3193.673022856057,0.0,0.0,0.0,0.0036155783858443508,3193.673022856057,886502.6991415732,14,False,
2020-05-26,886502.6991415732,-0.009543782782799427,-8460.589196972565,0.0,0.0,0.0,-0.009543782782799427,-8460.589196972565,878042.1099446006,14,False,
2020-05-27,878042.1099446006,-0.0014858758228775749,-1304.6615426350954,0.8489658876961533,0.0008489658876961534,745.4277993037214,-0.002334841710573728,-2050.0893419388167,875992.0206026618,14,True,2020-05-26
2020-05-28,875992.0206026618,-0.0028958809633351434,-2536.768616496735,0.0,0.0,0.0,-0.0028958809633351434,-2536.768616496735,873455.2519861651,14,False,
2020-05-29,873455.2519861651,0.01848298278292055,16144.058384111819,0.0,0.0,0.0,0.01848298278292055,16144.058384111819,889599.3103702769,14,False,
2020-06-01,889599.3103702769,0.007899194416453943,7027.117905358169,0.0,0.0,0.0,0.007899194416453943,7027.117905358169,896626.4282756351,14,False,
2020-06-02,896626.4282756351,0.00326865318466956,2930.7608302420476,0.0,0.0,0.0,0.00326865318466956,2930.7608302420476,899557.1891058772,14,False,
2020-06-03,899557.1891058772,-0.0022103889022078984,-1988.3712277009627,0.0,0.0,0.0,-0.0022103889022078984,-1988.3712277009627,897568.8178781762,14,False,
2020-06-04,897568.8178781762,-0.009626872165402225,-8640.780269364393,0.0,0.0,0.0,-0.009626872165402225,-8640.780269364393,888928.0376088119,14,False,
2020-06-05,888928.0376088119,0.01753957713824547,15591.421885988928,0.0,0.0,0.0,0.01753957713824547,15591.421885988928,904519.4594948008,14,False,
2020-06-08,904519.4594948008,0.003422249769073663,3095.4915113787165,0.0,0.0,0.0,0.003422249769073663,3095.4915113787165,907614.9510061794,14,False,
2020-06-09,907614.9510061794,-0.0016635768480229522,-1509.8872194133662,0.0,0.0,0.0,-0.0016635768480229522,-1509.8872194133662,906105.063786766,14,False,
2020-06-10,906105.063786766,-0.0034834282014209964,-3156.3519326451915,0.5709935952541018,0.0005709935952541018,517.3801880495528,-0.004054421796675098,-3673.7321206947445,902431.3316660713,14,True,2020-06-09
2020-06-11,902431.3316660713,-0.08052168630541365,-72665.2926005921,0.0,0.0,0.0,-0.08052168630541365,-72665.2926005921,829766.0390654792,14,False,
2020-06-12,829766.0390654792,0.02773212869514076,23011.178582221062,0.0,0.0,0.0,0.02773212869514076,23011.178582221062,852777.2176477002,14,False,
2020-06-15,852777.2176477002,0.018821406452749864,16050.4666269925,0.0,0.0,0.0,0.018821406452749864,16050.4666269925,868827.6842746927,14,False,
2020-06-16,868827.6842746927,0.022819785176864282,19826.461110860953,0.0,0.0,0.0,0.022819785176864282,19826.461110860953,888654.1453855536,14,False,
2020-06-17,888654.1453855536,-0.012242203318023222,-10879.084727214115,0.0,0.0,0.0,-0.012242203318023222,-10879.084727214115,877775.0606583395,14,False,
2020-06-18,877775.0606583395,0.006769706292879054,5942.279351871054,0.0,0.0,0.0,0.006769706292879054,5942.279351871054,883717.3400102106,14,False,
2020-06-19,883717.3400102106,-0.005534091028708513,-4890.572203264657,0.0,0.0,0.0,-0.005534091028708513,-4890.572203264657,878826.767806946,14,False,
2020-06-22,878826.767806946,0.008564232018901462,7526.476343919927,0.0,0.0,0.0,0.008564232018901462,7526.476343919927,886353.2441508658,14,False,
2020-06-23,886353.2441508658,0.0019198187699123192,1701.6375948935088,0.0,0.0,0.0,0.0019198187699123192,1701.6375948935088,888054.8817457593,14,False,
2020-06-24,888054.8817457593,-0.049398631458216116,-43868.69581802846,0.7906560450791693,0.0007906560450791693,702.1459606143513,-0.050189287503295286,-44570.84177864281,843484.0399671164,14,True,2020-06-23
2020-06-25,843484.0399671164,0.012352810001260137,10419.398084809101,0.0,0.0,0.0,0.012352810001260137,10419.398084809101,853903.4380519255,14,False,
2020-06-26,853903.4380519255,-0.028117463702097847,-24009.59892452157,0.0,0.0,0.0,-0.028117463702097847,-24009.59892452157,829893.8391274039,14,False,
2020-06-29,829893.8391274039,0.028041310886311833,23271.311145606393,0.0,0.0,0.0,0.028041310886311833,23271.311145606393,853165.1502730104,14,False,
2020-06-30,853165.1502730104,0.011297370961812972,9638.523194325107,0.0,0.0,0.0,0.011297370961812972,9638.523194325107,862803.6734673355,14,False,
2020-07-01,862803.6734673355,-0.004847454528525118,-4182.401574177343,0.0,0.0,0.0,-0.004847454528525118,-4182.401574177343,858621.2718931582,14,False,
2020-07-02,858621.2718931582,0.005276333097641448,4530.371835228868,0.0,0.0,0.0,0.005276333097641448,4530.371835228868,863151.6437283871,14,False,
2020-07-06,863151.6437283871,0.015671408582908813,13526.802077876895,0.0,0.0,0.0,0.015671408582908813,13526.802077876895,876678.445806264,14,False,
2020-07-07,876678.445806264,-0.03724702043669144,-32653.6599873528,0.0,0.0,0.0,-0.03724702043669144,-32653.6599873528,844024.7858189112,14,False,
2020-07-08,844024.7858189112,0.006557758872393241,5534.91102772377,0.0,0.0,0.0,0.006557758872393241,5534.91102772377,849559.696846635,14,False,
2020-07-09,849559.696846635,-0.0063167264010783215,-5366.436166363234,0.7843003104777369,0.0007843003104777369,666.3099340061879,-0.007101026711556059,-6032.7461003694225,843526.9507462656,14,True,2020-07-08
2020-07-10,843526.9507462656,0.00897285435650754,7568.844474835149,0.0,0.0,0.0,0.00897285435650754,7568.844474835149,851095.7952211008,14,False,
2020-07-13,851095.7952211008,-0.022351202250965617,-19023.01425393324,0.0,0.0,0.0,-0.022351202250965617,-19023.01425393324,832072.7809671676,14,False,
2020-07-14,832072.7809671676,0.023978770342793818,19952.082123301494,0.0,0.0,0.0,0.023978770342793818,19952.082123301494,852024.863090469,14,False,
2020-07-15,852024.863090469,0.014517332685589732,12369.128393878382,0.0,0.0,0.0,0.014517332685589732,12369.128393878382,864393.9914843474,14,False,
2020-07-16,864393.9914843474,0.002203430918940731,1904.6324469832018,0.0,0.0,0.0,0.002203430918940731,1904.6324469832018,866298.6239313306,14,False,
2020-07-17,866298.6239313306,0.003284824950057175,2845.6393340898326,0.0,0.0,0.0,0.003284824950057175,2845.6393340898326,869144.2632654204,14,False,
2020-07-20,869144.2632654204,0.002530540565864397,2199.4048157814714,0.0,0.0,0.0,0.002530540565864397,2199.4048157814714,871343.668081202,14,False,
2020-07-21,871343.668081202,0.003996754740924897,3482.5469363784337,0.0,0.0,0.0,0.003996754740924897,3482.5469363784337,874826.2150175804,14,False,
2020-07-22,874826.2150175804,0.005060381136118606,4426.954075857004,0.0,0.0,0.0,0.005060381136118606,4426.954075857004,879253.1690934374,14,False,
2020-07-23,879253.1690934374,-0.011758117481378661,-10338.362058075134,0.5436679474639985,0.0005436679474639985,478.02176574224507,-0.01230178542884266,-10816.38382381738,868436.78526962,14,True,2020-07-22
2020-07-24,868436.78526962,-0.006076109436070681,-5276.716945607626,0.0,0.0,0.0,-0.006076109436070681,-5276.716945607626,863160.0683240123,14,False,
2020-07-27,863160.0683240123,0.015893880256407172,13718.962768054085,0.0,0.0,0.0,0.015893880256407172,13718.962768054085,876879.0310920664,14,False,
2020-07-28,876879.0310920664,-0.012365928183709324,-10843.42312428511,0.0,0.0,0.0,-0.012365928183709324,-10843.42312428511,866035.6079677814,14,False,
2020-07-29,866035.6079677814,0.018147628988117434,15716.492903898015,0.0,0.0,0.0,0.018147628988117434,15716.492903898015,881752.1008716794,14,False,
2020-07-30,881752.1008716794,0.004291852578240388,3784.350027494996,0.0,0.0,0.0,0.004291852578240388,3784.350027494996,885536.4508991743,14,False,
2020-07-31,885536.4508991743,0.01039987251387737,9209.46619574284,0.0,0.0,0.0,0.01039987251387737,9209.46619574284,894745.9170949172,14,False,
2020-08-03,894745.9170949172,0.008621583245755815,7714.12640803396,0.0,0.0,0.0,0.008621583245755815,7714.12640803396,902460.0435029512,14,False,
2020-08-04,902460.0435029512,0.007452448007223156,6725.536552802091,0.0,0.0,0.0,0.007452448007223156,6725.536552802091,909185.5800557532,14,False,
2020-08-05,909185.5800557532,0.014208786432856712,12918.423734845146,0.0,0.0,0.0,0.014208786432856712,12918.423734845146,922104.0037905984,14,False,
2020-08-06,922104.0037905984,-0.0029168313953578245,-2689.6219080415676,0.7796397776643532,0.0007796397776643532,718.908960498712,-0.003696471173022178,-3408.53086854028,918695.4729220581,14,True,2020-08-05
2020-08-07,918695.4729220581,0.00559700010545524,5141.93865882601,0.0,0.0,0.0,0.00559700010545524,5141.93865882601,923837.4115808841,14,False,
2020-08-10,923837.4115808841,0.014074649999008086,13002.688223990524,0.0,0.0,0.0,0.014074649999008086,13002.688223990524,936840.0998048746,14,False,
2020-08-11,936840.0998048746,-0.0023664828563673785,-2217.0160353457395,0.0,0.0,0.0,-0.0023664828563673785,-2217.0160353457395,934623.0837695289,14,False,
2020-08-12,934623.0837695289,0.012430253202551911,11617.60158020513,0.0,0.0,0.0,0.012430253202551911,11617.60158020513,946240.685349734,14,False,
2020-08-13,946240.685349734,0.0025896109862762204,2450.3952744432113,0.0,0.0,0.0,0.0025896109862762204,2450.3952744432113,948691.0806241772,14,False,
2020-08-14,948691.0806241772,-0.004245061858763978,-4027.2523221072765,0.0,0.0,0.0,-0.004245061858763978,-4027.2523221072765,944663.8283020699,14,False,
2020-08-17,944663.8283020699,0.007873592969933308,7437.898477469463,0.0,0.0,0.0,0.007873592969933308,7437.898477469463,952101.7267795394,14,False,
2020-08-18,952101.7267795394,-0.0038047021631032133,-3622.463499372418,0.0,0.0,0.0,-0.0038047021631032133,-3622.463499372418,948479.2632801669,14,False,
2020-08-19,948479.2632801669,0.003657164473158476,3468.744665195751,0.0,0.0,0.0,0.003657164473158476,3468.744665195751,951948.0079453626,14,False,
2020-08-20,951948.0079453626,0.001972564094215779,1877.7784600332593,0.8357563727671702,0.0008357563727671702,795.5966141833495,0.0011368077214486086,1082.1818458499097,953030.1897912126,14,True,2020-08-19
2020-08-21,953030.1897912126,3.5863685083505894e-05,34.1791746017459,0.0,0.0,0.0,3.5863685083505894e-05,34.1791746017459,953064.3689658144,14,False,
2020-08-24,953064.3689658144,0.01204311927672378,11477.867873850784,0.0,0.0,0.0,0.01204311927672378,11477.867873850784,964542.2368396651,14,False,
2020-08-25,964542.2368396651,0.001064998635493249,1027.2361661098494,0.0,0.0,0.0,0.001064998635493249,1027.2361661098494,965569.4730057749,14,False,
2020-08-26,965569.4730057749,-0.003027195007050249,-2922.967087643222,0.0,0.0,0.0,-0.003027195007050249,-2922.967087643222,962646.5059181317,14,False,
2020-08-27,962646.5059181317,0.002670200947711508,2570.459612413767,0.0,0.0,0.0,0.002670200947711508,2570.459612413767,965216.9655305455,14,False,
2020-08-28,965216.9655305455,0.009379176701821125,9052.940475306576,0.0,0.0,0.0,0.009379176701821125,9052.940475306576,974269.906005852,14,False,
2020-08-31,974269.906005852,-0.0017734596117899354,-1727.8283292837552,0.0,0.0,0.0,-0.0017734596117899354,-1727.8283292837552,972542.0776765683,14,False,
2020-09-01,972542.0776765683,0.011171353828616977,10864.611662943242,0.0,0.0,0.0,0.011171353828616977,10864.611662943242,983406.6893395116,14,False,
2020-09-02,983406.6893395116,0.009365803199266661,9210.393517196233,0.0,0.0,0.0,0.009365803199266661,9210.393517196233,992617.0828567077,14,False,
2020-09-03,992617.0828567077,-0.03609849211076437,-35831.97993451281,0.5816090886775345,0.0005816090886775345,577.3151169660425,-0.03668010119944191,-36409.29505147885,956207.7878052288,14,True,2020-09-02
2020-09-04,956207.7878052288,-0.005325398826450139,-5092.187831020449,0.0,0.0,0.0,-0.005325398826450139,-5092.187831020449,951115.5999742084,14,False,
2020-09-08,951115.5999742084,-0.02819731211127689,-26818.903426377132,0.0,0.0,0.0,-0.02819731211127689,-26818.903426377132,924296.6965478313,14,False,
2020-09-09,924296.6965478313,0.021301515024267102,19688.91996839408,0.0,0.0,0.0,0.021301515024267102,19688.91996839408,943985.6165162254,14,False,
2020-09-10,943985.6165162254,-0.017542694877473425,-16560.05163926778,0.0,0.0,0.0,-0.017542694877473425,-16560.05163926778,927425.5648769576,14,False,
2020-09-11,927425.5648769576,0.006162632712166792,5715.383124210504,0.0,0.0,0.0,0.006162632712166792,5715.383124210504,933140.9480011681,14,False,
2020-09-14,933140.9480011681,0.01332818548377415,12437.075637464417,0.0,0.0,0.0,0.01332818548377415,12437.075637464417,945578.0236386325,14,False,
2020-09-15,945578.0236386325,0.004246531163406136,4015.426544813437,0.0,0.0,0.0,0.004246531163406136,4015.426544813437,949593.4501834459,14,False,
2020-09-16,949593.4501834459,-0.0006624604913161311,-629.0681435591057,0.0,0.0,0.0,-0.0006624604913161311,-629.0681435591057,948964.3820398868,14,False,
2020-09-17,948964.3820398868,-0.004044269157349333,-3837.8673817069835,0.0,0.0,0.0,-0.004044269157349333,-3837.8673817069835,945126.5146581798,14,False,
2020-09-18,945126.5146581798,-0.005704664565567094,-5391.629738148447,0.6788588823949859,0.0006788588823949859,641.6075294627202,-0.00638352344796208,-6033.237267611167,939093.2773905686,14,True,2020-09-17
2020-09-21,939093.2773905686,-0.011670489279623067,-10959.678026352722,0.0,0.0,0.0,-0.011670489279623067,-10959.678026352722,928133.5993642159,14,False,
2020-09-22,928133.5993642159,0.01626158258559248,15092.921176524402,0.0,0.0,0.0,0.01626158258559248,15092.921176524402,943226.5205407402,14,False,
2020-09-23,943226.5205407402,-0.026233836011429174,-24744.44986149671,0.0,0.0,0.0,-0.026233836011429174,-24744.44986149671,918482.0706792435,14,False,
2020-09-24,918482.0706792435,0.004685235581871277,4303.304878857201,0.0,0.0,0.0,0.004685235581871277,4303.304878857201,922785.3755581008,14,False,
2020-09-25,922785.3755581008,0.016004626045535784,14768.8348560967,0.0,0.0,0.0,0.016004626045535784,14768.8348560967,937554.2104141974,14,False,
2020-09-28,937554.2104141974,0.017567007294407806,16470.021653248958,0.0,0.0,0.0,0.017567007294407806,16470.021653248958,954024.2320674463,14,False,
2020-09-29,954024.2320674463,0.00027628284469055544,263.5805287393167,0.0,0.0,0.0,0.00027628284469055544,263.5805287393167,954287.8125961857,14,False,
2020-09-30,954287.8125961857,0.005367613495779525,5122.248141749209,0.0,0.0,0.0,0.005367613495779525,5122.248141749209,959410.0607379349,14,False,
2020-10-01,959410.0607379349,0.003742216436836743,3590.3200989600377,0.0,0.0,0.0,0.003742216436836743,3590.3200989600377,963000.380836895,14,False,
2020-10-02,963000.380836895,0.017054081593569765,16423.087069431163,0.6431023574128464,0.0006431023574128464,619.307815105676,0.01641097923615692,15803.77925432549,978804.1600912204,14,True,2020-10-01
2020-10-05,978804.1600912204,0.017629178200152654,17255.51296129887,0.0,0.0,0.0,0.017629178200152654,17255.51296129887,996059.6730525193,14,False,
2020-10-06,996059.6730525193,-0.006309253022375109,-6284.39250267257,0.0,0.0,0.0,-0.006309253022375109,-6284.39250267257,989775.2805498467,14,False,
2020-10-07,989775.2805498467,0.030052529306154027,29745.250625231092,0.0,0.0,0.0,0.030052529306154027,29745.250625231092,1019520.5311750778,14,False,
2020-10-08,1019520.5311750778,0.020006673329277247,20397.214219711,0.0,0.0,0.0,0.020006673329277247,20397.214219711,1039917.7453947888,14,False,
2020-10-09,1039917.7453947888,0.002367585003266607,2462.093658627524,0.0,0.0,0.0,0.002367585003266607,2462.093658627524,1042379.8390534163,14,False,
2020-10-12,1042379.8390534163,0.001068883967326478,1114.1830978285514,0.0,0.0,0.0,0.001068883967326478,1114.1830978285514,1043494.0221512448,14,False,
2020-10-13,1043494.0221512448,-0.012792744997342153,-13349.15293163178,0.0,0.0,0.0,-0.012792744997342153,-13349.15293163178,1030144.869219613,14,False,
2020-10-14,1030144.869219613,0.0054037996224451,5566.696455352701,0.0,0.0,0.0,0.0054037996224451,5566.696455352701,1035711.5656749657,14,False,
2020-10-15,1035711.5656749657,0.009427730006772125,9764.409006074813,0.0,0.0,0.0,0.009427730006772125,9764.409006074813,1045475.9746810405,14,False,
2020-10-16,1045475.9746810405,-0.004630839868104439,-4841.431824698309,0.5963532350322491,0.0005963532350322492,623.4729796495324,-0.005227193103136688,-5464.9048043478415,1040011.0698766926,14,True,2020-10-15
2020-10-19,1040011.0698766926,-0.007386216480037677,-7681.746903744844,0.0,0.0,0.0,-0.007386216480037677,-7681.746903744844,1032329.3229729477,14,False,
2020-10-20,1032329.3229729477,0.0017574707595732924,1814.2885993750492,0.0,0.0,0.0,0.0017574707595732924,1814.2885993750492,1034143.6115723228,14,False,
2020-10-21,1034143.6115723228,-0.014947788057931167,-15458.159527246573,0.0,0.0,0.0,-0.014947788057931167,-15458.159527246573,1018685.4520450762,14,False,
2020-10-22,1018685.4520450762,0.004821697200913662,4911.792792737213,0.0,0.0,0.0,0.004821697200913662,4911.792792737213,1023597.2448378134,14,False,
2020-10-23,1023597.2448378134,0.0038574415140741176,3948.46650592927,0.0,0.0,0.0,0.0038574415140741176,3948.46650592927,1027545.7113437427,14,False,
2020-10-26,1027545.7113437427,-0.02214576441539437,-22755.78524946735,0.0,0.0,0.0,-0.02214576441539437,-22755.78524946735,1004789.9260942753,14,False,
2020-10-27,1004789.9260942753,-0.007921025777176533,-7958.966905240059,0.0,0.0,0.0,-0.007921025777176533,-7958.966905240059,996830.9591890352,14,False,
2020-10-28,996830.9591890352,-0.02714055467765113,-27054.545152245435,0.0,0.0,0.0,-0.02714055467765113,-27054.545152245435,969776.4140367898,14,False,
2020-10-29,969776.4140367898,0.017281664240408397,16759.350375651076,0.0,0.0,0.0,0.017281664240408397,16759.350375651076,986535.7644124408,14,False,
2020-10-30,986535.7644124408,-0.01740703357009174,-17172.661169223473,0.6293831604670415,0.0006293831604670415,620.9089973196707,-0.018036416730558783,-17793.570166543144,968742.1942458977,14,True,2020-10-29
2020-11-02,968742.1942458977,0.031554039154893875,30567.729128232862,0.0,0.0,0.0,0.031554039154893875,30567.729128232862,999309.9233741305,14,False,
2020-11-03,999309.9233741305,-0.0051115215434597745,-5107.994201920004,0.0,0.0,0.0,-0.0051115215434597745,-5107.994201920004,994201.9291722105,14,False,
2020-11-04,994201.9291722105,-0.012602174554911841,-12529.106254258295,0.0,0.0,0.0,-0.012602174554911841,-12529.106254258295,981672.8229179522,14,False,
2020-11-05,981672.8229179522,0.03542990483792619,34780.57469796142,0.0,0.0,0.0,0.03542990483792619,34780.57469796142,1016453.3976159137,14,False,
2020-11-06,1016453.3976159137,-0.0029167646974757712,-2964.7553867954,0.0,0.0,0.0,-0.0029167646974757712,-2964.7553867954,1013488.6422291183,14,False,
2020-11-09,1013488.6422291183,0.001797136793461429,1821.3777287052148,0.0,0.0,0.0,0.001797136793461429,1821.3777287052148,1015310.0199578234,14,False,
2020-11-10,1015310.0199578234,0.011467748937475241,11643.320402579297,0.0,0.0,0.0,0.011467748937475241,11643.320402579297,1026953.3403604027,14,False,
2020-11-11,1026953.3403604027,0.017034658759766754,17493.79971524206,0.0,0.0,0.0,0.017034658759766754,17493.79971524206,1044447.1400756448,14,False,
2020-11-12,1044447.1400756448,-0.02008681155029915,-20979.612876948377,0.0,0.0,0.0,-0.02008681155029915,-20979.612876948377,1023467.5271986965,14,False,
2020-11-13,1023467.5271986965,0.02085784958366313,21347.331736074066,0.51375716794397,0.00051375716794397,525.8137782562204,0.020344092415719158,20821.517957817843,1044289.0451565144,14,True,2020-11-12
2020-11-16,1044289.0451565144,0.025747882678583422,26888.23181721984,0.0,0.0,0.0,0.025747882678583422,26888.23181721984,1071177.2769737341,14,False,
2020-11-17,1071177.2769737341,0.0031343224357372936,3357.414971870756,0.0,0.0,0.0,0.0031343224357372936,3357.414971870756,1074534.691945605,14,False,
2020-11-18,1074534.691945605,-0.00775173281744515,-8329.50583503806,0.0,0.0,0.0,-0.00775173281744515,-8329.50583503806,1066205.1861105668,14,False,
2020-11-19,1066205.1861105668,0.008689183575619774,9264.45259139256,0.0,0.0,0.0,0.008689183575619774,9264.45259139256,1075469.6387019595,14,False,
2020-11-20,1075469.6387019595,0.0012206153878441086,1312.7347901587557,0.0,0.0,0.0,0.0012206153878441086,1312.7347901587557,1076782.3734921182,14,False,
2020-11-23,1076782.3734921182,0.023075000512691797,24846.753820388116,0.0,0.0,0.0,0.023075000512691797,24846.753820388116,1101629.1273125063,14,False,
2020-11-24,1101629.1273125063,0.029473764041666517,32469.156959835815,0.0,0.0,0.0,0.029473764041666517,32469.156959835815,1134098.2842723422,14,False,
2020-11-25,1134098.2842723422,-0.0010066181015831166,-1141.6038619228948,0.0,0.0,0.0,-0.0010066181015831166,-1141.6038619228948,1132956.6804104194,14,False,
2020-11-27,1132956.6804104194,0.004577346000893235,5185.934730261907,0.0,0.0,0.0,0.004577346000893235,5185.934730261907,1138142.6151406812,14,False,
2020-11-30,1138142.6151406812,-0.015593156711242435,-17747.236157631927,0.8027756727556844,0.0008027756727556844,913.6732035614743,-0.01639593238399812,-18660.909361193404,1119481.7057794877,14,True,2020-11-27
2020-12-01,1119481.7057794877,0.011396480204687772,12758.151099426033,0.0,0.0,0.0,0.011396480204687772,12758.151099426033,1132239.8568789137,14,False,
2020-12-02,1132239.8568789137,0.008808993653656103,9973.893713662845,0.0,0.0,0.0,0.008808993653656103,9973.893713662845,1142213.7505925766,14,False,
2020-12-03,1142213.7505925766,0.014794401851157591,16898.36922618447,0.0,0.0,0.0,0.014794401851157591,16898.36922618447,1159112.119818761,14,False,
2020-12-04,1159112.119818761,0.021614169525554505,25053.245856887548,0.0,0.0,0.0,0.021614169525554505,25053.245856887548,1184165.3656756487,14,False,
2020-12-07,1184165.3656756487,0.0001460420988051239,172.93799533560875,0.0,0.0,0.0,0.0001460420988051239,172.93799533560875,1184338.3036709842,14,False,
2020-12-08,1184338.3036709842,0.004890598586788461,5792.123234212759,0.0,0.0,0.0,0.004890598586788461,5792.123234212759,1190130.426905197,14,False,
2020-12-09,1190130.426905197,0.00022829910981376957,271.7057170247381,0.0,0.0,0.0,0.00022829910981376957,271.7057170247381,1190402.1326222217,14,False,
2020-12-10,1190402.1326222217,-0.0007593683379394905,-903.9536889289615,0.0,0.0,0.0,-0.0007593683379394905,-903.9536889289615,1189498.1789332929,14,False,
2020-12-11,1189498.1789332929,-0.006347301536593364,-7550.103618918298,0.0,0.0,0.0,-0.006347301536593364,-7550.103618918298,1181948.0753143746,14,False,
2020-12-14,1181948.0753143746,-0.022902193789117127,-27069.20386952381,0.3814769667015155,0.0003814769667015155,450.88596656962204,-0.023283670755818643,-27520.089836093437,1154427.9854782813,14,True,2020-12-11
2020-12-15,1154427.9854782813,0.02161357195163899,24951.312327120486,0.0,0.0,0.0,0.02161357195163899,24951.312327120486,1179379.2978054017,14,False,
2020-12-16,1179379.2978054017,-0.0036020115456809445,-4248.137847432142,0.0,0.0,0.0,-0.0036020115456809445,-4248.137847432142,1175131.1599579696,14,False,
2020-12-17,1175131.1599579696,0.0030418579725733468,3574.5820877375145,0.0,0.0,0.0,0.0030418579725733468,3574.5820877375145,1178705.742045707,14,False,
2020-12-18,1178705.742045707,-0.01298572472898563,-15306.348302680295,0.0,0.0,0.0,-0.01298572472898563,-15306.348302680295,1163399.3937430268,14,False,
2020-12-21,1163399.3937430268,-0.002076270481253923,-2415.5318191373563,0.0,0.0,0.0,-0.002076270481253923,-2415.5318191373563,1160983.8619238895,14,False,
2020-12-22,1160983.8619238895,-0.0009038568075076278,-1049.3631670064033,0.0,0.0,0.0,-0.0009038568075076278,-1049.3631670064033,1159934.4987568832,14,False,
2020-12-23,1159934.4987568832,0.01707425964039303,19805.022797624173,0.0,0.0,0.0,0.01707425964039303,19805.022797624173,1179739.5215545073,14,False,
2020-12-24,1179739.5215545073,-0.001388853194034615,-1638.485002639846,0.0,0.0,0.0,-0.001388853194034615,-1638.485002639846,1178101.0365518674,14,False,
2020-12-28,1178101.0365518674,-7.795160307491784e-05,-91.83486438344045,0.0,0.0,0.0,-7.795160307491784e-05,-91.83486438344045,1178009.201687484,14,False,
2020-12-29,1178009.201687484,-0.011222649720500494,-13220.384638065052,0.5297874591394098,0.0005297874591394099,624.0945018048568,-0.011752437179639903,-13844.479139869909,1164164.7225476142,14,True,2020-12-28
2020-12-30,1164164.7225476142,0.02394063406470829,27870.841613555087,0.0,0.0,0.0,0.02394063406470829,27870.841613555087,1192035.5641611693,14,False,
2020-12-31,1192035.5641611693,0.005086860872248003,6063.719069659526,0.0,0.0,0.0,0.005086860872248003,6063.719069659526,1198099.2832308288,14,False,
2021-01-04,1198099.2832308288,-0.018245501194185654,-21859.921902941063,0.0,0.0,0.0,-0.018245501194185654,-21859.921902941063,1176239.3613278877,14,False,
2021-01-05,1176239.3613278877,0.03069109745472777,36100.076868600954,0.0,0.0,0.0,0.03069109745472777,36100.076868600954,1212339.4381964887,14,False,
2021-01-06,1212339.4381964887,0.02791401639801026,33841.26295777133,0.0,0.0,0.0,0.02791401639801026,33841.26295777133,1246180.70115426,14,False,
2021-01-07,1246180.70115426,0.015400119691208459,19191.331954649682,0.0,0.0,0.0,0.015400119691208459,19191.331954649682,1265372.0331089096,14,False,
2021-01-08,1265372.0331089096,-0.0065512702155466375,-8289.794112092093,0.0,0.0,0.0,-0.0065512702155466375,-8289.794112092093,1257082.2389968175,14,False,
2021-01-11,1257082.2389968175,0.0006163757088875404,774.8349561915999,0.0,0.0,0.0,0.0006163757088875404,774.8349561915999,1257857.0739530092,14,False,
2021-01-12,1257857.0739530092,0.019122737309878218,24053.670398575454,0.0,0.0,0.0,0.019122737309878218,24053.670398575454,1281910.7443515847,14,False,
2021-01-13,1281910.7443515847,-0.009052005146581561,-11603.862655328745,0.7668138096742019,0.0007668138096742019,982.9868615385305,-0.009818818956255764,-12586.849516867276,1269323.8948347175,14,True,2021-01-12
2021-01-14,1269323.8948347175,0.006466558014044525,8208.156604561653,0.0,0.0,0.0,0.006466558014044525,8208.156604561653,1277532.0514392792,14,False,
2021-01-15,1277532.0514392792,-0.012894327858970088,-16472.917121600705,0.0,0.0,0.0,-0.012894327858970088,-16472.917121600705,1261059.1343176786,14,False,
2021-01-19,1261059.1343176786,0.003901039950267431,4919.442062622927,0.0,0.0,0.0,0.003901039950267431,4919.442062622927,1265978.5763803015,14,False,
2021-01-20,1265978.5763803015,0.0014699677391206973,1860.947665696991,0.0,0.0,0.0,0.0014699677391206973,1860.947665696991,1267839.5240459985,14,False,
2021-01-21,1267839.5240459985,-0.014014122025377499,-17767.65779857715,0.0,0.0,0.0,-0.014014122025377499,-17767.65779857715,1250071.8662474214,14,False,
2021-01-22,1250071.8662474214,-0.00608535912631943,-7607.136239823907,0.0,0.0,0.0,-0.00608535912631943,-7607.136239823907,1242464.7300075975,14,False,
2021-01-25,1242464.7300075975,-0.0006576682198814205,-817.1295672495464,0.0,0.0,0.0,-0.0006576682198814205,-817.1295672495464,1241647.600440348,14,False,
2021-01-26,1241647.600440348,-0.015763816491560122,-19573.10492052761,0.0,0.0,0.0,-0.015763816491560122,-19573.10492052761,1222074.4955198204,14,False,
2021-01-27,1222074.4955198204,-0.03155138254314377,-38558.139904365285,0.0,0.0,0.0,-0.03155138254314377,-38558.139904365285,1183516.3556154552,14,False,
2021-01-28,1183516.3556154552,0.017576736008378745,20802.354544251353,0.703662475670291,0.0007036624756702911,832.7960487886519,0.016873073532708453,19969.5584954627,1203485.9141109178,14,True,2021-01-27
2021-01-29,1203485.9141109178,-0.03273759912706545,-39399.239411233146,0.0,0.0,0.0,-0.03273759912706545,-39399.239411233146,1164086.6746996846,14,False,
2021-02-01,1164086.6746996846,0.03483123643911714,40546.57820209036,0.0,0.0,0.0,0.03483123643911714,40546.57820209036,1204633.252901775,14,False,
2021-02-02,1204633.252901775,0.01757478079172961,21171.165354176876,0.0,0.0,0.0,0.01757478079172961,21171.165354176876,1225804.418255952,14,False,
2021-02-03,1225804.418255952,0.009514590443711895,11663.027003797899,0.0,0.0,0.0,0.009514590443711895,11663.027003797899,1237467.44525975,14,False,
2021-02-04,1237467.44525975,0.030043128227973566,37177.393135881524,0.0,0.0,0.0,0.030043128227973566,37177.393135881524,1274644.8383956314,14,False,
2021-02-05,1274644.8383956314,0.013257623194134281,16898.760973797467,0.0,0.0,0.0,0.013257623194134281,16898.760973797467,1291543.5993694288,14,False,
2021-02-08,1291543.5993694288,0.018066038683393564,23333.07662749746,0.0,0.0,0.0,0.018066038683393564,23333.07662749746,1314876.6759969264,14,False,
2021-02-09,1314876.6759969264,-0.0008777974518570779,-1154.1953956964066,0.0,0.0,0.0,-0.0008777974518570779,-1154.1953956964066,1313722.48060123,14,False,
2021-02-10,1313722.48060123,-0.005074990320762106,-6667.128873218825,0.0,0.0,0.0,-0.005074990320762106,-6667.128873218825,1307055.3517280112,14,False,
2021-02-11,1307055.3517280112,0.013160015931078474,17200.869251542004,0.7880293685275783,0.0007880293685275783,1029.9980034528164,0.012371986562550895,16170.871248089186,1323226.2229761004,14,True,2021-02-10
2021-02-12,1323226.2229761004,0.015154944403774056,20053.419842818734,0.0,0.0,0.0,0.015154944403774056,20053.419842818734,1343279.6428189192,14,False,
2021-02-16,1343279.6428189192,-0.0012094153843643,-1624.583065528583,0.0,0.0,0.0,-0.0012094153843643,-1624.583065528583,1341655.0597533905,14,False,
2021-02-17,1341655.0597533905,-0.00541303018119218,-7262.419331194301,0.0,0.0,0.0,-0.00541303018119218,-7262.419331194301,1334392.6404221961,14,False,
2021-02-18,1334392.6404221961,-0.025545505203026585,-34087.73413878559,0.0,0.0,0.0,-0.025545505203026585,-34087.73413878559,1300304.9062834105,14,False,
2021-02-19,1300304.9062834105,0.025448725096209462,33091.10210125892,0.0,0.0,0.0,0.025448725096209462,33091.10210125892,1333396.0083846694,14,False,
2021-02-22,1333396.0083846694,0.009391951569521412,12523.190733741982,0.0,0.0,0.0,0.009391951569521412,12523.190733741982,1345919.1991184114,14,False,
2021-02-23,1345919.1991184114,0.006802600024097605,9155.749976356334,0.0,0.0,0.0,0.006802600024097605,9155.749976356334,1355074.9490947677,14,False,
2021-02-24,1355074.9490947677,0.028940079361978593,39215.97656823168,0.0,0.0,0.0,0.028940079361978593,39215.97656823168,1394290.9256629993,14,False,
2021-02-25,1394290.9256629993,-0.0413446632491855,-57646.48879293184,0.0,0.0,0.0,-0.0413446632491855,-57646.48879293184,1336644.4368700674,14,False,
2021-02-26,1336644.4368700674,0.006692441330309135,8945.414473237019,0.6214191478726517,0.0006214191478726517,830.6164469685177,0.006071022182436483,8114.7980262685005,1344759.234896336,14,True,2021-02-25
2021-03-01,1344759.234896336,0.028143055914360823,37845.63433904066,0.0,0.0,0.0,0.028143055914360823,37845.63433904066,1382604.8692353766,14,False,
2021-03-02,1382604.8692353766,-0.011483555669531496,-15877.21998482976,0.0,0.0,0.0,-0.011483555669531496,-15877.21998482976,1366727.649250547,14,False,
2021-03-03,1366727.649250547,-0.008390631996437505,-11467.708744217454,0.0,0.0,0.0,-0.008390631996437505,-11467.708744217454,1355259.9405063295,14,False,
2021-03-04,1355259.9405063295,-0.025395399244398237,-34417.36726909764,0.0,0.0,0.0,-0.025395399244398237,-34417.36726909764,1320842.573237232,14,False,
2021-03-05,1320842.573237232,0.03482141470598273,45993.60700401102,0.0,0.0,0.0,0.03482141470598273,45993.60700401102,1366836.180241243,14,False,
2021-03-08,1366836.180241243,-0.002641776551619488,-3610.875770866464,0.0,0.0,0.0,-0.002641776551619488,-3610.875770866464,1363225.3044703766,14,False,
2021-03-09,1363225.3044703766,0.005401007791756813,7362.790491364558,0.0,0.0,0.0,0.005401007791756813,7362.790491364558,1370588.0949617412,14,False,
2021-03-10,1370588.0949617412,0.003540988667972072,4853.236912716956,0.0,0.0,0.0,0.003540988667972072,4853.236912716956,1375441.3318744581,14,False,
2021-03-11,1375441.3318744581,0.04068529628679837,55960.2381124209,0.0,0.0,0.0,0.04068529628679837,55960.2381124209,1431401.5699868791,14,False,
2021-03-12,1431401.5699868791,0.0044797016374946135,6412.251956982583,0.4425196400069795,0.00044251964000697954,633.4233074560191,0.004037181997487634,5778.828649526564,1437180.3986364056,14,True,2021-03-11
2021-03-15,1437180.3986364056,0.009586834582242007,13778.010746567847,0.0,0.0,0.0,0.009586834582242007,13778.010746567847,1450958.4093829733,14,False,
2021-03-16,1450958.4093829733,-0.014567964350105031,-21137.510381376258,0.0,0.0,0.0,-0.014567964350105031,-21137.510381376258,1429820.899001597,14,False,
2021-03-17,1429820.899001597,0.0058395143549866725,8349.459664779775,0.0,0.0,0.0,0.0058395143549866725,8349.459664779775,1438170.3586663767,14,False,
2021-03-18,1438170.3586663767,-0.016736529298346476,-24069.980343833275,0.0,0.0,0.0,-0.016736529298346476,-24069.980343833275,1414100.3783225433,14,False,
2021-03-19,1414100.3783225433,-0.0013687660068738279,-1935.572528155317,0.0,0.0,0.0,-0.0013687660068738279,-1935.572528155317,1412164.805794388,14,False,
2021-03-22,1412164.805794388,6.126490271757224e-05,86.51613944817248,0.0,0.0,0.0,6.126490271757224e-05,86.51613944817248,1412251.3219338362,14,False,
2021-03-23,1412251.3219338362,-0.04542050363193989,-64145.16629710772,0.0,0.0,0.0,-0.04542050363193989,-64145.16629710772,1348106.1556367285,14,False,
2021-03-24,1348106.1556367285,-0.024102583131244762,-32492.840685977037,0.0,0.0,0.0,-0.024102583131244762,-32492.840685977037,1315613.3149507514,14,False,
2021-03-25,1315613.3149507514,0.002900793681303175,3816.3227910474634,0.0,0.0,0.0,0.002900793681303175,3816.3227910474634,1319429.6377417988,14,False,
2021-03-26,1319429.6377417988,0.015628568417636192,20620.79636570464,0.4576214779473593,0.00045762147794735933,603.7993408709509,0.015170946939688833,20016.997024833687,1339446.6347666325,14,True,2021-03-25
2021-03-29,1339446.6347666325,-0.022183469245072175,-29713.573227761015,0.0,0.0,0.0,-0.022183469245072175,-29713.573227761015,1309733.0615388714,14,False,
2021-03-30,1309733.0615388714,0.011741775809395838,15378.59197874307,0.0,0.0,0.0,0.011741775809395838,15378.59197874307,1325111.6535176144,14,False,
2021-03-31,1325111.6535176144,0.0017440151895864483,2311.0148516327345,0.0,0.0,0.0,0.0017440151895864483,2311.0148516327345,1327422.668369247,14,False,
2021-04-01,1327422.668369247,0.022599671706288495,29999.31652063045,0.0,0.0,0.0,0.022599671706288495,29999.31652063045,1357421.9848898775,14,False,
2021-04-05,1357421.9848898775,0.00906370552152192,12303.273139481626,0.0,0.0,0.0,0.00906370552152192,12303.273139481626,1369725.2580293592,14,False,
2021-04-06,1369725.2580293592,0.006264249443206183,8580.300684955859,0.0,0.0,0.0,0.006264249443206183,8580.300684955859,1378305.558714315,14,False,
2021-04-07,1378305.558714315,-0.00604291749787912,-8328.98677817879,0.0,0.0,0.0,-0.00604291749787912,-8328.98677817879,1369976.5719361363,14,False,
2021-04-08,1369976.5719361363,0.0026544802232646484,3636.575716540373,0.0,0.0,0.0,0.0026544802232646484,3636.575716540373,1373613.1476526768,14,False,
2021-04-09,1373613.1476526768,0.0033838352159067117,4648.080542059593,0.0,0.0,0.0,0.0033838352159067117,4648.080542059593,1378261.2281947364,14,False,
2021-04-12,1378261.2281947364,-0.00564618325593167,-7781.915468932939,0.895896292920434,0.0008958962929204341,1234.7791250156288,-0.006542079548852104,-9016.694593948567,1369244.5336007879,14,True,2021-04-09
2021-04-13,1369244.5336007879,-0.006873754285815753,-9411.850481168207,0.0,0.0,0.0,-0.006873754285815753,-9411.850481168207,1359832.6831196197,14,False,
2021-04-14,1359832.6831196197,0.009686671626869604,13172.252668864785,0.0,0.0,0.0,0.009686671626869604,13172.252668864785,1373004.9357884845,14,False,
2021-04-15,1373004.9357884845,0.002888644092179793,3966.122596299102,0.0,0.0,0.0,0.002888644092179793,3966.122596299102,1376971.0583847836,14,False,
2021-04-16,1376971.0583847836,0.005179106804782221,7131.48017846881,0.0,0.0,0.0,0.005179106804782221,7131.48017846881,1384102.5385632524,14,False,
2021-04-19,1384102.5385632524,-0.004512566885411401,-6245.85528153439,0.0,0.0,0.0,-0.004512566885411401,-6245.85528153439,1377856.683281718,14,False,
2021-04-20,1377856.683281718,-0.0222150417922799,-30609.143802875536,0.0,0.0,0.0,-0.0222150417922799,-30609.143802875536,1347247.5394788426,14,False,
2021-04-21,1347247.5394788426,0.023225215715068442,31290.11472599131,0.0,0.0,0.0,0.023225215715068442,31290.11472599131,1378537.654204834,14,False,
2021-04-22,1378537.654204834,-0.0182805700106018,-25200.454099942242,0.0,0.0,0.0,-0.0182805700106018,-25200.454099942242,1353337.2001048918,14,False,
2021-04-23,1353337.2001048918,0.016505085110183434,22336.94567050859,0.0,0.0,0.0,0.016505085110183434,22336.94567050859,1375674.1457754003,14,False,
2021-04-26,1375674.1457754003,0.013725285597548546,18881.520539931,0.5356359595406576,0.0005356359595406576,736.860541087681,0.013189649638007887,18144.65999884332,1393818.8057742435,14,True,2021-04-23
2021-04-27,1393818.8057742435,0.0013001795591603394,1812.2147204409466,0.0,0.0,0.0,0.0013001795591603394,1812.2147204409466,1395631.0204946846,14,False,
2021-04-28,1395631.0204946846,-0.0028345513691948256,-3955.98782003398,0.0,0.0,0.0,-0.0028345513691948256,-3955.98782003398,1391675.0326746507,14,False,
2021-04-29,1391675.0326746507,0.008209487252144439,11424.93843987024,0.0,0.0,0.0,0.008209487252144439,11424.93843987024,1403099.971114521,14,False,
2021-04-30,1403099.971114521,-0.012930088646597877,-18142.207006549677,0.0,0.0,0.0,-0.012930088646597877,-18142.207006549677,1384957.7641079712,14,False,
2021-05-03,1384957.7641079712,0.008672987903516742,12011.721934990028,0.0,0.0,0.0,0.008672987903516742,12011.721934990028,1396969.4860429612,14,False,
2021-05-04,1396969.4860429612,-0.004995555365106707,-6978.638410892274,0.0,0.0,0.0,-0.004995555365106707,-6978.638410892274,1389990.847632069,14,False,
2021-05-05,1389990.847632069,0.011462730012129505,15933.089805737445,0.0,0.0,0.0,0.011462730012129505,15933.089805737445,1405923.9374378063,14,False,
2021-05-06,1405923.9374378063,0.010934793436413865,15373.487843192062,0.0,0.0,0.0,0.010934793436413865,15373.487843192062,1421297.4252809982,14,False,
2021-05-07,1421297.4252809982,0.023116519572735222,32855.44975018637,0.0,0.0,0.0,0.023116519572735222,32855.44975018637,1454152.8750311846,14,False,
2021-05-10,1454152.8750311846,-0.0164171149856641,-23872.994956120994,0.68616467510376,0.00068616467510376,997.7883350469713,-0.01710327966076786,-24870.78329116797,1429282.0917400166,14,True,2021-05-07
2021-05-11,1429282.0917400166,-0.008787782069003902,-12560.219537341309,0.0,0.0,0.0,-0.008787782069003902,-12560.219537341309,1416721.8722026753,14,False,
2021-05-12,1416721.8722026753,-0.03130082646291694,-44344.56546803473,0.0,0.0,0.0,-0.03130082646291694,-44344.56546803473,1372377.3067346406,14,False,
2021-05-13,1372377.3067346406,0.011329470509459132,15548.308224501061,0.0,0.0,0.0,0.011329470509459132,15548.308224501061,1387925.6149591417,14,False,
2021-05-14,1387925.6149591417,0.03121364288427243,43322.21449526885,0.0,0.0,0.0,0.03121364288427243,43322.21449526885,1431247.8294544106,14,False,
2021-05-17,1431247.8294544106,0.015712119591127928,22487.93706092997,0.0,0.0,0.0,0.015712119591127928,22487.93706092997,1453735.7665153407,14,False,
2021-05-18,1453735.7665153407,-0.019253411791277195,-27989.37334842785,0.0,0.0,0.0,-0.019253411791277195,-27989.37334842785,1425746.3931669127,14,False,
2021-05-19,1425746.3931669127,-0.019666822180316967,-28039.900788641953,0.0,0.0,0.0,-0.019666822180316967,-28039.900788641953,1397706.4923782707,14,False,
2021-05-20,1397706.4923782707,0.0028096846624086026,3927.1144941841535,0.0,0.0,0.0,0.0028096846624086026,3927.1144941841535,1401633.606872455,14,False,
2021-05-21,1401633.606872455,-0.004772346520465499,-6689.081266725268,0.0,0.0,0.0,-0.004772346520465499,-6689.081266725268,1394944.5256057298,14,False,
2021-05-24,1394944.5256057298,0.010905208487542829,15212.160880287009,0.6659954209322301,0.0006659954209322301,929.0266665078981,0.010239213066610598,14283.13421377911,1409227.659819509,14,True,2021-05-21
2021-05-25,1409227.659819509,-0.007232631425312174,-10192.424257829714,0.0,0.0,0.0,-0.007232631425312174,-10192.424257829714,1399035.2355616791,14,False,
2021-05-26,1399035.2355616791,0.01168595878651238,16349.06810365242,0.0,0.0,0.0,0.01168595878651238,16349.06810365242,1415384.3036653316,14,False,
2021-05-27,1415384.3036653316,0.012691008021677674,17962.653551573392,0.0,0.0,0.0,0.012691008021677674,17962.653551573392,1433346.957216905,14,False,
2021-05-28,1433346.957216905,-0.0023437048656137797,-3359.3422377419665,0.0,0.0,0.0,-0.0023437048656137797,-3359.3422377419665,1429987.614979163,14,False,
2021-06-01,1429987.614979163,0.028812352954466852,41201.30788329589,0.0,0.0,0.0,0.028812352954466852,41201.30788329589,1471188.922862459,14,False,
2021-06-02,1471188.922862459,-0.006237235663672992,-9176.152017678383,0.0,0.0,0.0,-0.006237235663672992,-9176.152017678383,1462012.7708447806,14,False,
2021-06-03,1462012.7708447806,-0.004009856479207978,-5862.461381856752,0.0,0.0,0.0,-0.004009856479207978,-5862.461381856752,1456150.3094629238,14,False,
2021-06-04,1456150.3094629238,0.003955836770348147,5760.292937327267,0.0,0.0,0.0,0.003955836770348147,5760.292937327267,1461910.602400251,14,False,
2021-06-07,1461910.602400251,-0.004317208223594739,-6311.372474842703,0.0,0.0,0.0,-0.004317208223594739,-6311.372474842703,1455599.2299254083,14,False,
2021-06-08,1455599.2299254083,0.0032773971741313977,4770.5768028253715,0.7228423921762535,0.0007228423921762535,1052.1688294091946,0.0025545547819551444,3718.4079734161774,1459317.6378988244,14,True,2021-06-07
2021-06-09,1459317.6378988244,-0.015487188329124418,-22600.727090152086,0.0,0.0,0.0,-0.015487188329124418,-22600.727090152086,1436716.9108086724,14,False,
2021-06-10,1436716.9108086724,-0.009198879287727174,-13216.185433165267,0.0,0.0,0.0,-0.009198879287727174,-13216.185433165267,1423500.7253755073,14,False,
2021-06-11,1423500.7253755073,0.0031549939339630293,4491.136153551697,0.0,0.0,0.0,0.0031549939339630293,4491.136153551697,1427991.861529059,14,False,
2021-06-14,1427991.861529059,-0.014276185144672084,-20386.276200273787,0.0,0.0,0.0,-0.014276185144672084,-20386.276200273787,1407605.5853287852,14,False,
2021-06-15,1407605.5853287852,0.006055310636127196,8523.48907231344,0.0,0.0,0.0,0.006055310636127196,8523.48907231344,1416129.0744010988,14,False,
2021-06-16,1416129.0744010988,-0.011399051480852978,-16142.5282226308,0.0,0.0,0.0,-0.011399051480852978,-16142.5282226308,1399986.546178468,14,False,
2021-06-17,1399986.546178468,-0.030681953136967692,-42954.32160223301,0.0,0.0,0.0,-0.030681953136967692,-42954.32160223301,1357032.224576235,14,False,
2021-06-18,1357032.224576235,-0.02159949105544484,-29311.205396684803,0.0,0.0,0.0,-0.02159949105544484,-29311.205396684803,1327721.0191795502,14,False,
2021-06-21,1327721.0191795502,0.026620556223798476,35344.67204058823,0.0,0.0,0.0,0.026620556223798476,35344.67204058823,1363065.6912201385,14,False,
2021-06-22,1363065.6912201385,-0.0035553821165761326,-4846.219382282565,0.5204702206639722,0.0005204702206639722,709.4351010888353,-0.004075852337240105,-5555.654483371401,1357510.036736767,14,True,2021-06-21
2021-06-23,1357510.036736767,0.007320837917756934,9938.110950678132,0.0,0.0,0.0,0.007320837917756934,9938.110950678132,1367448.1476874452,14,False,
2021-06-24,1367448.1476874452,0.001387283325004333,1897.038013094855,0.0,0.0,0.0,0.001387283325004333,1897.038013094855,1369345.18570054,14,False,
2021-06-25,1369345.18570054,-0.0001389947860884526,-190.33184116769897,0.0,0.0,0.0,-0.0001389947860884526,-190.33184116769897,1369154.8538593722,14,False,
2021-06-28,1369154.8538593722,-0.008232488757510387,-11271.55194168806,0.0,0.0,0.0,-0.008232488757510387,-11271.55194168806,1357883.301917684,14,False,
2021-06-29,1357883.301917684,-0.0022563093058373847,-3063.8047303580656,0.0,0.0,0.0,-0.0022563093058373847,-3063.8047303580656,1354819.497187326,14,False,
2021-06-30,1354819.497187326,0.007130543590556161,9660.599482029607,0.0,0.0,0.0,0.007130543590556161,9660.599482029607,1364480.0966693556,14,False,
2021-07-01,1364480.0966693556,0.009558755867080547,13042.732129552835,0.0,0.0,0.0,0.009558755867080547,13042.732129552835,1377522.8287989085,14,False,
2021-07-02,1377522.8287989085,0.0012231649687574205,1684.9376678504505,0.0,0.0,0.0,0.0012231649687574205,1684.9376678504505,1379207.766466759,14,False,
2021-07-06,1379207.766466759,-0.01774089719035992,-24468.383189032706,0.0,0.0,0.0,-0.01774089719035992,-24468.383189032706,1354739.3832777261,14,False,
2021-07-07,1354739.3832777261,0.0037004002453957493,5013.077946328183,0.5460390268740238,0.0005460390268740238,739.7405745128848,0.0031543612185217255,4273.337371815299,1359012.7206495414,14,True,2021-07-06
2021-07-08,1359012.7206495414,-0.0030312504484231017,-4119.507918881622,0.0,0.0,0.0,-0.0030312504484231017,-4119.507918881622,1354893.2127306596,14,False,
2021-07-09,1354893.2127306596,0.015453372946352156,20937.67011880813,0.0,0.0,0.0,0.015453372946352156,20937.67011880813,1375830.8828494677,14,False,
2021-07-12,1375830.8828494677,0.0059372010359138375,8168.584542896109,0.0,0.0,0.0,0.0059372010359138375,8168.584542896109,1383999.4673923638,14,False,
2021-07-13,1383999.4673923638,-0.00557567330419511,-7716.728883359853,0.0,0.0,0.0,-0.00557567330419511,-7716.728883359853,1376282.738509004,14,False,
2021-07-14,1376282.738509004,-0.009254068990073585,-12736.215412009726,0.0,0.0,0.0,-0.009254068990073585,-12736.215412009726,1363546.5230969943,14,False,
2021-07-15,1363546.5230969943,-0.011705903381028119,-15961.543854910242,0.0,0.0,0.0,-0.011705903381028119,-15961.543854910242,1347584.979242084,14,False,
2021-07-16,1347584.979242084,-0.012956313580844758,-17459.733567896616,0.0,0.0,0.0,-0.012956313580844758,-17459.733567896616,1330125.2456741876,14,False,
2021-07-19,1330125.2456741876,-0.017526268109656844,-23312.131675108987,0.0,0.0,0.0,-0.017526268109656844,-23312.131675108987,1306813.1139990785,14,False,
2021-07-20,1306813.1139990785,0.019201032838043565,25092.161515082276,0.0,0.0,0.0,0.019201032838043565,25092.161515082276,1331905.2755141607,14,False,
2021-07-21,1331905.2755141607,0.013162669121716939,17531.428443062134,0.5567146691439422,0.0005567146691439422,741.4912047889372,0.012605954452572997,16789.9372382732,1348695.212752434,14,True,2021-07-20
2021-07-22,1348695.212752434,0.008380292673175086,11302.460609775537,0.0,0.0,0.0,0.008380292673175086,11302.460609775537,1359997.6733622095,14,False,
2021-07-23,1359997.6733622095,0.011564631779751866,15727.872313753205,0.0,0.0,0.0,0.011564631779751866,15727.872313753205,1375725.5456759627,14,False,
2021-07-26,1375725.5456759627,-0.004464943276593238,-6142.536525603453,0.0,0.0,0.0,-0.004464943276593238,-6142.536525603453,1369583.0091503593,14,False,
2021-07-27,1369583.0091503593,-0.004135400868070948,-5663.774764935616,0.0,0.0,0.0,-0.004135400868070948,-5663.774764935616,1363919.2343854236,14,False,
2021-07-28,1363919.2343854236,0.00796866130576643,10868.610427237698,0.0,0.0,0.0,0.00796866130576643,10868.610427237698,1374787.8448126614,14,False,
2021-07-29,1374787.8448126614,0.00507590308982914,6978.289869344133,0.0,0.0,0.0,0.00507590308982914,6978.289869344133,1381766.1346820055,14,False,
2021-07-30,1381766.1346820055,-0.005819476716341178,-8041.155848210679,0.0,0.0,0.0,-0.005819476716341178,-8041.155848210679,1373724.9788337948,14,False,
2021-08-02,1373724.9788337948,-0.000911095912865085,-1251.5952136161459,0.0,0.0,0.0,-0.000911095912865085,-1251.5952136161459,1372473.3836201788,14,False,
2021-08-03,1372473.3836201788,0.012863153234074668,17654.335443195305,0.0,0.0,0.0,0.012863153234074668,17654.335443195305,1390127.7190633742,14,False,
2021-08-04,1390127.7190633742,0.009386245448465738,13048.079975844654,0.5852335848480263,0.0005852335848480263,813.5494284240685,0.008801011863617711,12234.530547420585,1402362.2496107947,14,True,2021-08-03
2021-08-05,1402362.2496107947,0.009191689183124657,12890.077920569902,0.0,0.0,0.0,0.009191689183124657,12890.077920569902,1415252.3275313645,14,False,
2021-08-06,1415252.3275313645,0.0067887541501946425,9607.800112101178,0.0,0.0,0.0,0.0067887541501946425,9607.800112101178,1424860.1276434658,14,False,
2021-08-09,1424860.1276434658,0.019405810359732552,27650.565426193414,0.0,0.0,0.0,0.019405810359732552,27650.565426193414,1452510.6930696592,14,False,
2021-08-10,1452510.6930696592,-0.0018010180831069108,-2615.998024124608,0.0,0.0,0.0,-0.0018010180831069108,-2615.998024124608,1449894.6950455345,14,False,
2021-08-11,1449894.6950455345,-0.017954961737156133,-26032.80377244823,0.0,0.0,0.0,-0.017954961737156133,-26032.80377244823,1423861.8912730862,14,False,
2021-08-12,1423861.8912730862,0.007824864927371344,11141.5269744434,0.0,0.0,0.0,0.007824864927371344,11141.5269744434,1435003.4182475295,14,False,
2021-08-13,1435003.4182475295,0.0011227461711311917,1611.1445933975858,0.0,0.0,0.0,0.0011227461711311917,1611.1445933975858,1436614.5628409272,14,False,
2021-08-16,1436614.5628409272,-0.009168765217106703,-13171.981634164844,0.0,0.0,0.0,-0.009168765217106703,-13171.981634164844,1423442.5812067622,14,False,
2021-08-17,1423442.5812067622,-0.011408194750707146,-16238.910182856014,0.0,0.0,0.0,-0.011408194750707146,-16238.910182856014,1407203.6710239062,14,False,
2021-08-18,1407203.6710239062,-0.010663251841625178,-15005.36713658738,0.652196021096566,0.0006521960210965661,917.7726351142728,-0.011315447862721744,-15923.139771701652,1391280.5312522044,14,True,2021-08-17
2021-08-19,1391280.5312522044,-0.004345879493681739,-6046.337530727591,0.0,0.0,0.0,-0.004345879493681739,-6046.337530727591,1385234.193721477,14,False,
2021-08-20,1385234.193721477,0.013400691070573907,18563.095490457043,0.0,0.0,0.0,0.013400691070573907,18563.095490457043,1403797.289211934,14,False,
2021-08-23,1403797.289211934,0.01759850926412635,24704.73959915168,0.0,0.0,0.0,0.01759850926412635,24704.73959915168,1428502.0288110857,14,False,
2021-08-24,1428502.0288110857,-0.0025016016583298433,-3573.5430442013576,0.0,0.0,0.0,-0.0025016016583298433,-3573.5430442013576,1424928.4857668844,14,False,
2021-08-25,1424928.4857668844,0.010436670563187296,14871.50918205029,0.0,0.0,0.0,0.010436670563187296,14871.50918205029,1439799.9949489348,14,False,
2021-08-26,1439799.9949489348,-0.005368666021629529,-7729.805310824714,0.0,0.0,0.0,-0.005368666021629529,-7729.805310824714,1432070.18963811,14,False,
2021-08-27,1432070.18963811,0.0073098201750866395,10468.175564356807,0.0,0.0,0.0,0.0073098201750866395,10468.175564356807,1442538.365202467,14,False,
2021-08-30,1442538.365202467,0.0004425975010093325,638.4638755486998,0.0,0.0,0.0,0.0004425975010093325,638.4638755486998,1443176.8290780156,14,False,
2021-08-31,1443176.8290780156,-0.003241171583877463,-4677.583728918046,0.0,0.0,0.0,-0.003241171583877463,-4677.583728918046,1438499.2453490975,14,False,
2021-09-01,1438499.2453490975,-0.00022329248703299547,-321.2060740890871,0.4499966204010988,0.0004499966204010988,647.319798856625,-0.0006732891074340943,-968.5258729457121,1437530.7194761517,13,True,2021-08-31
2021-09-02,1437530.7194761517,0.012587820089772104,18095.37807028645,0.0,0.0,0.0,0.012587820089772104,18095.37807028645,1455626.0975464382,13,False,
2021-09-03,1455626.0975464382,0.0013929179691940918,2027.5677477003057,0.0,0.0,0.0,0.0013929179691940918,2027.5677477003057,1457653.6652941385,13,False,
2021-09-07,1457653.6652941385,-0.002520407274011644,-3673.8809009970805,0.0,0.0,0.0,-0.002520407274011644,-3673.8809009970805,1453979.7843931415,13,False,
2021-09-08,1453979.7843931415,-0.003986886610378262,-5796.852534157688,0.0,0.0,0.0,-0.003986886610378262,-5796.852534157688,1448182.9318589838,13,False,
2021-09-09,1448182.9318589838,0.012704797147502429,18398.870381743724,0.0,0.0,0.0,0.012704797147502429,18398.870381743724,1466581.8022407275,13,False,
2021-09-10,1466581.8022407275,-0.013093431469107832,-19202.58832147962,0.0,0.0,0.0,-0.013093431469107832,-19202.58832147962,1447379.213919248,13,False,
2021-09-13,1447379.213919248,-0.01708266102673814,-24725.08848852922,0.0,0.0,0.0,-0.01708266102673814,-24725.08848852922,1422654.1254307188,13,False,
2021-09-14,1422654.1254307188,-0.0028402771094425544,-4040.731947114887,0.0,0.0,0.0,-0.0028402771094425544,-4040.731947114887,1418613.3934836038,13,False,
2021-09-15,1418613.3934836038,0.013431650104067452,19054.31873421553,0.0,0.0,0.0,0.013431650104067452,19054.31873421553,1437667.7122178194,13,False,
2021-09-16,1437667.7122178194,-0.00013230945676855792,-190.21703401723516,0.586092000864783,0.0005860920008647829,842.6055460324367,-0.0007184014576333409,-1032.8225800496718,1436634.8896377697,14,True,2021-09-15
2021-09-17,1436634.8896377697,-0.015752870284473232,-22631.123062612303,0.0,0.0,0.0,-0.015752870284473232,-22631.123062612303,1414003.7665751574,14,False,
2021-09-20,1414003.7665751574,-0.020288079241847258,-28687.420464547286,0.0,0.0,0.0,-0.020288079241847258,-28687.420464547286,1385316.34611061,14,False,
2021-09-21,1385316.34611061,0.005036142734238877,6976.650851087298,0.0,0.0,0.0,0.005036142734238877,6976.650851087298,1392292.9969616975,14,False,
2021-09-22,1392292.9969616975,0.01740001922828123,24225.924918534834,0.0,0.0,0.0,0.01740001922828123,24225.924918534834,1416518.9218802324,14,False,
2021-09-23,1416518.9218802324,0.020709252642494735,29335.048226091996,0.0,0.0,0.0,0.020709252642494735,29335.048226091996,1445853.9701063244,14,False,
2021-09-24,1445853.9701063244,-0.009736773388925674,-14077.952460403796,0.0,0.0,0.0,-0.009736773388925674,-14077.952460403796,1431776.0176459206,14,False,
2021-09-27,1431776.0176459206,-0.015154504742482037,-21697.856449587147,0.0,0.0,0.0,-0.015154504742482037,-21697.856449587147,1410078.1611963336,14,False,
2021-09-28,1410078.1611963336,-0.03226755928769244,-45499.78066668303,0.0,0.0,0.0,-0.03226755928769244,-45499.78066668303,1364578.3805296505,14,False,
2021-09-29,1364578.3805296505,-0.003232411904722887,-4410.8794021515205,0.0,0.0,0.0,-0.003232411904722887,-4410.8794021515205,1360167.501127499,14,False,
2021-09-30,1360167.501127499,-0.0073127002926263104,-9946.497283515859,0.466414541402125,0.000466414541402125,634.4019012684568,-0.007779114834028435,-10580.899184784315,1349586.6019427145,14,True,2021-09-29
2021-10-01,1349586.6019427145,-0.0027030501545282177,-3648.000272930467,0.0,0.0,0.0,-0.0027030501545282177,-3648.000272930467,1345938.6016697842,14,False,
2021-10-04,1345938.6016697842,-0.01227737568019462,-16524.59385517576,0.0,0.0,0.0,-0.01227737568019462,-16524.59385517576,1329414.0078146085,14,False,
2021-10-05,1329414.0078146085,0.016531071518583445,21976.638040989943,0.0,0.0,0.0,0.016531071518583445,21976.638040989943,1351390.6458555984,14,False,
2021-10-06,1351390.6458555984,-0.01638740792037177,-22145.789773410357,0.0,0.0,0.0,-0.01638740792037177,-22145.789773410357,1329244.856082188,14,False,
2021-10-07,1329244.856082188,0.007955457945739364,10574.75155215222,0.0,0.0,0.0,0.007955457945739364,10574.75155215222,1339819.6076343402,14,False,
2021-10-08,1339819.6076343402,-0.0056055718240608935,-7510.455041879379,0.0,0.0,0.0,-0.0056055718240608935,-7510.455041879379,1332309.1525924609,14,False,
2021-10-11,1332309.1525924609,-0.005567689926597302,-7417.884248002432,0.0,0.0,0.0,-0.005567689926597302,-7417.884248002432,1324891.2683444584,14,False,
2021-10-12,1324891.2683444584,0.0028063205080046502,3718.0695372313457,0.0,0.0,0.0,0.0028063205080046502,3718.0695372313457,1328609.3378816897,14,False,
2021-10-13,1328609.3378816897,0.009202710626455815,12226.80727213225,0.0,0.0,0.0,0.009202710626455815,12226.80727213225,1340836.145153822,14,False,
2021-10-14,1340836.145153822,0.012679866023190147,17001.622679601198,0.52165022680581,0.0005216502268058099,699.4474792289191,0.012158215796384337,16302.17520037228,1357138.3203541941,12,True,2021-10-13
2021-10-15,1357138.3203541941,-7.060288357775384e-05,-95.81787883087556,0.0,0.0,0.0,-7.060288357775384e-05,-95.81787883087556,1357042.5024753632,12,False,
2021-10-18,1357042.5024753632,0.016866709520072326,22888.841695643983,0.0,0.0,0.0,0.016866709520072326,22888.841695643983,1379931.3441710072,12,False,
2021-10-19,1379931.3441710072,0.004810399417768682,6638.020934560968,0.0,0.0,0.0,0.004810399417768682,6638.020934560968,1386569.3651055682,12,False,
2021-10-20,1386569.3651055682,0.0037596552174013606,5213.0227478080415,0.0,0.0,0.0,0.0037596552174013606,5213.0227478080415,1391782.3878533763,12,False,
2021-10-21,1391782.3878533763,0.005165064314207324,7188.645544643731,0.0,0.0,0.0,0.005165064314207324,7188.645544643731,1398971.03339802,12,False,
2021-10-22,1398971.03339802,0.003589215532104125,5021.208562035932,0.0,0.0,0.0,0.003589215532104125,5021.208562035932,1403992.2419600561,12,False,
2021-10-25,1403992.2419600561,0.02178806147217157,30590.269274277685,0.0,0.0,0.0,0.02178806147217157,30590.269274277685,1434582.5112343337,12,False,
2021-10-26,1434582.5112343337,-0.0034399560354848066,-4934.9007679214965,0.0,0.0,0.0,-0.0034399560354848066,-4934.9007679214965,1429647.6104664123,12,False,
2021-10-27,1429647.6104664123,-0.017505125080468465,-25026.160242207403,0.0,0.0,0.0,-0.017505125080468465,-25026.160242207403,1404621.450224205,12,False,
2021-10-28,1404621.450224205,0.01745022879000516,24510.96566976122,0.8506912379954501,0.0008506912379954502,1194.8991604061935,0.01659953755200971,23316.066509355027,1427937.51673356,14,True,2021-10-27
2021-10-29,1427937.51673356,0.0015826014043336107,2259.855919283181,0.0,0.0,0.0,0.0015826014043336107,2259.855919283181,1430197.3726528431,14,False,
2021-11-01,1430197.3726528431,0.007750160062990725,11084.258559728329,0.0,0.0,0.0,0.007750160062990725,11084.258559728329,1441281.6312125714,14,False,
2021-11-02,1441281.6312125714,-0.009948177141039034,-14338.124977428353,0.0,0.0,0.0,-0.009948177141039034,-14338.124977428353,1426943.506235143,14,False,
2021-11-03,1426943.506235143,0.003868261053010614,5519.789990015812,0.0,0.0,0.0,0.003868261053010614,5519.789990015812,1432463.2962251587,14,False,
2021-11-04,1432463.2962251587,-0.001205648259845662,-1727.0468803866438,0.0,0.0,0.0,-0.001205648259845662,-1727.0468803866438,1430736.2493447722,14,False,
2021-11-05,1430736.2493447722,0.023870541667154556,34152.449254692816,0.0,0.0,0.0,0.023870541667154556,34152.449254692816,1464888.698599465,14,False,
2021-11-08,1464888.698599465,-0.003044417555013796,-4459.732870157524,0.0,0.0,0.0,-0.003044417555013796,-4459.732870157524,1460428.9657293074,14,False,
2021-11-09,1460428.9657293074,-0.0068201679694203845,-9960.370853680763,0.0,0.0,0.0,-0.0068201679694203845,-9960.370853680763,1450468.5948756267,14,False,
2021-11-10,1450468.5948756267,-0.024072622553808643,-34916.58301059414,0.0,0.0,0.0,-0.024072622553808643,-34916.58301059414,1415552.0118650326,14,False,
2021-11-11,1415552.0118650326,0.00974538600252935,13795.100762281749,0.7366123090318993,0.0007366123090318993,1042.7130360146523,0.00900877369349745,12752.387726267096,1428304.3995912997,14,True,2021-11-10
2021-11-12,1428304.3995912997,-0.0027141911773928217,-3876.691200002057,0.0,0.0,0.0,-0.0027141911773928217,-3876.691200002057,1424427.7083912976,14,False,
2021-11-15,1424427.7083912976,0.003184133813971064,4535.568431846045,0.0,0.0,0.0,0.003184133813971064,4535.568431846045,1428963.2768231437,14,False,
2021-11-16,1428963.2768231437,-0.0012385998197381185,-1769.913657085537,0.0,0.0,0.0,-0.0012385998197381185,-1769.913657085537,1427193.3631660582,14,False,
2021-11-17,1427193.3631660582,-0.012035753174838727,-17177.347051834644,0.0,0.0,0.0,-0.012035753174838727,-17177.347051834644,1410016.0161142235,14,False,
2021-11-18,1410016.0161142235,-0.004034053422484968,-5688.079935564203,0.0,0.0,0.0,-0.004034053422484968,-5688.079935564203,1404327.9361786593,14,False,
2021-11-19,1404327.9361786593,-0.007865290055993795,-11045.446551780298,0.0,0.0,0.0,-0.007865290055993795,-11045.446551780298,1393282.489626879,14,False,
2021-11-22,1393282.489626879,0.008514615035080551,11863.264034291487,0.0,0.0,0.0,0.008514615035080551,11863.264034291487,1405145.7536611706,14,False,
2021-11-23,1405145.7536611706,0.008174463534947825,11486.31272459002,0.0,0.0,0.0,0.008174463534947825,11486.31272459002,1416632.0663857607,14,False,
2021-11-24,1416632.0663857607,0.0016152397013604958,2288.200355846638,0.0,0.0,0.0,0.0016152397013604958,2288.200355846638,1418920.2667416073,14,False,
2021-11-26,1418920.2667416073,-0.04498451186262359,-63829.435571354865,0.5978200021870599,0.0005978200021870599,848.2589169667312,-0.04558233186481065,-64677.6944883216,1354242.5722532857,14,True,2021-11-24
2021-11-29,1354242.5722532857,0.017450288263166525,23631.923264071957,0.0,0.0,0.0,0.017450288263166525,23631.923264071957,1377874.4955173577,14,False,
2021-11-30,1377874.4955173577,-0.02269422529138235,-31269.794224520716,0.0,0.0,0.0,-0.02269422529138235,-31269.794224520716,1346604.701292837,14,False,
2021-12-01,1346604.701292837,-0.02523525561493111,-33981.913849392695,0.0,0.0,0.0,-0.02523525561493111,-33981.913849392695,1312622.7874434444,14,False,
2021-12-02,1312622.7874434444,0.018794574489527472,24670.186755257,0.0,0.0,0.0,0.018794574489527472,24670.186755257,1337292.9741987013,14,False,
2021-12-03,1337292.9741987013,-0.03084824118566138,-41253.13620397198,0.0,0.0,0.0,-0.03084824118566138,-41253.13620397198,1296039.8379947294,14,False,
2021-12-06,1296039.8379947294,0.008755217032202084,11347.110064023884,0.0,0.0,0.0,0.008755217032202084,11347.110064023884,1307386.9480587533,14,False,
2021-12-07,1307386.9480587533,0.034429900439460454,45013.20245751293,0.0,0.0,0.0,0.034429900439460454,45013.20245751293,1352400.1505162662,14,False,
2021-12-08,1352400.1505162662,0.003371337790167619,4559.397734863865,0.0,0.0,0.0,0.003371337790167619,4559.397734863865,1356959.5482511302,14,False,
2021-12-09,1356959.5482511302,-0.014100092184345856,-19133.254720769244,0.0,0.0,0.0,-0.014100092184345856,-19133.254720769244,1337826.2935303608,14,False,
2021-12-10,1337826.2935303608,0.022486489083973195,30083.016345722775,0.8248804828986047,0.0008248804828986047,1103.5467990417746,0.021661608601074592,28979.469546681004,1366805.7630770418,14,True,2021-12-09
2021-12-13,1366805.7630770418,-0.01577919817583436,-21567.099003465148,0.0,0.0,0.0,-0.01577919817583436,-21567.099003465148,1345238.6640735767,14,False,
2021-12-14,1345238.6640735767,-0.005456442942642135,-7340.218014753601,0.0,0.0,0.0,-0.005456442942642135,-7340.218014753601,1337898.446058823,14,False,
2021-12-15,1337898.446058823,0.02027019507162708,27119.462487639084,0.0,0.0,0.0,0.02027019507162708,27119.462487639084,1365017.9085464622,14,False,
2021-12-16,1365017.9085464622,-0.006308250339979177,-8610.874685665885,0.0,0.0,0.0,-0.006308250339979177,-8610.874685665885,1356407.0338607964,14,False,
2021-12-17,1356407.0338607964,-0.013809196102098435,-18730.89072484941,0.0,0.0,0.0,-0.013809196102098435,-18730.89072484941,1337676.143135947,14,False,
2021-12-20,1337676.143135947,-0.00636871102742861,-8519.272803918077,0.0,0.0,0.0,-0.00636871102742861,-8519.272803918077,1329156.870332029,14,False,
2021-12-21,1329156.870332029,0.02723139439167662,36194.79494441806,0.0,0.0,0.0,0.02723139439167662,36194.79494441806,1365351.665276447,14,False,
2021-12-22,1365351.665276447,0.01699865409182433,23209.14067173064,0.0,0.0,0.0,0.01699865409182433,23209.14067173064,1388560.8059481778,14,False,
2021-12-23,1388560.8059481778,0.002102773597286229,2919.8290009743155,0.0,0.0,0.0,0.002102773597286229,2919.8290009743155,1391480.6349491521,14,False,
2021-12-27,1391480.6349491521,0.022742138187081668,31645.24488466176,0.43234980312681015,0.0004323498031268102,601.6063785750348,0.022309788383954858,31043.638506086725,1422524.273455239,14,True,2021-12-23
2021-12-28,1422524.273455239,-0.0030707498492694415,-4368.216198294796,0.0,0.0,0.0,-0.0030707498492694415,-4368.216198294796,1418156.057256944,14,False,
2021-12-29,1418156.057256944,0.0016165172787512762,2292.4737705216344,0.0,0.0,0.0,0.0016165172787512762,2292.4737705216344,1420448.5310274656,14,False,
2021-12-30,1420448.5310274656,-0.0035172005678438655,-4996.0023799227865,0.0,0.0,0.0,-0.0035172005678438655,-4996.0023799227865,1415452.5286475427,14,False,
2021-12-31,1415452.5286475427,0.004056274123248707,5741.463464639976,0.0,0.0,0.0,0.004056274123248707,5741.463464639976,1421193.9921121828,14,False,
2022-01-03,1421193.9921121828,-0.0006046057650863964,-859.2620809371763,0.0,0.0,0.0,-0.0006046057650863964,-859.2620809371763,1420334.7300312456,14,False,
2022-01-04,1420334.7300312456,0.013917892296609547,19768.065797708874,0.0,0.0,0.0,0.013917892296609547,19768.065797708874,1440102.7958289545,14,False,
2022-01-05,1440102.7958289545,-0.021451692505245173,-30892.642352066603,0.0,0.0,0.0,-0.021451692505245173,-30892.642352066603,1409210.1534768878,14,False,
2022-01-06,1409210.1534768878,0.011940615808233598,16826.837035729422,0.0,0.0,0.0,0.011940615808233598,16826.837035729422,1426036.9905126172,14,False,
2022-01-07,1426036.9905126172,-0.011207223460779838,-15981.91521601288,0.0,0.0,0.0,-0.011207223460779838,-15981.91521601288,1410055.0752966043,14,False,
2022-01-10,1410055.0752966043,-0.007174696720898132,-10116.717525016316,0.5748368395732537,0.0005748368395732537,810.5516031077264,-0.007749533560471386,-10927.269128124042,1399127.8061684803,14,True,2022-01-07
2022-01-11,1399127.8061684803,0.01082616899852944,15147.19408012171,0.0,0.0,0.0,0.01082616899852944,15147.19408012171,1414275.0002486021,14,False,
2022-01-12,1414275.0002486021,-0.001453069724300446,-2055.0401846962495,0.0,0.0,0.0,-0.001453069724300446,-2055.0401846962495,1412219.960063906,14,False,
2022-01-13,1412219.960063906,-0.0156732078220532,-22134.01692453327,0.0,0.0,0.0,-0.0156732078220532,-22134.01692453327,1390085.9431393726,14,False,
2022-01-14,1390085.9431393726,-0.001850435528738242,-2572.264417184703,0.0,0.0,0.0,-0.001850435528738242,-2572.264417184703,1387513.6787221879,14,False,
2022-01-18,1387513.6787221879,-0.009181534633635951,-12739.504895831395,0.0,0.0,0.0,-0.009181534633635951,-12739.504895831395,1374774.1738263564,14,False,
2022-01-19,1374774.1738263564,-0.018899634283659046,-25982.72910793765,0.0,0.0,0.0,-0.018899634283659046,-25982.72910793765,1348791.4447184189,14,False,
2022-01-20,1348791.4447184189,-0.014921854715138166,-20126.46997910956,0.0,0.0,0.0,-0.014921854715138166,-20126.46997910956,1328664.9747393094,14,False,
2022-01-21,1328664.9747393094,-0.01700843489397667,-22598.5117187607,0.0,0.0,0.0,-0.01700843489397667,-22598.5117187607,1306066.4630205487,14,False,
2022-01-24,1306066.4630205487,0.009005066620902145,11761.215510826069,0.0,0.0,0.0,0.009005066620902145,11761.215510826069,1317827.6785313748,14,False,
2022-01-25,1317827.6785313748,0.002495405730131753,3288.514740333418,0.49120000760955085,0.0004912000076095508,647.316965722688,0.002004205722522202,2641.19777461073,1320468.8763059855,14,True,2022-01-24
2022-01-26,1320468.8763059855,-0.002312829628180843,-3054.019540211148,0.0,0.0,0.0,-0.002312829628180843,-3054.019540211148,1317414.8567657743,14,False,
2022-01-27,1317414.8567657743,0.0038060982044268834,5014.210320821513,0.0,0.0,0.0,0.0038060982044268834,5014.210320821513,1322429.0670865958,14,False,
2022-01-28,1322429.0670865958,0.008486712412065514,11223.075177720031,0.0,0.0,0.0,0.008486712412065514,11223.075177720031,1333652.1422643159,14,False,
2022-01-31,1333652.1422643159,0.0028501453300787015,3801.102425224096,0.0,0.0,0.0,0.0028501453300787015,3801.102425224096,1337453.24468954,14,False,
2022-02-01,1337453.24468954,0.01977708847172801,26450.931147024723,0.0,0.0,0.0,0.01977708847172801,26450.931147024723,1363904.1758365647,14,False,
2022-02-02,1363904.1758365647,0.007417620097166673,10116.923025294851,0.0,0.0,0.0,0.007417620097166673,10116.923025294851,1374021.0988618596,14,False,
2022-02-03,1374021.0988618596,-0.01707131003302052,-23456.340170582345,0.0,0.0,0.0,-0.01707131003302052,-23456.340170582345,1350564.7586912774,14,False,
2022-02-04,1350564.7586912774,-0.002292264589214033,-3095.8517717884106,0.0,0.0,0.0,-0.002292264589214033,-3095.8517717884106,1347468.906919489,14,False,
2022-02-07,1347468.906919489,0.0071108276569588,9581.619170215145,0.0,0.0,0.0,0.0071108276569588,9581.619170215145,1357050.5260897041,14,False,
2022-02-08,1357050.5260897041,-0.006228291009515989,-8452.105591103447,0.59570057649044,0.0005957005764904399,808.3957807182916,-0.006823991586006429,-9260.50137182174,1347790.0247178823,14,True,2022-02-07
2022-02-09,1347790.0247178823,0.011635092166901125,15681.661159222505,0.0,0.0,0.0,0.011635092166901125,15681.661159222505,1363471.6858771048,14,False,
2022-02-10,1363471.6858771048,-0.0086091345066115,-11738.311139672338,0.0,0.0,0.0,-0.0086091345066115,-11738.311139672338,1351733.3747374325,14,False,
2022-02-11,1351733.3747374325,-0.0056775397078811666,-7674.519909539986,0.0,0.0,0.0,-0.0056775397078811666,-7674.519909539986,1344058.8548278925,14,False,
2022-02-14,1344058.8548278925,-0.015970968993809016,-21465.922296310724,0.0,0.0,0.0,-0.015970968993809016,-21465.922296310724,1322592.9325315817,14,False,
2022-02-15,1322592.9325315817,0.010199506894451602,13489.79573390883,0.0,0.0,0.0,0.010199506894451602,13489.79573390883,1336082.7282654906,14,False,
2022-02-16,1336082.7282654906,0.00535926783334124,7160.425188276048,0.0,0.0,0.0,0.00535926783334124,7160.425188276048,1343243.1534537666,14,False,
2022-02-17,1343243.1534537666,-0.012781448616047113,-17168.593344726407,0.0,0.0,0.0,-0.012781448616047113,-17168.593344726407,1326074.5601090402,14,False,
2022-02-18,1326074.5601090402,-0.0022662734189817383,-3005.247527163019,0.0,0.0,0.0,-0.0022662734189817383,-3005.247527163019,1323069.3125818772,14,False,
2022-02-22,1323069.3125818772,-0.012956912309151265,-17142.893062052426,0.0,0.0,0.0,-0.012956912309151265,-17142.893062052426,1305926.419519825,14,False,
2022-02-23,1305926.419519825,-0.003768410580736254,-4921.26693698152,0.5786452670860828,0.0005786452670860828,755.6681418178208,-0.0043470558478223365,-5676.935078799341,1300249.4844410256,14,True,2022-02-22
2022-02-24,1300249.4844410256,-0.0006841533669080238,-889.5700626007498,0.0,0.0,0.0,-0.0006841533669080238,-889.5700626007498,1299359.9143784249,14,False,
2022-02-25,1299359.9143784249,0.027828832649198207,36159.6696083137,0.0,0.0,0.0,0.027828832649198207,36159.6696083137,1335519.5839867385,14,False,
2022-02-28,1335519.5839867385,-0.001095220057535015,-1462.687835613095,0.0,0.0,0.0,-0.001095220057535015,-1462.687835613095,1334056.8961511254,14,False,
2022-03-01,1334056.8961511254,-0.017178510334154694,-22917.110176882445,0.0,0.0,0.0,-0.017178510334154694,-22917.110176882445,1311139.785974243,14,False,
2022-03-02,1311139.785974243,0.025966297836661253,34045.44618810348,0.0,0.0,0.0,0.025966297836661253,34045.44618810348,1345185.2321623464,14,False,
2022-03-03,1345185.2321623464,0.004691757420801393,6311.282795350134,0.0,0.0,0.0,0.004691757420801393,6311.282795350134,1351496.5149576964,14,False,
2022-03-04,1351496.5149576964,0.0051990248479285486,7026.463963153901,0.0,0.0,0.0,0.0051990248479285486,7026.463963153901,1358522.9789208504,14,False,
2022-03-07,1358522.9789208504,-0.010436118990292178,-14177.707459064188,0.0,0.0,0.0,-0.010436118990292178,-14177.707459064188,1344345.2714617862,14,False,
2022-03-08,1344345.2714617862,-0.007106920681797302,-9554.155213228176,0.0,0.0,0.0,-0.007106920681797302,-9554.155213228176,1334791.116248558,14,False,
2022-03-09,1334791.116248558,0.010513628017231824,14033.49727694298,0.7141897047938445,0.0007141897047938444,953.2940732750037,0.009799438312437979,13080.203203667976,1347871.319452226,14,True,2022-03-08
2022-03-10,1347871.319452226,0.015645622022922342,21088.285199687143,0.0,0.0,0.0,0.015645622022922342,21088.285199687143,1368959.604651913,14,False,
2022-03-11,1368959.604651913,-0.007478671917390989,-10237.999751352932,0.0,0.0,0.0,-0.007478671917390989,-10237.999751352932,1358721.60490056,14,False,
2022-03-14,1358721.60490056,-0.009844382138029706,-13375.77469783813,0.0,0.0,0.0,-0.009844382138029706,-13375.77469783813,1345345.830202722,14,False,
2022-03-15,1345345.830202722,0.015426852565829857,20754.45177259136,0.0,0.0,0.0,0.015426852565829857,20754.45177259136,1366100.2819753133,14,False,
2022-03-16,1366100.2819753133,0.013107214550635689,17905.769493534342,0.0,0.0,0.0,0.013107214550635689,17905.769493534342,1384006.0514688476,14,False,
2022-03-17,1384006.0514688476,0.02374653727482956,32865.351289794664,0.0,0.0,0.0,0.02374653727482956,32865.351289794664,1416871.402758642,14,False,
2022-03-18,1416871.402758642,0.0115313080709782,16338.380642168933,0.0,0.0,0.0,0.0115313080709782,16338.380642168933,1433209.783400811,14,False,
2022-03-21,1433209.783400811,0.013921213560132657,19952.01947119416,0.0,0.0,0.0,0.013921213560132657,19952.01947119416,1453161.8028720052,14,False,
2022-03-22,1453161.8028720052,0.0030146449175494482,4380.766843405084,0.0,0.0,0.0,0.0030146449175494482,4380.766843405084,1457542.5697154102,14,False,
2022-03-23,1457542.5697154102,0.006110262484087286,8905.967682692248,0.6038117063733732,0.0006038117063733732,880.0812661316932,0.005506450777713913,8025.8864165605555,1465568.4561319707,14,True,2022-03-22
2022-03-24,1465568.4561319707,0.011323156976638368,16594.861688791847,0.0,0.0,0.0,0.011323156976638368,16594.861688791847,1482163.3178207625,14,False,
2022-03-25,1482163.3178207625,0.016641439696070362,24665.33147324179,0.0,0.0,0.0,0.016641439696070362,24665.33147324179,1506828.6492940043,14,False,
2022-03-28,1506828.6492940043,-0.012268315666191017,-18486.249524399085,0.0,0.0,0.0,-0.012268315666191017,-18486.249524399085,1488342.3997696051,14,False,
2022-03-29,1488342.3997696051,-0.0029585931514054765,-4403.399630904745,0.0,0.0,0.0,-0.0029585931514054765,-4403.399630904745,1483939.0001387005,14,False,
2022-03-30,1483939.0001387005,0.003769925229080303,5594.339075039086,0.0,0.0,0.0,0.003769925229080303,5594.339075039086,1489533.3392137396,14,False,
2022-03-31,1489533.3392137396,0.0013622122141489497,2029.0605080590267,0.0,0.0,0.0,0.0013622122141489497,2029.0605080590267,1491562.3997217987,14,False,
2022-04-01,1491562.3997217987,0.007108818301538289,10603.246085028692,0.0,0.0,0.0,0.007108818301538289,10603.246085028692,1502165.6458068273,14,False,
2022-04-04,1502165.6458068273,0.002022274248388977,3037.790902329744,0.0,0.0,0.0,0.002022274248388977,3037.790902329744,1505203.4367091572,14,False,
2022-04-05,1505203.4367091572,-0.005536375259996822,-8333.37106825877,0.0,0.0,0.0,-0.005536375259996822,-8333.37106825877,1496870.0656408984,14,False,
2022-04-06,1496870.0656408984,-0.0023816021793262726,-3564.9490104986244,0.5872241518962538,0.0005872241518962537,878.9982547948662,-0.0029688263312225263,-4443.947265293491,1492426.118375605,14,True,2022-04-05
2022-04-07,1492426.118375605,0.01497821632946104,22353.881256767643,0.0,0.0,0.0,0.01497821632946104,22353.881256767643,1514779.9996323725,14,False,
2022-04-08,1514779.9996323725,0.008344768109344803,12640.487833605555,0.0,0.0,0.0,0.008344768109344803,12640.487833605555,1527420.4874659781,14,False,
2022-04-11,1527420.4874659781,-0.016671236848664936,-25463.988714048573,0.0,0.0,0.0,-0.016671236848664936,-25463.988714048573,1501956.4987519295,14,False,
2022-04-12,1501956.4987519295,0.006688071094640984,10045.191844710957,0.0,0.0,0.0,0.006688071094640984,10045.191844710957,1512001.6905966403,14,False,
2022-04-13,1512001.6905966403,0.01925016693499427,29106.28494997888,0.0,0.0,0.0,0.01925016693499427,29106.28494997888,1541107.9755466192,14,False,
2022-04-14,1541107.9755466192,-0.007044063470661237,-10855.662394892632,0.0,0.0,0.0,-0.007044063470661237,-10855.662394892632,1530252.3131517265,14,False,
2022-04-18,1530252.3131517265,0.008090937300333483,12381.175519400898,0.0,0.0,0.0,0.008090937300333483,12381.175519400898,1542633.4886711275,14,False,
2022-04-19,1542633.4886711275,0.004046965254511568,6242.984129098017,0.0,0.0,0.0,0.004046965254511568,6242.984129098017,1548876.4728002255,14,False,
2022-04-20,1548876.4728002255,-0.0012654874937262914,-1960.0838056555758,0.0,0.0,0.0,-0.0012654874937262914,-1960.0838056555758,1546916.38899457,14,False,
2022-04-21,1546916.38899457,-0.024935213499666917,-38572.6904257134,0.6270915944395581,0.0006270915944395581,970.0582648392885,-0.025562305094106473,-39542.74869055268,1507373.640304017,14,True,2022-04-20
2022-04-22,1507373.640304017,-0.02854485782388486,-43027.76624994993,0.0,0.0,0.0,-0.02854485782388486,-43027.76624994993,1464345.8740540673,14,False,
2022-04-25,1464345.8740540673,-0.010180643623846006,-14907.983485793746,0.0,0.0,0.0,-0.010180643623846006,-14907.983485793746,1449437.8905682736,14,False,
2022-04-26,1449437.8905682736,-0.019672659060115855,-28514.29744996316,0.0,0.0,0.0,-0.019672659060115855,-28514.29744996316,1420923.5931183104,14,False,
2022-04-27,1420923.5931183104,0.011288143063690855,16039.588801693142,0.0,0.0,0.0,0.011288143063690855,16039.588801693142,1436963.1819200036,14,False,
2022-04-28,1436963.1819200036,0.015500612637952613,22273.80965794181,0.0,0.0,0.0,0.015500612637952613,22273.80965794181,1459236.9915779454,14,False,
2022-04-29,1459236.9915779454,-0.029678519950547686,-43307.99416712324,0.0,0.0,0.0,-0.029678519950547686,-43307.99416712324,1415928.9974108222,14,False,
2022-05-02,1415928.9974108222,-9.503891311862106e-05,-134.56835296706336,0.0,0.0,0.0,-9.503891311862106e-05,-134.56835296706336,1415794.4290578552,14,False,
2022-05-03,1415794.4290578552,0.023681641006460155,33528.335407894345,0.0,0.0,0.0,0.023681641006460155,33528.335407894345,1449322.7644657495,14,False,
2022-05-04,1449322.7644657495,0.03172698390620293,45982.64002309838,0.0,0.0,0.0,0.03172698390620293,45982.64002309838,1495305.4044888478,14,False,
2022-05-05,1495305.4044888478,-0.01943602329456056,-29062.790674127547,0.4204966206533803,0.0004204966206533803,628.7708694322964,-0.01985651991521394,-29691.56154355984,1465613.842945288,14,True,2022-05-04
2022-05-06,1465613.842945288,0.006954006500969451,10191.888191752352,0.0,0.0,0.0,0.006954006500969451,10191.888191752352,1475805.7311370403,14,False,
2022-05-09,1475805.7311370403,-0.0601280411730203,-88737.30776518729,0.0,0.0,0.0,-0.0601280411730203,-88737.30776518729,1387068.423371853,14,False,
2022-05-10,1387068.423371853,0.005241158037332574,7269.844815485609,0.0,0.0,0.0,0.005241158037332574,7269.844815485609,1394338.2681873387,14,False,
2022-05-11,1394338.2681873387,-0.0014381023613055958,-2005.2011559389668,0.0,0.0,0.0,-0.0014381023613055958,-2005.2011559389668,1392333.0670313998,14,False,
2022-05-12,1392333.0670313998,-0.008806555831256727,-12261.658890516937,0.0,0.0,0.0,-0.008806555831256727,-12261.658890516937,1380071.4081408828,14,False,
2022-05-13,1380071.4081408828,0.02179839351999527,30083.339640348964,0.0,0.0,0.0,0.02179839351999527,30083.339640348964,1410154.7477812318,14,False,
2022-05-16,1410154.7477812318,0.017614631624039805,24839.35641505716,0.0,0.0,0.0,0.017614631624039805,24839.35641505716,1434994.1041962889,14,False,
2022-05-17,1434994.1041962889,0.02018752620572413,28968.9810835222,0.0,0.0,0.0,0.02018752620572413,28968.9810835222,1463963.0852798112,14,False,
2022-05-18,1463963.0852798112,-0.03658605742367398,-53560.6375041861,0.0,0.0,0.0,-0.03658605742367398,-53560.6375041861,1410402.4477756252,14,False,
2022-05-19,1410402.4477756252,-0.00543167392042998,-7660.84619289347,0.6472909363374142,0.0006472909363374142,912.9407210332654,-0.006078964856767394,-8573.786913926735,1401828.6608616984,14,True,2022-05-18
2022-05-20,1401828.6608616984,-0.01405868040384227,-19707.86112400081,0.0,0.0,0.0,-0.01405868040384227,-19707.86112400081,1382120.7997376977,14,False,
2022-05-23,1382120.7997376977,0.020383319867477476,28172.21035654727,0.0,0.0,0.0,0.020383319867477476,28172.21035654727,1410293.010094245,14,False,
2022-05-24,1410293.010094245,-0.0032769476582488596,-4621.456376873071,0.0,0.0,0.0,-0.0032769476582488596,-4621.456376873071,1405671.553717372,14,False,
2022-05-25,1405671.553717372,0.019403004405971383,27274.251350126808,0.0,0.0,0.0,0.019403004405971383,27274.251350126808,1432945.8050674987,14,False,
2022-05-26,1432945.8050674987,0.03197954124142834,45824.94946988781,0.0,0.0,0.0,0.03197954124142834,45824.94946988781,1478770.7545373866,14,False,
2022-05-27,1478770.7545373866,0.016200224805100288,23956.41865871344,0.0,0.0,0.0,0.016200224805100288,23956.41865871344,1502727.1731961,14,False,
2022-05-31,1502727.1731961,-0.012682693396731306,-19058.627996582876,0.0,0.0,0.0,-0.012682693396731306,-19058.627996582876,1483668.5451995172,14,False,
2022-06-01,1483668.5451995172,0.0007441269852726951,1104.0378016832422,0.0,0.0,0.0,0.0007441269852726951,1104.0378016832422,1484772.5830012003,14,False,
2022-06-02,1484772.5830012003,0.004745569089642135,7046.090875038607,0.0,0.0,0.0,0.004745569089642135,7046.090875038607,1491818.673876239,14,False,
2022-06-03,1491818.673876239,-0.00357491150522249,-5333.119740945925,0.5173514227406905,0.0005173514227406904,771.7945134010023,-0.00409226292796318,-6104.914254346927,1485713.7596218921,14,True,2022-06-02
2022-06-06,1485713.7596218921,0.007432954812496436,11043.243239573716,0.0,0.0,0.0,0.007432954812496436,11043.243239573716,1496757.0028614658,14,False,
2022-06-07,1496757.0028614658,0.010527424219514343,15756.995922651493,0.0,0.0,0.0,0.010527424219514343,15756.995922651493,1512513.9987841174,14,False,
2022-06-08,1512513.9987841174,-0.016921351394628574,-25593.780862720865,0.0,0.0,0.0,-0.016921351394628574,-25593.780862720865,1486920.2179213965,14,False,
2022-06-09,1486920.2179213965,-0.018451365448724902,-27435.708333965358,0.0,0.0,0.0,-0.018451365448724902,-27435.708333965358,1459484.509587431,14,False,
2022-06-10,1459484.509587431,-0.016055819148220657,-23433.21933556531,0.0,0.0,0.0,-0.016055819148220657,-23433.21933556531,1436051.2902518658,14,False,
2022-06-13,1436051.2902518658,-0.03950238637935678,-56727.45292810303,0.0,0.0,0.0,-0.03950238637935678,-56727.45292810303,1379323.8373237627,14,False,
2022-06-14,1379323.8373237627,-0.002838059790716963,-3914.603521085996,0.0,0.0,0.0,-0.002838059790716963,-3914.603521085996,1375409.2338026767,14,False,
2022-06-15,1375409.2338026767,-0.008311710055449381,-11432.002758955636,0.0,0.0,0.0,-0.008311710055449381,-11432.002758955636,1363977.231043721,14,False,
2022-06-16,1363977.231043721,-0.03407766091073802,-46481.1535694753,0.0,0.0,0.0,-0.03407766091073802,-46481.1535694753,1317496.0774742458,14,False,
2022-06-17,1317496.0774742458,-0.007989960703939168,-10526.741886613218,0.560956344471808,0.000560956344471808,739.0577834758989,-0.008550917048410977,-11265.799670089116,1306230.2778041568,14,True,2022-06-16
2022-06-21,1306230.2778041568,0.028743165430206854,37545.19296486994,0.0,0.0,0.0,0.028743165430206854,37545.19296486994,1343775.4707690268,14,False,
2022-06-22,1343775.4707690268,-0.011013511042897522,-14799.685986489494,0.0,0.0,0.0,-0.011013511042897522,-14799.685986489494,1328975.7847825373,14,False,
2022-06-23,1328975.7847825373,-0.0002263313570488915,-300.7888928549472,0.0,0.0,0.0,-0.0002263313570488915,-300.7888928549472,1328674.9958896823,14,False,
2022-06-24,1328674.9958896823,0.023488828745565786,31209.019436968072,0.0,0.0,0.0,0.023488828745565786,31209.019436968072,1359884.0153266503,14,False,
2022-06-27,1359884.0153266503,0.013268975600026933,18044.267818235974,0.0,0.0,0.0,0.013268975600026933,18044.267818235974,1377928.2831448864,14,False,
2022-06-28,1377928.2831448864,-0.004084210186338907,-5627.748730064827,0.0,0.0,0.0,-0.004084210186338907,-5627.748730064827,1372300.5344148215,14,False,
2022-06-29,1372300.5344148215,-0.016994983130189226,-23322.22443192955,0.0,0.0,0.0,-0.016994983130189226,-23322.22443192955,1348978.309982892,14,False,
2022-06-30,1348978.309982892,0.00018568213276444782,250.4811696506038,0.0,0.0,0.0,0.00018568213276444782,250.4811696506038,1349228.7911525425,14,False,
2022-07-01,1349228.7911525425,0.008140450389342859,10983.33003825031,0.0,0.0,0.0,0.008140450389342859,10983.33003825031,1360212.1211907929,14,False,
2022-07-05,1360212.1211907929,-0.01859096425966514,-25287.654930621342,0.515869641382856,0.000515869641382856,701.6921391633082,-0.019106833901047997,-25989.347069784646,1334222.7741210083,14,True,2022-07-01
2022-07-06,1334222.7741210083,0.004588641678451574,6122.2702296709385,0.0,0.0,0.0,0.004588641678451574,6122.2702296709385,1340345.0443506793,14,False,
2022-07-07,1340345.0443506793,0.013739910776745324,18416.221319431086,0.0,0.0,0.0,0.013739910776745324,18416.221319431086,1358761.2656701102,14,False,
2022-07-08,1358761.2656701102,0.003738566974445491,5079.81999399003,0.0,0.0,0.0,0.003738566974445491,5079.81999399003,1363841.0856641002,14,False,
2022-07-11,1363841.0856641002,-0.0039679242686260375,-5411.6181423558655,0.0,0.0,0.0,-0.0039679242686260375,-5411.6181423558655,1358429.4675217443,14,False,
2022-07-12,1358429.4675217443,-0.012882921724960887,-17500.540498962928,0.0,0.0,0.0,-0.012882921724960887,-17500.540498962928,1340928.9270227815,14,False,
2022-07-13,1340928.9270227815,-0.002206850668772441,-2959.2298993765367,0.0,0.0,0.0,-0.002206850668772441,-2959.2298993765367,1337969.6971234048,14,False,
2022-07-14,1337969.6971234048,-0.011235725282292079,-15033.059952910115,0.0,0.0,0.0,-0.011235725282292079,-15033.059952910115,1322936.6371704948,14,False,
2022-07-15,1322936.6371704948,0.01277231208157638,16896.95959409274,0.0,0.0,0.0,0.01277231208157638,16896.95959409274,1339833.5967645876,14,False,
2022-07-18,1339833.5967645876,-0.006512452323018327,-8725.602419707539,0.0,0.0,0.0,-0.006512452323018327,-8725.602419707539,1331107.99434488,14,False,
2022-07-19,1331107.99434488,0.013673870955672997,18201.398942736592,0.5186395909537475,0.0005186395909537475,690.3653057022918,0.01315523136471925,17511.0336370343,1348619.0279819143,14,True,2022-07-18
2022-07-20,1348619.0279819143,-0.008798186479358676,-11865.401697796318,0.0,0.0,0.0,-0.008798186479358676,-11865.401697796318,1336753.626284118,14,False,
2022-07-21,1336753.626284118,-0.00996798701741783,-13324.742792286295,0.0,0.0,0.0,-0.00996798701741783,-13324.742792286295,1323428.8834918318,14,False,
2022-07-22,1323428.8834918318,-0.005123594414649119,-6780.71283564407,0.0,0.0,0.0,-0.005123594414649119,-6780.71283564407,1316648.1706561877,14,False,
2022-07-25,1316648.1706561877,0.011896560184966992,15663.584204638028,0.0,0.0,0.0,0.011896560184966992,15663.584204638028,1332311.7548608258,14,False,
2022-07-26,1332311.7548608258,-0.0056083860531691235,-7472.118664434736,0.0,0.0,0.0,-0.0056083860531691235,-7472.118664434736,1324839.6361963912,14,False,
2022-07-27,1324839.6361963912,0.003058447790628762,4051.952858262265,0.0,0.0,0.0,0.003058447790628762,4051.952858262265,1328891.5890546534,14,False,
2022-07-28,1328891.5890546534,0.0025764525462595783,3423.8261183227987,0.0,0.0,0.0,0.0025764525462595783,3423.8261183227987,1332315.4151729762,14,False,
2022-07-29,1332315.4151729762,0.013500171293726639,17986.486322107703,0.0,0.0,0.0,0.013500171293726639,17986.486322107703,1350301.901495084,14,False,
2022-08-01,1350301.901495084,-0.006332310115145445,-8550.530389337448,0.0,0.0,0.0,-0.006332310115145445,-8550.530389337448,1341751.3711057466,14,False,
2022-08-02,1341751.3711057466,-0.0007345774219762661,-985.6202631199797,0.5710574616903447,0.0005710574616903446,766.2171322031872,-0.0013056348836666108,-1751.837395323167,1339999.5337104234,13,True,2022-08-01
2022-08-03,1339999.5337104234,-0.004840749938572267,-6486.602660495599,0.0,0.0,0.0,-0.004840749938572267,-6486.602660495599,1333512.9310499278,13,False,
2022-08-04,1333512.9310499278,-0.013359150889128804,-17814.6004585004,0.0,0.0,0.0,-0.013359150889128804,-17814.6004585004,1315698.3305914274,13,False,
2022-08-05,1315698.3305914274,0.013848783552190975,18220.821400339682,0.0,0.0,0.0,0.013848783552190975,18220.821400339682,1333919.151991767,13,False,
2022-08-08,1333919.151991767,0.0049379577041545695,6586.836353297076,0.0,0.0,0.0,0.0049379577041545695,6586.836353297076,1340505.9883450642,13,False,
2022-08-09,1340505.9883450642,-3.624244837107738e-05,-48.583219073716045,0.0,0.0,0.0,-3.624244837107738e-05,-48.583219073716045,1340457.4051259905,13,False,
2022-08-10,1340457.4051259905,0.00770829138682105,10332.636270333167,0.0,0.0,0.0,0.00770829138682105,10332.636270333167,1350790.0413963236,13,False,
2022-08-11,1350790.0413963236,0.002464417608765098,3328.9107637616353,0.0,0.0,0.0,0.002464417608765098,3328.9107637616353,1354118.9521600853,13,False,
2022-08-12,1354118.9521600853,0.019157764686451084,25941.89224294663,0.0,0.0,0.0,0.019157764686451084,25941.89224294663,1380060.844403032,13,False,
2022-08-15,1380060.844403032,0.0035866319193208697,4949.770275140827,0.0,0.0,0.0,0.0035866319193208697,4949.770275140827,1385010.6146781729,13,False,
2022-08-16,1385010.6146781729,-0.008386984497150276,-11616.06255369441,0.6674322512102153,0.0006674322512102153,924.400752504697,-0.00905441674836049,-12540.463306199106,1372470.1513719738,14,True,2022-08-15
2022-08-17,1372470.1513719738,-0.006065303844448804,-8324.448485507664,0.0,0.0,0.0,-0.006065303844448804,-8324.448485507664,1364145.7028864662,14,False,
2022-08-18,1364145.7028864662,0.008827003386220193,12041.318738676562,0.0,0.0,0.0,0.008827003386220193,12041.318738676562,1376187.0216251428,14,False,
2022-08-19,1376187.0216251428,-0.006737167834374081,-9271.60293617598,0.0,0.0,0.0,-0.006737167834374081,-9271.60293617598,1366915.418688967,14,False,
2022-08-22,1366915.418688967,-0.01482079004650134,-20258.766431714652,0.0,0.0,0.0,-0.01482079004650134,-20258.766431714652,1346656.6522572523,14,False,
2022-08-23,1346656.6522572523,0.00932299537304074,12554.873738068894,0.0,0.0,0.0,0.00932299537304074,12554.873738068894,1359211.525995321,14,False,
2022-08-24,1359211.525995321,0.012114500726327143,16466.169018902543,0.0,0.0,0.0,0.012114500726327143,16466.169018902543,1375677.6950142237,14,False,
2022-08-25,1375677.6950142237,0.009093660822213299,12509.946359143541,0.0,0.0,0.0,0.009093660822213299,12509.946359143541,1388187.6413733673,14,False,
2022-08-26,1388187.6413733673,-0.030129190031539105,-41824.96924637224,0.0,0.0,0.0,-0.030129190031539105,-41824.96924637224,1346362.672126995,14,False,
2022-08-29,1346362.672126995,-0.002207351722704521,-2971.8959637045846,0.0,0.0,0.0,-0.002207351722704521,-2971.8959637045846,1343390.7761632903,14,False,
2022-08-30,1343390.7761632903,-0.010875117638779668,-14609.532725627307,0.7239172898322881,0.0007239172898322881,972.5038098658231,-0.011599034928611956,-15582.03653549313,1327808.7396277972,14,True,2022-08-29
2022-08-31,1327808.7396277972,-0.0012401337179036335,-1646.6603889395578,0.0,0.0,0.0,-0.0012401337179036335,-1646.6603889395578,1326162.0792388576,14,False,
2022-09-01,1326162.0792388576,-0.0009297004831728024,-1232.9335258338142,0.0,0.0,0.0,-0.0009297004831728024,-1232.9335258338142,1324929.1457130238,14,False,
2022-09-02,1324929.1457130238,-0.006533864931881329,-8656.908082401815,0.0,0.0,0.0,-0.006533864931881329,-8656.908082401815,1316272.237630622,14,False,
2022-09-06,1316272.237630622,0.004109755007973235,5409.556420458584,0.0,0.0,0.0,0.004109755007973235,5409.556420458584,1321681.7940510805,14,False,
2022-09-07,1321681.7940510805,0.021558779862581597,28493.84684632915,0.0,0.0,0.0,0.021558779862581597,28493.84684632915,1350175.6408974095,14,False,
2022-09-08,1350175.6408974095,0.012869553625892824,17376.157814903425,0.0,0.0,0.0,0.012869553625892824,17376.157814903425,1367551.798712313,14,False,
2022-09-09,1367551.798712313,0.007993483649017698,10931.502942191615,0.0,0.0,0.0,0.007993483649017698,10931.502942191615,1378483.3016545046,14,False,
2022-09-12,1378483.3016545046,0.0023618543235604003,3255.7767459685074,0.0,0.0,0.0,0.0023618543235604003,3255.7767459685074,1381739.078400473,14,False,
2022-09-13,1381739.078400473,-0.029467291094837172,-40716.107640338785,0.0,0.0,0.0,-0.029467291094837172,-40716.107640338785,1341022.9707601343,14,False,
2022-09-14,1341022.9707601343,0.004577549110721597,6138.598507260287,0.7158979917544251,0.0007158979917544252,960.0356516637333,0.003861651118967172,5178.562855596553,1346201.533615731,14,True,2022-09-13
2022-09-15,1346201.533615731,-0.016248285398854218,-21873.466722563637,0.0,0.0,0.0,-0.016248285398854218,-21873.466722563637,1324328.0668931673,14,False,
2022-09-16,1324328.0668931673,-0.007497196425322721,-9928.747649066003,0.0,0.0,0.0,-0.007497196425322721,-9928.747649066003,1314399.3192441014,14,False,
2022-09-19,1314399.3192441014,0.018881759485516195,24818.17181389334,0.0,0.0,0.0,0.018881759485516195,24818.17181389334,1339217.4910579948,14,False,
2022-09-20,1339217.4910579948,-0.006945258522835056,-9301.211693700317,0.0,0.0,0.0,-0.006945258522835056,-9301.211693700317,1329916.2793642944,14,False,
2022-09-21,1329916.2793642944,-0.012977361124689252,-17258.803822913564,0.0,0.0,0.0,-0.012977361124689252,-17258.803822913564,1312657.4755413807,14,False,
2022-09-22,1312657.4755413807,-0.008923364327419556,-11713.320891366566,0.0,0.0,0.0,-0.008923364327419556,-11713.320891366566,1300944.1546500141,14,False,
2022-09-23,1300944.1546500141,-0.03431704485970919,-44644.558915100984,0.0,0.0,0.0,-0.03431704485970919,-44644.558915100984,1256299.5957349131,14,False,
2022-09-26,1256299.5957349131,-0.01666448082940345,-20935.580529111765,0.0,0.0,0.0,-0.01666448082940345,-20935.580529111765,1235364.0152058015,14,False,
2022-09-27,1235364.0152058015,0.013328634524569241,16465.715463482527,0.0,0.0,0.0,0.013328634524569241,16465.715463482527,1251829.730669284,14,False,
2022-09-28,1251829.730669284,0.02665189321495838,33363.632305107865,0.9606757377289095,0.0009606757377289095,1202.6024500216965,0.02569121747722947,32161.02985508617,1283990.7605243702,14,True,2022-09-27
2022-09-29,1283990.7605243702,-0.02141624502430675,-27498.260736335887,0.0,0.0,0.0,-0.02141624502430675,-27498.260736335887,1256492.4997880342,14,False,
2022-09-30,1256492.4997880342,-0.007111488131679998,-8935.531499787538,0.0,0.0,0.0,-0.007111488131679998,-8935.531499787538,1247556.9682882468,14,False,
2022-10-03,1247556.9682882468,0.03622233771266585,45189.42982112643,0.0,0.0,0.0,0.03622233771266585,45189.42982112643,1292746.3981093732,14,False,
2022-10-04,1292746.3981093732,0.03381402641300049,43712.960850981595,0.0,0.0,0.0,0.03381402641300049,43712.960850981595,1336459.3589603547,14,False,
2022-10-05,1336459.3589603547,-0.007572860874358446,-10120.82078964104,0.0,0.0,0.0,-0.007572860874358446,-10120.82078964104,1326338.5381707137,14,False,
2022-10-06,1326338.5381707137,-0.01153345069034762,-15297.26012869967,0.0,0.0,0.0,-0.01153345069034762,-15297.26012869967,1311041.278042014,14,False,
2022-10-07,1311041.278042014,-0.01676695849511892,-21982.174694318113,0.0,0.0,0.0,-0.01676695849511892,-21982.174694318113,1289059.103347696,14,False,
2022-10-10,1289059.103347696,-0.00029593687769187416,-381.48012620500407,0.0,0.0,0.0,-0.00029593687769187416,-381.48012620500407,1288677.623221491,14,False,
2022-10-11,1288677.623221491,-9.481290031890222e-05,-122.18326303369906,0.0,0.0,0.0,-9.481290031890222e-05,-122.18326303369906,1288555.4399584574,14,False,
2022-10-12,1288555.4399584574,-0.013440554979533963,-17318.90023493922,0.8101441147833136,0.0008101441147833137,1043.9156062543677,-0.014250699094317277,-18362.815841193587,1270192.6241172638,14,True,2022-10-11
2022-10-13,1270192.6241172638,0.0167954290702187,21333.430123876467,0.0,0.0,0.0,0.0167954290702187,21333.430123876467,1291526.0542411404,14,False,
2022-10-14,1291526.0542411404,-0.031232624628230683,-40337.74844969344,0.0,0.0,0.0,-0.031232624628230683,-40337.74844969344,1251188.305791447,14,False,
2022-10-17,1251188.305791447,0.020610545638923197,25787.67367940161,0.0,0.0,0.0,0.020610545638923197,25787.67367940161,1276975.9794708486,14,False,
2022-10-18,1276975.9794708486,0.017697948526207395,22599.85515387835,0.0,0.0,0.0,0.017697948526207395,22599.85515387835,1299575.834624727,14,False,
2022-10-19,1299575.834624727,-0.009679081019849073,-12578.699794770713,0.0,0.0,0.0,-0.009679081019849073,-12578.699794770713,1286997.1348299563,14,False,
2022-10-20,1286997.1348299563,0.003322547756339083,4276.109442744099,0.0,0.0,0.0,0.003322547756339083,4276.109442744099,1291273.2442727005,14,False,
2022-10-21,1291273.2442727005,0.033731069662259944,43556.02775557486,0.0,0.0,0.0,0.033731069662259944,43556.02775557486,1334829.2720282753,14,False,
2022-10-24,1334829.2720282753,-0.007252904241210395,-9681.388888385662,0.0,0.0,0.0,-0.007252904241210395,-9681.388888385662,1325147.8831398897,14,False,
2022-10-25,1325147.8831398897,0.008642588619993417,11452.708014633177,0.0,0.0,0.0,0.008642588619993417,11452.708014633177,1336600.591154523,14,False,
2022-10-26,1336600.591154523,0.004295902607757537,5741.9059650709805,0.649787370202574,0.0006497873702025741,868.5061831375034,0.003646115237554963,4873.399781933477,1341473.9909364565,14,True,2022-10-25
2022-10-27,1341473.9909364565,0.00443240374954932,5945.95434734964,0.0,0.0,0.0,0.00443240374954932,5945.95434734964,1347419.9452838062,14,False,
2022-10-28,1347419.9452838062,0.01852796262418971,24964.946385306102,0.0,0.0,0.0,0.01852796262418971,24964.946385306102,1372384.8916691123,14,False,
2022-10-31,1372384.8916691123,-0.0013302863476584695,-1825.6648851201676,0.0,0.0,0.0,-0.0013302863476584695,-1825.6648851201676,1370559.226783992,14,False,
2022-11-01,1370559.226783992,0.014731674457689605,20190.63235396455,0.0,0.0,0.0,0.014731674457689605,20190.63235396455,1390749.8591379565,14,False,
2022-11-02,1390749.8591379565,-0.022649849601815663,-31500.275143221035,0.0,0.0,0.0,-0.022649849601815663,-31500.275143221035,1359249.5839947355,14,False,
2022-11-03,1359249.5839947355,0.011842883645193375,16097.434668027152,0.0,0.0,0.0,0.011842883645193375,16097.434668027152,1375347.0186627626,14,False,
2022-11-04,1375347.0186627626,0.006796992825297292,9348.22381814482,0.0,0.0,0.0,0.006796992825297292,9348.22381814482,1384695.2424809074,14,False,
2022-11-07,1384695.2424809074,0.004323679461237315,5986.978379987723,0.0,0.0,0.0,0.004323679461237315,5986.978379987723,1390682.220860895,14,False,
2022-11-08,1390682.220860895,0.005424296063525079,7543.472096230067,0.0,0.0,0.0,0.005424296063525079,7543.472096230067,1398225.6929571251,14,False,
2022-11-09,1398225.6929571251,-0.021961626203999392,-30707.31001755241,0.4841543303455581,0.00048415433034555813,676.9570240456109,-0.02244578053434495,-31384.267041598017,1366841.4259155272,14,True,2022-11-08
2022-11-10,1366841.4259155272,0.02480234154701323,33900.86788616348,0.0,0.0,0.0,0.02480234154701323,33900.86788616348,1400742.2938016907,14,False,
2022-11-11,1400742.2938016907,-0.006834893076398159,-9573.923805723252,0.0,0.0,0.0,-0.006834893076398159,-9573.923805723252,1391168.3699959675,14,False,
2022-11-14,1391168.3699959675,0.0046904728926884225,6525.237528631624,0.0,0.0,0.0,0.0046904728926884225,6525.237528631624,1397693.6075245992,14,False,
2022-11-15,1397693.6075245992,0.010860484129348962,15179.629242213407,0.0,0.0,0.0,0.010860484129348962,15179.629242213407,1412873.2367668126,14,False,
2022-11-16,1412873.2367668126,-0.0092280525266729,-13038.068442414504,0.0,0.0,0.0,-0.0092280525266729,-13038.068442414504,1399835.168324398,14,False,
2022-11-17,1399835.168324398,0.002012106807800066,2816.617871983473,0.0,0.0,0.0,0.002012106807800066,2816.617871983473,1402651.7861963816,14,False,
2022-11-18,1402651.7861963816,0.003874132747979848,5434.05921891583,0.0,0.0,0.0,0.003874132747979848,5434.05921891583,1408085.8454152974,14,False,
2022-11-21,1408085.8454152974,-0.0025589632573541164,-3603.2399416181543,0.0,0.0,0.0,-0.0025589632573541164,-3603.2399416181543,1404482.6054736793,14,False,
2022-11-22,1404482.6054736793,0.016761910265058678,23541.81140178562,0.0,0.0,0.0,0.016761910265058678,23541.81140178562,1428024.4168754648,14,False,
2022-11-23,1428024.4168754648,-0.006383791866351383,-9116.210657400768,0.4519191772729765,0.00045191917727297647,645.351619600082,-0.006835711043624359,-9761.56227700085,1418262.854598464,14,True,2022-11-22
2022-11-25,1418262.854598464,0.004263202658368586,6046.341971989591,0.0,0.0,0.0,0.004263202658368586,6046.341971989591,1424309.1965704535,14,False,
2022-11-28,1424309.1965704535,-0.011965021960683758,-17041.890815769315,0.0,0.0,0.0,-0.011965021960683758,-17041.890815769315,1407267.3057546841,14,False,
2022-11-29,1407267.3057546841,0.004442052938030481,6251.155870121834,0.0,0.0,0.0,0.004442052938030481,6251.155870121834,1413518.461624806,14,False,
2022-11-30,1413518.461624806,0.012850700570423656,18164.702501106265,0.0,0.0,0.0,0.012850700570423656,18164.702501106265,1431683.1641259124,14,False,
2022-12-01,1431683.1641259124,-0.005310834107293696,-7603.431778878054,0.0,0.0,0.0,-0.005310834107293696,-7603.431778878054,1424079.7323470344,14,False,
2022-12-02,1424079.7323470344,0.007604477769413818,10829.382666505804,0.0,0.0,0.0,0.007604477769413818,10829.382666505804,1434909.1150135403,14,False,
2022-12-05,1434909.1150135403,-0.021179141375340396,-30390.143007636343,0.0,0.0,0.0,-0.021179141375340396,-30390.143007636343,1404518.972005904,14,False,
2022-12-06,1404518.972005904,-0.003712154640245935,-5213.791619245167,0.0,0.0,0.0,-0.003712154640245935,-5213.791619245167,1399305.1803866588,14,False,
2022-12-07,1399305.1803866588,4.683707396331625e-06,6.553936023102152,0.0,0.0,0.0,4.683707396331625e-06,6.553936023102152,1399311.7343226818,14,False,
2022-12-08,1399311.7343226818,0.0025672877253117778,3592.4358394113565,0.7277263359290608,0.0007277263359290608,1018.3160012411846,0.001839561389382717,2574.119838170172,1401885.854160852,14,True,2022-12-07
2022-12-09,1401885.854160852,-0.013818453092903379,-19371.89391732652,0.0,0.0,0.0,-0.013818453092903379,-19371.89391732652,1382513.9602435254,14,False,
2022-12-12,1382513.9602435254,0.019213819954572997,26563.374316802787,0.0,0.0,0.0,0.019213819954572997,26563.374316802787,1409077.3345603282,14,False,
2022-12-13,1409077.3345603282,0.007119865343522096,10032.44088067857,0.0,0.0,0.0,0.007119865343522096,10032.44088067857,1419109.7754410068,14,False,
2022-12-14,1419109.7754410068,0.002709222177035964,3844.683675273302,0.0,0.0,0.0,0.002709222177035964,3844.683675273302,1422954.45911628,14,False,
2022-12-15,1422954.45911628,-0.015176442485614429,-21595.386508426815,0.0,0.0,0.0,-0.015176442485614429,-21595.386508426815,1401359.0726078532,14,False,
2022-12-16,1401359.0726078532,-0.0015086076266577091,-2114.100984622182,0.0,0.0,0.0,-0.0015086076266577091,-2114.100984622182,1399244.971623231,14,False,
2022-12-19,1399244.971623231,-0.010720946740824744,-15001.23081813949,0.0,0.0,0.0,-0.010720946740824744,-15001.23081813949,1384243.7408050916,14,False,
2022-12-20,1384243.7408050916,0.009037480379131095,12510.075647461044,0.0,0.0,0.0,0.009037480379131095,12510.075647461044,1396753.8164525526,14,False,
2022-12-21,1396753.8164525526,0.01221054611484924,17055.126886885566,0.0,0.0,0.0,0.01221054611484924,17055.126886885566,1413808.9433394382,14,False,
2022-12-22,1413808.9433394382,-0.008547447957386859,-12084.458364881953,0.5585017399550505,0.0005585017399550505,789.6147548190876,-0.009105949697341909,-12874.073119701041,1400934.870219737,14,True,2022-12-21
2022-12-23,1400934.870219737,0.0014161388595597408,1983.918309430452,0.0,0.0,0.0,0.0014161388595597408,1983.918309430452,1402918.7885291674,14,False,
2022-12-27,1402918.7885291674,0.0036660390461481273,5143.155057322755,0.0,0.0,0.0,0.0036660390461481273,5143.155057322755,1408061.9435864901,14,False,
2022-12-28,1408061.9435864901,-0.0166428746231036,-23434.198388673525,0.0,0.0,0.0,-0.0166428746231036,-23434.198388673525,1384627.7451978165,14,False,
2022-12-29,1384627.7451978165,0.012772702024773205,17685.437604645307,0.0,0.0,0.0,0.012772702024773205,17685.437604645307,1402313.1828024618,14,False,
2022-12-30,1402313.1828024618,0.0019728109156096625,2766.4987541360247,0.0,0.0,0.0,0.0019728109156096625,2766.4987541360247,1405079.6815565978,14,False,
2023-01-03,1405079.6815565978,-0.0021314028699517926,-2994.7908657806834,0.0,0.0,0.0,-0.0021314028699517926,-2994.7908657806834,1402084.890690817,14,False,
2023-01-04,1402084.890690817,0.016096005715708614,22567.96641446808,0.0,0.0,0.0,0.016096005715708614,22567.96641446808,1424652.8571052852,14,False,
2023-01-05,1424652.8571052852,-0.0016772754351823645,-2389.5352408850663,0.0,0.0,0.0,-0.0016772754351823645,-2389.5352408850663,1422263.3218644,14,False,
2023-01-06,1422263.3218644,0.022876174277708314,32535.94361976237,0.0,0.0,0.0,0.022876174277708314,32535.94361976237,1454799.2654841624,14,False,
2023-01-09,1454799.2654841624,-0.0036949992985673367,-5375.482265520257,0.6635991069459566,0.0006635991069459566,965.4034933609238,-0.004358598405513293,-6340.88575888118,1448458.3797252811,14,True,2023-01-06
2023-01-10,1448458.3797252811,0.02051501957811143,29715.1520181437,0.0,0.0,0.0,0.02051501957811143,29715.1520181437,1478173.531743425,14,False,
2023-01-11,1478173.531743425,-0.001614889262744377,-2387.0865648853915,0.0,0.0,0.0,-0.001614889262744377,-2387.0865648853915,1475786.4451785395,14,False,
2023-01-12,1475786.4451785395,0.013117714419613504,19358.94513218868,0.0,0.0,0.0,0.013117714419613504,19358.94513218868,1495145.3903107282,14,False,
2023-01-13,1495145.3903107282,0.010044945565895573,15018.654058770955,0.0,0.0,0.0,0.010044945565895573,15018.654058770955,1510164.0443694992,14,False,
2023-01-17,1510164.0443694992,-0.008071766785241906,-12189.691973608307,0.0,0.0,0.0,-0.008071766785241906,-12189.691973608307,1497974.352395891,14,False,
2023-01-18,1497974.352395891,-0.009195905128464011,-13775.23002950493,0.0,0.0,0.0,-0.009195905128464011,-13775.23002950493,1484199.122366386,14,False,
2023-01-19,1484199.122366386,-0.014262797633492625,-21168.83173011912,0.0,0.0,0.0,-0.014262797633492625,-21168.83173011912,1463030.2906362668,14,False,
2023-01-20,1463030.2906362668,0.006473310282448218,9470.64902390895,0.0,0.0,0.0,0.006473310282448218,9470.64902390895,1472500.9396601757,14,False,
2023-01-23,1472500.9396601757,0.011101088037106573,16346.362565889765,0.0,0.0,0.0,0.011101088037106573,16346.362565889765,1488847.3022260654,14,False,
2023-01-24,1488847.3022260654,-0.0006619023482126061,-985.4715254734364,0.4349702844608492,0.0004349702844608492,647.6043345680396,-0.0010968726326734553,-1633.075860041476,1487214.226366024,13,True,2023-01-23
2023-01-25,1487214.226366024,0.004442344700622683,6606.71823718777,0.0,0.0,0.0,0.004442344700622683,6606.71823718777,1493820.9446032117,13,False,
2023-01-26,1493820.9446032117,0.013170230595889693,19673.96630939406,0.0,0.0,0.0,0.013170230595889693,19673.96630939406,1513494.9109126057,13,False,
2023-01-27,1513494.9109126057,-0.0039006508645420637,-5903.615232731269,0.0,0.0,0.0,-0.0039006508645420637,-5903.615232731269,1507591.2956798745,13,False,
2023-01-30,1507591.2956798745,-0.012604649021405942,-19002.659149771447,0.0,0.0,0.0,-0.012604649021405942,-19002.659149771447,1488588.636530103,13,False,
2023-01-31,1488588.636530103,0.019448064486877005,28950.167797669757,0.0,0.0,0.0,0.019448064486877005,28950.167797669757,1517538.8043277727,13,False,
2023-02-01,1517538.8043277727,0.005486715021843893,8326.30295393621,0.0,0.0,0.0,0.005486715021843893,8326.30295393621,1525865.1072817089,13,False,
2023-02-02,1525865.1072817089,-0.021387313080091973,-32634.154767422035,0.0,0.0,0.0,-0.021387313080091973,-32634.154767422035,1493230.9525142869,13,False,
2023-02-03,1493230.9525142869,-0.0038440806212984395,-5740.10016768318,0.0,0.0,0.0,-0.0038440806212984395,-5740.10016768318,1487490.8523466038,13,False,
2023-02-06,1487490.8523466038,-0.004519932963203839,-6723.358935985589,0.0,0.0,0.0,-0.004519932963203839,-6723.358935985589,1480767.4934106183,13,False,
2023-02-07,1480767.4934106183,0.018039905380449583,26712.905471573056,0.5541131468984755,0.0005541131468984754,820.5127355987252,0.01748579223355111,25892.392735974332,1506659.8861465927,14,True,2023-02-06
2023-02-08,1506659.8861465927,-0.0038786173699951318,-5843.757205083062,0.0,0.0,0.0,-0.0038786173699951318,-5843.757205083062,1500816.1289415096,14,False,
2023-02-09,1500816.1289415096,-0.004073869692856078,-6114.129342244396,0.0,0.0,0.0,-0.004073869692856078,-6114.129342244396,1494701.9995992652,14,False,
2023-02-10,1494701.9995992652,0.005111762912810888,7640.562247255799,0.0,0.0,0.0,0.005111762912810888,7640.562247255799,1502342.561846521,14,False,
2023-02-13,1502342.561846521,0.01165853316200319,17515.110577976495,0.0,0.0,0.0,0.01165853316200319,17515.110577976495,1519857.6724244975,14,False,
2023-02-14,1519857.6724244975,0.004110892769594792,6247.971916383037,0.0,0.0,0.0,0.004110892769594792,6247.971916383037,1526105.6443408807,14,False,
2023-02-15,1526105.6443408807,0.0018129180908110021,2766.704531114364,0.0,0.0,0.0,0.0018129180908110021,2766.704531114364,1528872.348871995,14,False,
2023-02-16,1528872.348871995,-0.01095973581977914,-16756.037045802273,0.0,0.0,0.0,-0.01095973581977914,-16756.037045802273,1512116.3118261928,14,False,
2023-02-17,1512116.3118261928,-0.013400481143171654,-20263.086122909164,0.0,0.0,0.0,-0.013400481143171654,-20263.086122909164,1491853.2257032837,14,False,
2023-02-21,1491853.2257032837,-0.0069902517306315816,-10428.429592820687,0.0,0.0,0.0,-0.0069902517306315816,-10428.429592820687,1481424.796110463,14,False,
2023-02-22,1481424.796110463,9.168413956474135e-05,135.8231577612602,0.867236353179461,0.000867236353179461,1284.7454376884646,-0.0007755522136147197,-1148.9222799272043,1480275.873830536,14,True,2023-02-21
2023-02-23,1480275.873830536,0.0173299335685003,25653.08255653692,0.0,0.0,0.0,0.0173299335685003,25653.08255653692,1505928.9563870728,14,False,
2023-02-24,1505928.9563870728,-0.008082684703465043,-12171.94894029487,0.0,0.0,0.0,-0.008082684703465043,-12171.94894029487,1493757.007446778,14,False,
2023-02-27,1493757.007446778,0.008702961808868273,13000.11018753867,0.0,0.0,0.0,0.008702961808868273,13000.11018753867,1506757.1176343167,14,False,
2023-02-28,1506757.1176343167,0.011374403248411599,17138.46305338707,0.0,0.0,0.0,0.011374403248411599,17138.46305338707,1523895.5806877038,14,False,
2023-03-01,1523895.5806877038,-0.003991444365409691,-6082.544429008663,0.0,0.0,0.0,-0.003991444365409691,-6082.544429008663,1517813.0362586952,14,False,
2023-03-02,1517813.0362586952,0.012377113434493565,18786.144122126963,0.0,0.0,0.0,0.012377113434493565,18786.144122126963,1536599.1803808222,14,False,
2023-03-03,1536599.1803808222,0.028030006193962738,43070.88454371251,0.0,0.0,0.0,0.028030006193962738,43070.88454371251,1579670.0649245346,14,False,
2023-03-06,1579670.0649245346,-0.010431570388343178,-16478.43947261892,0.0,0.0,0.0,-0.010431570388343178,-16478.43947261892,1563191.6254519157,14,False,
2023-03-07,1563191.6254519157,-0.011916658157597784,-18628.02023533011,0.0,0.0,0.0,-0.011916658157597784,-18628.02023533011,1544563.6052165856,14,False,
2023-03-08,1544563.6052165856,0.0053093573040823225,8200.640058976403,0.5530102778428596,0.0005530102778428597,854.159548466793,0.004756347026239463,7346.480510509611,1551910.0857270951,14,True,2023-03-07
2023-03-09,1551910.0857270951,-0.027423708695537466,-42559.13011264643,0.0,0.0,0.0,-0.027423708695537466,-42559.13011264643,1509350.9556144488,14,False,
2023-03-10,1509350.9556144488,-0.024179497634475567,-36495.347860873,0.0,0.0,0.0,-0.024179497634475567,-36495.347860873,1472855.6077535758,14,False,
2023-03-13,1472855.6077535758,-0.013839695260101037,-20383.872773440395,0.0,0.0,0.0,-0.013839695260101037,-20383.872773440395,1452471.7349801355,14,False,
2023-03-14,1452471.7349801355,0.021967176913351295,31906.703563950934,0.0,0.0,0.0,0.021967176913351295,31906.703563950934,1484378.4385440864,14,False,
2023-03-15,1484378.4385440864,-0.038220069309595324,-56733.04680282387,0.0,0.0,0.0,-0.038220069309595324,-56733.04680282387,1427645.3917412625,14,False,
2023-03-16,1427645.3917412625,0.030658313035469665,43769.19932364934,0.0,0.0,0.0,0.030658313035469665,43769.19932364934,1471414.5910649118,14,False,
2023-03-17,1471414.5910649118,-0.02175926306735738,-32016.8971681295,0.0,0.0,0.0,-0.02175926306735738,-32016.8971681295,1439397.6938967824,14,False,
2023-03-20,1439397.6938967824,0.014759942781831025,21245.427602216037,0.0,0.0,0.0,0.014759942781831025,21245.427602216037,1460643.1214989985,14,False,
2023-03-21,1460643.1214989985,0.019692213188045402,28763.295740210382,0.0,0.0,0.0,0.019692213188045402,28763.295740210382,1489406.417239209,14,False,
2023-03-22,1489406.417239209,-0.01853502803085073,-27606.189692857697,0.2889048277336224,0.0002889048277336224,430.2967043978454,-0.01882393285858435,-28036.48639725554,1461369.9308419535,14,True,2023-03-21
2023-03-23,1461369.9308419535,0.0011274582398606626,1647.633570012367,0.0,0.0,0.0,0.0011274582398606626,1647.633570012367,1463017.564411966,14,False,
2023-03-24,1463017.564411966,-0.0006460805524847284,-945.2271963101446,0.0,0.0,0.0,-0.0006460805524847284,-945.2271963101446,1462072.3372156557,14,False,
2023-03-27,1462072.3372156557,0.006745289524435256,9862.101220187335,0.0,0.0,0.0,0.006745289524435256,9862.101220187335,1471934.438435843,14,False,
2023-03-28,1471934.438435843,0.00547905283706791,8064.806560889866,0.0,0.0,0.0,0.00547905283706791,8064.806560889866,1479999.2449967328,14,False,
2023-03-29,1479999.2449967328,0.013741868655732258,20337.95523532801,0.0,0.0,0.0,0.013741868655732258,20337.95523532801,1500337.2002320609,14,False,
2023-03-30,1500337.2002320609,0.003507684132481833,5262.708990626218,0.0,0.0,0.0,0.003507684132481833,5262.708990626218,1505599.9092226871,14,False,
2023-03-31,1505599.9092226871,0.01746466071709918,26294.791590269553,0.0,0.0,0.0,0.01746466071709918,26294.791590269553,1531894.7008129568,14,False,
2023-04-03,1531894.7008129568,-0.0008355165825895618,-1279.923425310301,0.0,0.0,0.0,-0.0008355165825895618,-1279.923425310301,1530614.7773876465,14,False,
2023-04-04,1530614.7773876465,-0.03229493117766049,-49431.09889524418,0.0,0.0,0.0,-0.03229493117766049,-49431.09889524418,1481183.6784924024,14,False,
2023-04-05,1481183.6784924024,-0.002727186258404839,-4039.4637741580113,0.34128547943828824,0.00034128547943828826,505.50648185044696,-0.0030684717378431274,-4544.970256008458,1476638.708236394,14,True,2023-04-04
2023-04-06,1476638.708236394,-0.0017996408876146917,-2657.419395576756,0.0,0.0,0.0,-0.0017996408876146917,-2657.419395576756,1473981.2888408173,14,False,
2023-04-10,1473981.2888408173,0.008839407280336723,13029.120935659626,0.0,0.0,0.0,0.008839407280336723,13029.120935659626,1487010.409776477,14,False,
2023-04-11,1487010.409776477,-0.00020400788649378612,-303.3618508927579,0.0,0.0,0.0,-0.00020400788649378612,-303.3618508927579,1486707.0479255843,14,False,
2023-04-12,1486707.0479255843,-0.0032972550184092765,-4902.052274677073,0.0,0.0,0.0,-0.0032972550184092765,-4902.052274677073,1481804.9956509073,14,False,
2023-04-13,1481804.9956509073,0.014486882095420067,21466.73426039914,0.0,0.0,0.0,0.014486882095420067,21466.73426039914,1503271.7299113064,14,False,
2023-04-14,1503271.7299113064,0.00019307740109000978,290.24779874335815,0.0,0.0,0.0,0.00019307740109000978,290.24779874335815,1503561.9777100498,14,False,
2023-04-17,1503561.9777100498,0.00459807627176895,6913.492652842575,0.0,0.0,0.0,0.00459807627176895,6913.492652842575,1510475.4703628924,14,False,
2023-04-18,1510475.4703628924,0.003439295180809516,5194.971005950083,0.0,0.0,0.0,0.003439295180809516,5194.971005950083,1515670.4413688425,14,False,
2023-04-19,1515670.4413688425,-0.003961910597309907,-6004.950783688601,0.0,0.0,0.0,-0.003961910597309907,-6004.950783688601,1509665.490585154,14,False,
2023-04-20,1509665.490585154,-0.004487805152549403,-6775.084567274076,0.25251368635079807,0.0002525136863507981,381.21119818424324,-0.004740318838900201,-7156.29576545832,1502509.1948196955,14,True,2023-04-19
2023-04-21,1502509.1948196955,-0.0018393177100754273,-2763.5917715830365,0.0,0.0,0.0,-0.0018393177100754273,-2763.5917715830365,1499745.6030481125,14,False,
2023-04-24,1499745.6030481125,0.004667156838529054,6999.547947319878,0.0,0.0,0.0,0.004667156838529054,6999.547947319878,1506745.1509954324,14,False,
2023-04-25,1506745.1509954324,-0.013336169977384366,-20094.20944627476,0.0,0.0,0.0,-0.013336169977384366,-20094.20944627476,1486650.9415491577,14,False,
2023-04-26,1486650.9415491577,-0.013301486638858143,-19774.667635662,0.0,0.0,0.0,-0.013301486638858143,-19774.667635662,1466876.2739134957,14,False,
2023-04-27,1466876.2739134957,0.025356496937557305,37194.843747263025,0.0,0.0,0.0,0.025356496937557305,37194.843747263025,1504071.1176607588,14,False,
2023-04-28,1504071.1176607588,0.0032039799834287013,4819.013754638307,0.0,0.0,0.0,0.0032039799834287013,4819.013754638307,1508890.1314153972,14,False,
2023-05-01,1508890.1314153972,0.004957445733312735,7480.240944022952,0.0,0.0,0.0,0.004957445733312735,7480.240944022952,1516370.3723594202,14,False,
2023-05-02,1516370.3723594202,-0.012321572891030686,-18684.06807282594,0.0,0.0,0.0,-0.012321572891030686,-18684.06807282594,1497686.3042865943,14,False,
2023-05-03,1497686.3042865943,-0.011504108133080691,-17229.54519394697,0.0,0.0,0.0,-0.011504108133080691,-17229.54519394697,1480456.7590926473,14,False,
2023-05-04,1480456.7590926473,-0.012288974493811817,-18193.29535168085,0.3727801964680202,0.0003727801964680202,551.8849615169655,-0.012661754690279838,-18745.180313197816,1461711.5787794495,14,True,2023-05-03
2023-05-05,1461711.5787794495,0.015120235854011232,22101.423821684395,0.0,0.0,0.0,0.015120235854011232,22101.423821684395,1483813.002601134,14,False,
2023-05-08,1483813.002601134,0.0023915071341723787,3548.54938149835,0.0,0.0,0.0,0.0023915071341723787,3548.54938149835,1487361.5519826321,14,False,
2023-05-09,1487361.5519826321,-0.0024574567127999716,-3655.1266302803033,0.0,0.0,0.0,-0.0024574567127999716,-3655.1266302803033,1483706.4253523517,14,False,
2023-05-10,1483706.4253523517,0.001776104206673614,2635.217223536982,0.0,0.0,0.0,0.001776104206673614,2635.217223536982,1486341.6425758887,14,False,
2023-05-11,1486341.6425758887,-0.005228436447296875,-7771.2428171788815,0.0,0.0,0.0,-0.005228436447296875,-7771.2428171788815,1478570.3997587098,14,False,
2023-05-12,1478570.3997587098,0.02518066545069906,37231.38658163044,0.0,0.0,0.0,0.02518066545069906,37231.38658163044,1515801.7863403403,14,False,
2023-05-15,1515801.7863403403,-0.0021310726519641696,-3230.283732668335,0.0,0.0,0.0,-0.0021310726519641696,-3230.283732668335,1512571.502607672,14,False,
2023-05-16,1512571.502607672,-0.01263157679018066,-19106.163085827757,0.0,0.0,0.0,-0.01263157679018066,-19106.163085827757,1493465.3395218442,14,False,
2023-05-17,1493465.3395218442,0.00543966972366882,8123.95819074575,0.0,0.0,0.0,0.00543966972366882,8123.95819074575,1501589.2977125898,14,False,
2023-05-18,1501589.2977125898,0.011101804286066202,16670.35050125677,0.44098744773486864,0.00044098744773486866,662.1820319442688,0.010660816838331333,16008.168469312499,1517597.4661819024,14,True,2023-05-17
2023-05-19,1517597.4661819024,0.002487212508148945,3774.587400222774,0.0,0.0,0.0,0.002487212508148945,3774.587400222774,1521372.053582125,14,False,
2023-05-22,1521372.053582125,-0.0072923176549974204,-11094.328286156613,0.0,0.0,0.0,-0.0072923176549974204,-11094.328286156613,1510277.7252959686,14,False,
2023-05-23,1510277.7252959686,-0.020751487410036896,-31340.509202138455,0.0,0.0,0.0,-0.020751487410036896,-31340.509202138455,1478937.21609383,14,False,
2023-05-24,1478937.21609383,-0.0037839248143262207,-5596.187230807984,0.0,0.0,0.0,-0.0037839248143262207,-5596.187230807984,1473341.028863022,14,False,
2023-05-25,1473341.028863022,0.026722671514936108,39371.60834378454,0.0,0.0,0.0,0.026722671514936108,39371.60834378454,1512712.6372068066,14,False,
2023-05-26,1512712.6372068066,0.006311957844334968,9548.178396642139,0.0,0.0,0.0,0.006311957844334968,9548.178396642139,1522260.8156034488,14,False,
2023-05-30,1522260.8156034488,0.0011318240849489348,1722.9314546739927,0.0,0.0,0.0,0.0011318240849489348,1722.9314546739927,1523983.747058123,14,False,
2023-05-31,1523983.747058123,-0.006342144835523171,-9665.325650825924,0.0,0.0,0.0,-0.006342144835523171,-9665.325650825924,1514318.421407297,14,False,
2023-06-01,1514318.421407297,0.013551838026443861,20521.797967371847,0.0,0.0,0.0,0.013551838026443861,20521.797967371847,1534840.2193746688,14,False,
2023-06-02,1534840.2193746688,0.009512175213777743,14599.669091844919,0.33416192304801157,0.0003341619230480116,512.8851592776713,0.009178013290729732,14086.783932567248,1548927.0033072361,14,True,2023-06-01
2023-06-05,1548927.0033072361,-0.00019373806612867832,-300.08612219523286,0.0,0.0,0.0,-0.00019373806612867832,-300.08612219523286,1548626.917185041,14,False,
2023-06-06,1548626.917185041,-0.002987427804184729,-4626.411110707473,0.0,0.0,0.0,-0.002987427804184729,-4626.411110707473,1544000.5060743333,14,False,
2023-06-07,1544000.5060743333,-0.01097405865511188,-16943.95211718216,0.0,0.0,0.0,-0.01097405865511188,-16943.95211718216,1527056.5539571512,14,False,
2023-06-08,1527056.5539571512,0.008039742446212767,12277.141394616705,0.0,0.0,0.0,0.008039742446212767,12277.141394616705,1539333.695351768,14,False,
2023-06-09,1539333.695351768,0.0024358603478118112,3749.6019105579985,0.0,0.0,0.0,0.0024358603478118112,3749.6019105579985,1543083.297262326,14,False,
2023-06-12,1543083.297262326,0.005085014874719449,7846.601519510062,0.0,0.0,0.0,0.005085014874719449,7846.601519510062,1550929.8987818363,14,False,
2023-06-13,1550929.8987818363,0.005721034630027334,8872.923659675673,0.0,0.0,0.0,0.005721034630027334,8872.923659675673,1559802.822441512,14,False,
2023-06-14,1559802.822441512,0.004253464315664023,6634.565644726998,0.0,0.0,0.0,0.004253464315664023,6634.565644726998,1566437.388086239,14,False,
2023-06-15,1566437.388086239,0.00925395541842812,14495.741755109044,0.0,0.0,0.0,0.00925395541842812,14495.741755109044,1580933.1298413482,14,False,
2023-06-16,1580933.1298413482,-0.009284071685062557,-14677.496506737387,0.5205232106663789,0.0005205232106663788,822.9123885938657,-0.009804594895728935,-15500.408895331253,1565432.720946017,14,True,2023-06-15
2023-06-20,1565432.720946017,0.0028663662119293503,4487.10345836829,0.0,0.0,0.0,0.0028663662119293503,4487.10345836829,1569919.8244043852,14,False,
2023-06-21,1569919.8244043852,-0.0033400235326876094,-5243.569157943446,0.0,0.0,0.0,-0.0033400235326876094,-5243.569157943446,1564676.2552464418,14,False,
2023-06-22,1564676.2552464418,-0.0008930100889254287,-1397.2716818371318,0.0,0.0,0.0,-0.0008930100889254287,-1397.2716818371318,1563278.9835646048,14,False,
2023-06-23,1563278.9835646048,-0.0006558334949218334,-1025.2507193290262,0.0,0.0,0.0,-0.0006558334949218334,-1025.2507193290262,1562253.7328452757,14,False,
2023-06-26,1562253.7328452757,-0.007009043847360934,-10949.904914215833,0.0,0.0,0.0,-0.007009043847360934,-10949.904914215833,1551303.8279310598,14,False,
2023-06-27,1551303.8279310598,0.013682985111659877,21226.467181241667,0.0,0.0,0.0,0.013682985111659877,21226.467181241667,1572530.2951123014,14,False,
2023-06-28,1572530.2951123014,0.0023582105333844164,3708.357505999934,0.0,0.0,0.0,0.0023582105333844164,3708.357505999934,1576238.6526183013,14,False,
2023-06-29,1576238.6526183013,0.005445118593812493,8582.806395657863,0.0,0.0,0.0,0.005445118593812493,8582.806395657863,1584821.4590139592,14,False,
2023-06-30,1584821.4590139592,0.010455153010379465,16569.55084812377,0.0,0.0,0.0,0.010455153010379465,16569.55084812377,1601391.009862083,14,False,
2023-07-03,1601391.009862083,-0.0013023811561241288,-2085.621474830966,0.6628966514533683,0.0006628966514533683,1061.5567381051028,-0.001965277807577497,-3147.1782129360686,1598243.831649147,13,True,2023-06-30
2023-07-05,1598243.831649147,-0.0025055874899535787,-4004.539750475576,0.0,0.0,0.0,-0.0025055874899535787,-4004.539750475576,1594239.2918986713,13,False,
2023-07-06,1594239.2918986713,-0.015080473518054315,-24041.883422919575,0.0,0.0,0.0,-0.015080473518054315,-24041.883422919575,1570197.4084757518,13,False,
2023-07-07,1570197.4084757518,0.0015510350088616246,2435.4311513696875,0.0,0.0,0.0,0.0015510350088616246,2435.4311513696875,1572632.8396271213,13,False,
2023-07-10,1572632.8396271213,0.015477277001547204,24340.07408063872,0.0,0.0,0.0,0.015477277001547204,24340.07408063872,1596972.9137077602,13,False,
2023-07-11,1596972.9137077602,0.0014785590903805242,2361.218818654081,0.0,0.0,0.0,0.0014785590903805242,2361.218818654081,1599334.1325264142,13,False,
2023-07-12,1599334.1325264142,0.0018473339621992214,2954.5042599204753,0.0,0.0,0.0,0.0018473339621992214,2954.5042599204753,1602288.6367863347,13,False,
2023-07-13,1602288.6367863347,0.0029214566561283324,4681.01680297823,0.0,0.0,0.0,0.0029214566561283324,4681.01680297823,1606969.653589313,13,False,
2023-07-14,1606969.653589313,-0.005121700505773777,-8230.417287551494,0.0,0.0,0.0,-0.005121700505773777,-8230.417287551494,1598739.2363017614,13,False,
2023-07-17,1598739.2363017614,0.009844847678442743,15739.34425894072,0.0,0.0,0.0,0.009844847678442743,15739.34425894072,1614478.5805607021,13,False,
2023-07-18,1614478.5805607021,0.008456855593651879,13653.41221484592,0.6636632399023737,0.0006636632399023738,1071.4700855279011,0.0077931923537495045,12581.942129318017,1627060.52269002,14,True,2023-07-17
2023-07-19,1627060.52269002,-0.0007647032726945016,-1244.2185065730846,0.0,0.0,0.0,-0.0007647032726945016,-1244.2185065730846,1625816.304183447,14,False,
2023-07-20,1625816.304183447,-0.0013807847272515376,-2244.9023221330435,0.0,0.0,0.0,-0.0013807847272515376,-2244.9023221330435,1623571.401861314,14,False,
2023-07-21,1623571.401861314,-0.008236178872399698,-13372.024477842513,0.0,0.0,0.0,-0.008236178872399698,-13372.024477842513,1610199.3773834715,14,False,
2023-07-24,1610199.3773834715,0.0007919368514159582,1275.1762250770025,0.0,0.0,0.0,0.0007919368514159582,1275.1762250770025,1611474.5536085484,14,False,
2023-07-25,1611474.5536085484,0.004669532169385082,7524.832268220582,0.0,0.0,0.0,0.004669532169385082,7524.832268220582,1618999.385876769,14,False,
2023-07-26,1618999.385876769,-0.0013935301289106372,-2256.1244229070962,0.0,0.0,0.0,-0.0013935301289106372,-2256.1244229070962,1616743.2614538618,14,False,
2023-07-27,1616743.2614538618,0.002334681405769719,3774.5804304198223,0.0,0.0,0.0,0.002334681405769719,3774.5804304198223,1620517.8418842817,14,False,
2023-07-28,1620517.8418842817,0.011282205283133635,18283.014957119158,0.0,0.0,0.0,0.011282205283133635,18283.014957119158,1638800.856841401,14,False,
2023-07-31,1638800.856841401,0.0027256697138244097,4466.829862482099,0.0,0.0,0.0,0.0027256697138244097,4466.829862482099,1643267.686703883,14,False,
2023-08-01,1643267.686703883,-0.004279973272056207,-7033.141777926252,0.8095543823067274,0.0008095543823067274,1330.314557074167,-0.0050895276543629344,-8363.45633500042,1634904.2303688827,14,True,2023-07-31
2023-08-02,1634904.2303688827,-0.015548268625706213,-25419.93015107886,0.0,0.0,0.0,-0.015548268625706213,-25419.93015107886,1609484.3002178038,14,False,
2023-08-03,1609484.3002178038,0.00230947132400321,3717.0578377863912,0.0,0.0,0.0,0.00230947132400321,3717.0578377863912,1613201.3580555902,14,False,
2023-08-04,1613201.3580555902,-0.004704707293679219,-7589.640195417356,0.0,0.0,0.0,-0.004704707293679219,-7589.640195417356,1605611.7178601727,14,False,
2023-08-07,1605611.7178601727,0.014160656494827915,22736.51600068846,0.0,0.0,0.0,0.014160656494827915,22736.51600068846,1628348.2338608613,14,False,
2023-08-08,1628348.2338608613,-0.0061004956359332115,-9933.731294447736,0.0,0.0,0.0,-0.0061004956359332115,-9933.731294447736,1618414.5025664135,14,False,
2023-08-09,1618414.5025664135,-0.008644357575970582,-13990.153666320637,0.0,0.0,0.0,-0.008644357575970582,-13990.153666320637,1604424.3489000928,14,False,
2023-08-10,1604424.3489000928,-0.0028028766565775286,-4497.00355477667,0.0,0.0,0.0,-0.0028028766565775286,-4497.00355477667,1599927.345345316,14,False,
2023-08-11,1599927.345345316,-0.007237838946376035,-11580.016451512349,0.0,0.0,0.0,-0.007237838946376035,-11580.016451512349,1588347.3288938035,14,False,
2023-08-14,1588347.3288938035,0.008292653238983516,13171.613621582015,0.0,0.0,0.0,0.008292653238983516,13171.613621582015,1601518.9425153856,14,False,
2023-08-15,1601518.9425153856,-0.012351417798266238,-19781.029570845058,0.7034081913139664,0.0007034081913139664,1126.5215427098035,-0.013054825989580205,-20907.551113554862,1580611.3914018306,14,True,2023-08-14
2023-08-16,1580611.3914018306,-0.013198365903514673,-20861.487494984805,0.0,0.0,0.0,-0.013198365903514673,-20861.487494984805,1559749.9039068457,14,False,
2023-08-17,1559749.9039068457,-0.010449157967236725,-16298.073135304934,0.0,0.0,0.0,-0.010449157967236725,-16298.073135304934,1543451.8307715408,14,False,
2023-08-18,1543451.8307715408,-0.0013821909696044073,-2133.3451825118136,0.0,0.0,0.0,-0.0013821909696044073,-2133.3451825118136,1541318.485589029,14,False,
2023-08-21,1541318.485589029,0.00862145871997667,13288.41369784277,0.0,0.0,0.0,0.00862145871997667,13288.41369784277,1554606.8992868718,14,False,
2023-08-22,1554606.8992868718,-0.007154693784230743,-11122.73631925001,0.0,0.0,0.0,-0.007154693784230743,-11122.73631925001,1543484.1629676218,14,False,
2023-08-23,1543484.1629676218,0.022330555460862996,34466.85870411218,0.0,0.0,0.0,0.022330555460862996,34466.85870411218,1577951.021671734,14,False,
2023-08-24,1577951.021671734,-0.015660207799229463,-24711.040896385788,0.0,0.0,0.0,-0.015660207799229463,-24711.040896385788,1553239.9807753484,14,False,
2023-08-25,1553239.9807753484,0.0008290241689836216,1287.6734842944197,0.0,0.0,0.0,0.0008290241689836216,1287.6734842944197,1554527.6542596428,14,False,
2023-08-28,1554527.6542596428,0.009572395533332043,14880.553574076142,0.0,0.0,0.0,0.009572395533332043,14880.553574076142,1569408.207833719,14,False,
2023-08-29,1569408.207833719,0.013792338163079825,21645.808718355715,0.5665478038746882,0.0005665478038746882,889.1447735311037,0.013225790359205137,20756.663944824613,1590164.8717785436,14,True,2023-08-28
2023-08-30,1590164.8717785436,-0.0013839234071689479,-2200.666387312135,0.0,0.0,0.0,-0.0013839234071689479,-2200.666387312135,1587964.2053912315,14,False,
2023-08-31,1587964.2053912315,-0.002662931653790215,-4228.640147622136,0.0,0.0,0.0,-0.002662931653790215,-4228.640147622136,1583735.5652436092,14,False,
2023-09-01,1583735.5652436092,0.009418553534513053,14916.498205759224,0.0,0.0,0.0,0.009418553534513053,14916.498205759224,1598652.0634493686,14,False,
2023-09-05,1598652.0634493686,-0.005387177630930343,-8612.222635855072,0.0,0.0,0.0,-0.005387177630930343,-8612.222635855072,1590039.8408135136,14,False,
2023-09-06,1590039.8408135136,-0.004826741485158588,-7674.711262709543,0.0,0.0,0.0,-0.004826741485158588,-7674.711262709543,1582365.1295508042,14,False,
2023-09-07,1582365.1295508042,0.0033284285137863906,5266.789216418192,0.0,0.0,0.0,0.0033284285137863906,5266.789216418192,1587631.9187672224,14,False,
2023-09-08,1587631.9187672224,0.007416522226502238,11774.7074130415,0.0,0.0,0.0,0.007416522226502238,11774.7074130415,1599406.626180264,14,False,
2023-09-11,1599406.626180264,0.006486211990152623,10374.090435859982,0.0,0.0,0.0,0.006486211990152623,10374.090435859982,1609780.716616124,14,False,
2023-09-12,1609780.716616124,-0.00042470098895653024,-683.6754623500198,0.0,0.0,0.0,-0.00042470098895653024,-683.6754623500198,1609097.041153774,14,False,
2023-09-13,1609097.041153774,-0.004472310836541793,-7196.382134199358,0.4659193363559412,0.00046591933635594117,749.7094255466749,-0.0049382301728977335,-7946.0915597460325,1601150.9495940278,14,True,2023-09-12
2023-09-14,1601150.9495940278,0.00981680678884824,15718.189511945457,0.0,0.0,0.0,0.00981680678884824,15718.189511945457,1616869.1391059733,14,False,
2023-09-15,1616869.1391059733,-0.020201861148264916,-32663.765843133504,0.0,0.0,0.0,-0.020201861148264916,-32663.765843133504,1584205.3732628399,14,False,
2023-09-18,1584205.3732628399,0.0035997137743234587,5702.6859034914805,0.0,0.0,0.0,0.0035997137743234587,5702.6859034914805,1589908.0591663313,14,False,
2023-09-19,1589908.0591663313,-0.0016422433640213411,-2611.0159595699574,0.0,0.0,0.0,-0.0016422433640213411,-2611.0159595699574,1587297.0432067614,14,False,
2023-09-20,1587297.0432067614,-0.007743247036693008,-12290.833126162328,0.0,0.0,0.0,-0.007743247036693008,-12290.833126162328,1575006.210080599,14,False,
2023-09-21,1575006.210080599,-0.014115900168484527,-22232.630426240903,0.0,0.0,0.0,-0.014115900168484527,-22232.630426240903,1552773.579654358,14,False,
2023-09-22,1552773.579654358,-0.0017527557462936965,-2721.6328144322088,0.0,0.0,0.0,-0.0017527557462936965,-2721.6328144322088,1550051.9468399258,14,False,
2023-09-25,1550051.9468399258,0.004511827580759752,6993.567125362727,0.0,0.0,0.0,0.004511827580759752,6993.567125362727,1557045.5139652886,14,False,
2023-09-26,1557045.5139652886,-0.01719678989282687,-26776.18455722969,0.0,0.0,0.0,-0.01719678989282687,-26776.18455722969,1530269.329408059,14,False,
2023-09-27,1530269.329408059,0.0044209846969923885,6765.297287589833,0.6454467640918443,0.0006454467640918443,987.7073868554281,0.003775537932900544,5777.589900734404,1536046.9193087933,14,True,2023-09-26
2023-09-28,1536046.9193087933,0.01089017197422264,16727.815111747645,0.0,0.0,0.0,0.01089017197422264,16727.815111747645,1552774.734420541,14,False,
2023-09-29,1552774.734420541,-0.0093282421813677,-14484.658775783719,0.0,0.0,0.0,-0.0093282421813677,-14484.658775783719,1538290.0756447574,14,False,
2023-10-02,1538290.0756447574,-0.00792452238500417,-12190.21413907664,0.0,0.0,0.0,-0.00792452238500417,-12190.21413907664,1526099.8615056807,14,False,
2023-10-03,1526099.8615056807,-0.015613445428231069,-23827.676905649936,0.0,0.0,0.0,-0.015613445428231069,-23827.676905649936,1502272.1846000308,14,False,
2023-10-04,1502272.1846000308,0.0031244115294359327,4693.716533915242,0.0,0.0,0.0,0.0031244115294359327,4693.716533915242,1506965.901133946,14,False,
2023-10-05,1506965.901133946,0.0018083822625830225,2725.1704059280682,0.0,0.0,0.0,0.0018083822625830225,2725.1704059280682,1509691.071539874,14,False,
2023-10-06,1509691.071539874,0.014004386519814014,21142.297291356583,0.0,0.0,0.0,0.014004386519814014,21142.297291356583,1530833.3688312306,14,False,
2023-10-09,1530833.3688312306,0.010138622172672652,15520.541135899486,0.0,0.0,0.0,0.010138622172672652,15520.541135899486,1546353.90996713,14,False,
2023-10-10,1546353.90996713,0.010361698777709382,16022.853418812536,0.0,0.0,0.0,0.010361698777709382,16022.853418812536,1562376.7633859427,14,False,
2023-10-11,1562376.7633859427,0.013383468977231895,20910.02094352374,0.4363561736816608,0.0004363561736816608,681.7527463202274,0.012947112803550234,20228.268197203513,1582605.0315831462,14,True,2023-10-10
2023-10-12,1582605.0315831462,-0.005605723434310063,-8871.64611280266,0.0,0.0,0.0,-0.005605723434310063,-8871.64611280266,1573733.3854703435,14,False,
2023-10-13,1573733.3854703435,-0.0023573537764616367,-3709.846339382271,0.0,0.0,0.0,-0.0023573537764616367,-3709.846339382271,1570023.5391309613,14,False,
2023-10-16,1570023.5391309613,0.009026959109034671,14172.538287957084,0.0,0.0,0.0,0.009026959109034671,14172.538287957084,1584196.0774189185,14,False,
2023-10-17,1584196.0774189185,0.006746916526200394,10688.438695479541,0.0,0.0,0.0,0.006746916526200394,10688.438695479541,1594884.5161143981,14,False,
2023-10-18,1594884.5161143981,-0.006958175191070208,-11097.485872649218,0.0,0.0,0.0,-0.006958175191070208,-11097.485872649218,1583787.030241749,14,False,
2023-10-19,1583787.030241749,-0.012466487173587231,-19744.260698202575,0.0,0.0,0.0,-0.012466487173587231,-19744.260698202575,1564042.7695435465,14,False,
2023-10-20,1564042.7695435465,-0.014487624001297017,-22659.263567094145,0.0,0.0,0.0,-0.014487624001297017,-22659.263567094145,1541383.5059764523,14,False,
2023-10-23,1541383.5059764523,-0.005366422468084713,-8271.715078407222,0.0,0.0,0.0,-0.005366422468084713,-8271.715078407222,1533111.790898045,14,False,
2023-10-24,1533111.790898045,-0.0021423273260237933,-3284.427283490158,0.0,0.0,0.0,-0.0021423273260237933,-3284.427283490158,1529827.363614555,14,False,
2023-10-25,1529827.363614555,-0.019420370995582928,-29709.8149605892,0.6270487752296401,0.0006270487752296401,959.276374667296,-0.020047419770812567,-30669.091335256497,1499158.2722792984,14,True,2023-10-24
2023-10-26,1499158.2722792984,-0.01612478718380309,-24173.608095341613,0.0,0.0,0.0,-0.01612478718380309,-24173.608095341613,1474984.6641839568,14,False,
2023-10-27,1474984.6641839568,-0.0038405312246694336,-5664.724658707045,0.0,0.0,0.0,-0.0038405312246694336,-5664.724658707045,1469319.9395252496,14,False,
2023-10-30,1469319.9395252496,0.015322217718829766,22513.24001202366,0.0,0.0,0.0,0.015322217718829766,22513.24001202366,1491833.1795372732,14,False,
2023-10-31,1491833.1795372732,-0.00017929489514226758,-267.4780734948911,0.0,0.0,0.0,-0.00017929489514226758,-267.4780734948911,1491565.7014637783,14,False,
2023-11-01,1491565.7014637783,0.017867868012321805,26651.09908546098,0.0,0.0,0.0,0.017867868012321805,26651.09908546098,1518216.8005492392,14,False,
2023-11-02,1518216.8005492392,0.01782241405661477,27058.288447097464,0.0,0.0,0.0,0.01782241405661477,27058.288447097464,1545275.0889963366,14,False,
2023-11-03,1545275.0889963366,0.013688894707201174,21153.107986931776,0.0,0.0,0.0,0.013688894707201174,21153.107986931776,1566428.1969832683,14,False,
2023-11-06,1566428.1969832683,0.01255934236424255,19673.308014916034,0.0,0.0,0.0,0.01255934236424255,19673.308014916034,1586101.5049981843,14,False,
2023-11-07,1586101.5049981843,-0.007807859896184943,-12384.058332153905,0.0,0.0,0.0,-0.007807859896184943,-12384.058332153905,1573717.4466660304,14,False,
2023-11-08,1573717.4466660304,0.008140652610027692,12811.087039647935,0.5347225199983546,0.0005347225199983547,841.5021588466361,0.007605930090029337,11969.5848808013,1585687.0315468318,14,True,2023-11-07
2023-11-09,1585687.0315468318,-0.013117531749715909,-20800.29998142834,0.0,0.0,0.0,-0.013117531749715909,-20800.29998142834,1564886.7315654035,14,False,
2023-11-10,1564886.7315654035,0.008803661245931002,13776.732672953975,0.0,0.0,0.0,0.008803661245931002,13776.732672953975,1578663.4642383575,14,False,
2023-11-13,1578663.4642383575,0.007377440807052044,11646.496261674203,0.0,0.0,0.0,0.007377440807052044,11646.496261674203,1590309.9605000317,14,False,
2023-11-14,1590309.9605000317,0.012103652105584466,19248.558501938158,0.0,0.0,0.0,0.012103652105584466,19248.558501938158,1609558.5190019698,14,False,
2023-11-15,1609558.5190019698,-0.01515162060079276,-24387.420014691732,0.0,0.0,0.0,-0.01515162060079276,-24387.420014691732,1585171.098987278,14,False,
2023-11-16,1585171.098987278,-0.004040180176657787,-6404.37685073924,0.0,0.0,0.0,-0.004040180176657787,-6404.37685073924,1578766.7221365387,14,False,
2023-11-17,1578766.7221365387,0.0053267969513239016,8409.769762328544,0.0,0.0,0.0,0.0053267969513239016,8409.769762328544,1587176.4918988673,14,False,
2023-11-20,1587176.4918988673,0.008866291646419264,14072.369671515959,0.0,0.0,0.0,0.008866291646419264,14072.369671515959,1601248.8615703832,14,False,
2023-11-21,1601248.8615703832,0.0015627780946721023,2502.3966449808363,0.0,0.0,0.0,0.0015627780946721023,2502.3966449808363,1603751.258215364,14,False,
2023-11-22,1603751.258215364,0.0015492444683681298,2484.602765428581,0.6376021615147682,0.0006376021615147683,1022.5552687701454,0.0009116423068533616,1462.0474966584356,1605213.3057120226,14,True,2023-11-21
2023-11-24,1605213.3057120226,0.0028491783774136263,4573.539041771344,0.0,0.0,0.0,0.0028491783774136263,4573.539041771344,1609786.844753794,14,False,
2023-11-27,1609786.844753794,0.00034039405764974906,547.9618760369306,0.0,0.0,0.0,0.00034039405764974906,547.9618760369306,1610334.8066298307,14,False,
2023-11-28,1610334.8066298307,-0.004576878745097324,-7370.307148954481,0.0,0.0,0.0,-0.004576878745097324,-7370.307148954481,1602964.4994808764,14,False,
2023-11-29,1602964.4994808764,0.0022756571194493904,3647.7975754682852,0.0,0.0,0.0,0.0022756571194493904,3647.7975754682852,1606612.2970563446,14,False,
2023-11-30,1606612.2970563446,0.008919309667805771,14329.872593550292,0.0,0.0,0.0,0.008919309667805771,14329.872593550292,1620942.1696498948,14,False,
2023-12-01,1620942.1696498948,-0.0003717368549155469,-602.5639441456348,0.0,0.0,0.0,-0.0003717368549155469,-602.5639441456348,1620339.6057057492,14,False,
2023-12-04,1620339.6057057492,-0.004341380331144995,-7034.510493986176,0.0,0.0,0.0,-0.004341380331144995,-7034.510493986176,1613305.0952117632,14,False,
2023-12-05,1613305.0952117632,0.0019416557814116871,3132.4831652988523,0.0,0.0,0.0,0.0019416557814116871,3132.4831652988523,1616437.578377062,14,False,
2023-12-06,1616437.578377062,-0.006746691136475417,-10905.605082702312,0.0,0.0,0.0,-0.006746691136475417,-10905.605082702312,1605531.9732943596,14,False,
2023-12-07,1605531.9732943596,0.00902525477519413,14490.335108701773,0.7855741932327331,0.0007855741932327331,1261.2644846300745,0.008239680581961397,13229.070624071699,1618761.0439184313,14,True,2023-12-06
2023-12-08,1618761.0439184313,0.00929211547371012,15041.714544433602,0.0,0.0,0.0,0.00929211547371012,15041.714544433602,1633802.758462865,14,False,
2023-12-11,1633802.758462865,0.005536273497818131,9045.178912340116,0.0,0.0,0.0,0.005536273497818131,9045.178912340116,1642847.937375205,14,False,
2023-12-12,1642847.937375205,0.006157540746896291,10115.903115342351,0.0,0.0,0.0,0.006157540746896291,10115.903115342351,1652963.8404905475,14,False,
2023-12-13,1652963.8404905475,0.00645115393333209,10663.524181236313,0.0,0.0,0.0,0.00645115393333209,10663.524181236313,1663627.3646717838,14,False,
2023-12-14,1663627.3646717838,-0.015555253785242761,-25878.145861544202,0.0,0.0,0.0,-0.015555253785242761,-25878.145861544202,1637749.2188102396,14,False,
2023-12-15,1637749.2188102396,-0.0020044691285155385,-3282.817749355565,0.0,0.0,0.0,-0.0020044691285155385,-3282.817749355565,1634466.4010608841,14,False,
2023-12-18,1634466.4010608841,0.008520865856644314,13927.068950631998,0.0,0.0,0.0,0.008520865856644314,13927.068950631998,1648393.470011516,14,False,
2023-12-19,1648393.470011516,0.010635392200935661,17531.311055033748,0.0,0.0,0.0,0.010635392200935661,17531.311055033748,1665924.7810665497,14,False,
2023-12-20,1665924.7810665497,-0.014424559368988926,-24030.230908764326,0.0,0.0,0.0,-0.014424559368988926,-24030.230908764326,1641894.5501577854,14,False,
2023-12-21,1641894.5501577854,0.01465847954019288,24067.67767064209,0.591996526897824,0.000591996526897824,971.995871225874,0.014066483013295057,23095.68179941622,1664990.2319572016,14,True,2023-12-20
2023-12-22,1664990.2319572016,0.0032410547537631623,5396.324506254118,0.0,0.0,0.0,0.0032410547537631623,5396.324506254118,1670386.5564634558,14,False,
2023-12-26,1670386.5564634558,0.002252523911420676,3762.5856597495776,0.0,0.0,0.0,0.002252523911420676,3762.5856597495776,1674149.1421232054,14,False,
2023-12-27,1674149.1421232054,0.0010745934112837072,1799.0296376318672,0.0,0.0,0.0,0.0010745934112837072,1799.0296376318672,1675948.1717608373,14,False,
2023-12-28,1675948.1717608373,0.003045796533260591,5104.597131473583,0.0,0.0,0.0,0.003045796533260591,5104.597131473583,1681052.7688923108,14,False,
2023-12-29,1681052.7688923108,-0.0034050533965788556,-5724.074440545053,0.0,0.0,0.0,-0.0034050533965788556,-5724.074440545053,1675328.6944517656,14,False,
2024-01-02,1675328.6944517656,-0.006180571586390919,-10354.488926793976,0.0,0.0,0.0,-0.006180571586390919,-10354.488926793976,1664974.2055249717,14,False,
2024-01-03,1664974.2055249717,-0.013386945931085158,-22288.919666014262,0.0,0.0,0.0,-0.013386945931085158,-22288.919666014262,1642685.2858589576,14,False,
2024-01-04,1642685.2858589576,0.0036725958047309337,6032.919089338842,0.0,0.0,0.0,0.0036725958047309337,6032.919089338842,1648718.2049482963,14,False,
2024-01-05,1648718.2049482963,0.005163940296657367,8513.882376365107,0.0,0.0,0.0,0.005163940296657367,8513.882376365107,1657232.0873246614,14,False,
2024-01-08,1657232.0873246614,0.0067124912713593275,11124.155920783389,0.8492077707549048,0.0008492077707549048,1407.3343665004736,0.005863283500604423,9716.821554282915,1666948.9088789443,14,True,2024-01-05
2024-01-09,1666948.9088789443,-0.000704920604683172,-1175.0666328228992,0.0,0.0,0.0,-0.000704920604683172,-1175.0666328228992,1665773.8422461215,14,False,
2024-01-10,1665773.8422461215,0.007222749880595782,12031.46782018275,0.0,0.0,0.0,0.007222749880595782,12031.46782018275,1677805.3100663042,14,False,
2024-01-11,1677805.3100663042,-0.006577278155973049,-11035.392215874692,0.0,0.0,0.0,-0.006577278155973049,-11035.392215874692,1666769.9178504294,14,False,
2024-01-12,1666769.9178504294,-0.009921769020833745,-16537.306135785995,0.0,0.0,0.0,-0.009921769020833745,-16537.306135785995,1650232.6117146434,14,False,
2024-01-16,1650232.6117146434,0.0025366791224855217,4186.110613381293,0.0,0.0,0.0,0.0025366791224855217,4186.110613381293,1654418.7223280247,14,False,
2024-01-17,1654418.7223280247,-0.006396488420189042,-10582.47019951516,0.0,0.0,0.0,-0.006396488420189042,-10582.47019951516,1643836.2521285096,14,False,
2024-01-18,1643836.2521285096,0.00898681906936072,14772.858977534946,0.0,0.0,0.0,0.00898681906936072,14772.858977534946,1658609.1111060446,14,False,
2024-01-19,1658609.1111060446,0.025094176973050865,41621.430563209666,0.0,0.0,0.0,0.025094176973050865,41621.430563209666,1700230.5416692542,14,False,
2024-01-22,1700230.5416692542,0.003648106337903709,6202.621814961062,0.0,0.0,0.0,0.003648106337903709,6202.621814961062,1706433.1634842153,14,False,
2024-01-23,1706433.1634842153,-0.008104970226946267,-13830.589984313296,0.4857748476511935,0.0004857748476511935,828.9423100184888,-0.00859074507459746,-14659.532294331786,1691773.6311898835,14,True,2024-01-22
2024-01-24,1691773.6311898835,0.004129768308169846,6986.633126685402,0.0,0.0,0.0,0.004129768308169846,6986.633126685402,1698760.2643165688,14,False,
2024-01-25,1698760.2643165688,0.01285003857270983,21829.134922254656,0.0,0.0,0.0,0.01285003857270983,21829.134922254656,1720589.3992388234,14,False,
2024-01-26,1720589.3992388234,-0.0018862612795203784,-3245.481161737422,0.0,0.0,0.0,-0.0018862612795203784,-3245.481161737422,1717343.918077086,14,False,
2024-01-29,1717343.918077086,0.01111597034304989,19089.94406216199,0.0,0.0,0.0,0.01111597034304989,19089.94406216199,1736433.862139248,14,False,
2024-01-30,1736433.862139248,-0.006182091557105647,-10734.793118603397,0.0,0.0,0.0,-0.006182091557105647,-10734.793118603397,1725699.0690206448,14,False,
2024-01-31,1725699.0690206448,-0.014960798904584875,-25817.8367414472,0.0,0.0,0.0,-0.014960798904584875,-25817.8367414472,1699881.2322791975,14,False,
2024-02-01,1699881.2322791975,0.011010470199588784,18716.491650850367,0.0,0.0,0.0,0.011010470199588784,18716.491650850367,1718597.7239300478,14,False,
2024-02-02,1718597.7239300478,0.01807283701164842,31059.9365531777,0.0,0.0,0.0,0.01807283701164842,31059.9365531777,1749657.6604832255,14,False,
2024-02-05,1749657.6604832255,-0.01466140199351564,-25652.434311378674,0.0,0.0,0.0,-0.01466140199351564,-25652.434311378674,1724005.2261718467,14,False,
2024-02-06,1724005.2261718467,-0.006483941982143657,-11178.349863410707,0.49072761968378326,0.0004907276196837833,846.0169809617128,-0.0069746696018274405,-12024.36684437242,1711980.8593274744,14,True,2024-02-05
2024-02-07,1711980.8593274744,0.006226475733894735,10659.607277494775,0.0,0.0,0.0,0.006226475733894735,10659.607277494775,1722640.4666049692,14,False,
2024-02-08,1722640.4666049692,0.004693663185204245,8085.494139446807,0.0,0.0,0.0,0.004693663185204245,8085.494139446807,1730725.960744416,14,False,
2024-02-09,1730725.960744416,0.0009438820893605975,1633.601235938067,0.0,0.0,0.0,0.0009438820893605975,1633.601235938067,1732359.5619803541,14,False,
2024-02-12,1732359.5619803541,0.0011655684185085335,2019.1835949455772,0.0,0.0,0.0,0.0011655684185085335,2019.1835949455772,1734378.7455752997,14,False,
2024-02-13,1734378.7455752997,-0.019292118485050358,-33459.84025759169,0.0,0.0,0.0,-0.019292118485050358,-33459.84025759169,1700918.905317708,14,False,
2024-02-14,1700918.905317708,0.012731240784209627,21654.808138013996,0.0,0.0,0.0,0.012731240784209627,21654.808138013996,1722573.713455722,14,False,
2024-02-15,1722573.713455722,0.007893562364710536,13597.243034973757,0.0,0.0,0.0,0.007893562364710536,13597.243034973757,1736170.9564906957,14,False,
2024-02-16,1736170.9564906957,-0.012812372223849292,-22244.46853879525,0.0,0.0,0.0,-0.012812372223849292,-22244.46853879525,1713926.4879519003,14,False,
2024-02-20,1713926.4879519003,-0.0013376067107811153,-2292.5595720699703,0.0,0.0,0.0,-0.0013376067107811153,-2292.5595720699703,1711633.9283798304,14,False,
2024-02-21,1711633.9283798304,0.0020077347270640667,3436.506878029275,0.7392596307419339,0.0007392596307419339,1265.3418658594392,0.0012684750963221328,2171.165012169836,1713805.0933920003,13,True,2024-02-20
2024-02-22,1713805.0933920003,0.03505943777588385,60085.043031769645,0.0,0.0,0.0,0.03505943777588385,60085.043031769645,1773890.1364237699,13,False,
2024-02-23,1773890.1364237699,-0.001764065343745921,-3129.2581132778964,0.0,0.0,0.0,-0.001764065343745921,-3129.2581132778964,1770760.878310492,13,False,
2024-02-26,1770760.878310492,0.0050421997244031735,8928.530012601084,0.0,0.0,0.0,0.0050421997244031735,8928.530012601084,1779689.408323093,13,False,
2024-02-27,1779689.408323093,0.012339649614210824,21960.743720829145,0.0,0.0,0.0,0.012339649614210824,21960.743720829145,1801650.1520439223,13,False,
2024-02-28,1801650.1520439223,0.003747097829037932,6750.959373409642,0.0,0.0,0.0,0.003747097829037932,6750.959373409642,1808401.111417332,13,False,
2024-02-29,1808401.111417332,0.01632387087106455,29520.106225866144,0.0,0.0,0.0,0.01632387087106455,29520.106225866144,1837921.217643198,13,False,
2024-03-01,1837921.217643198,0.0240228681368739,44152.139057405264,0.0,0.0,0.0,0.0240228681368739,44152.139057405264,1882073.3567006034,13,False,
2024-03-04,1882073.3567006034,0.00706456711184574,13296.0335378282,0.0,0.0,0.0,0.00706456711184574,13296.0335378282,1895369.3902384315,13,False,
2024-03-05,1895369.3902384315,-0.010319593892344636,-19559.442383241494,0.0,0.0,0.0,-0.010319593892344636,-19559.442383241494,1875809.94785519,13,False,
2024-03-06,1875809.94785519,0.010073412058329997,18895.806547859833,0.6679309957310793,0.0006679309957310793,1252.911606273181,0.009405481062598918,17642.894941586652,1893452.8427967764,13,True,2024-03-05
2024-03-07,1893452.8427967764,0.016469253187646818,31183.75426688974,0.0,0.0,0.0,0.016469253187646818,31183.75426688974,1924636.5970636662,13,False,
2024-03-08,1924636.5970636662,-0.01884938020620576,-36278.20697683108,0.0,0.0,0.0,-0.01884938020620576,-36278.20697683108,1888358.390086835,13,False,
2024-03-11,1888358.390086835,-0.01705214846971093,-32200.56763178502,0.0,0.0,0.0,-0.01705214846971093,-32200.56763178502,1856157.82245505,13,False,
2024-03-12,1856157.82245505,0.023024752524536476,42737.57450851004,0.0,0.0,0.0,0.023024752524536476,42737.57450851004,1898895.39696356,13,False,
2024-03-13,1898895.39696356,0.002214053882478125,4204.25672606701,0.0,0.0,0.0,0.002214053882478125,4204.25672606701,1903099.653689627,13,False,
2024-03-14,1903099.653689627,-0.009014137173106774,-17154.801332450294,0.0,0.0,0.0,-0.009014137173106774,-17154.801332450294,1885944.8523571768,13,False,
2024-03-15,1885944.8523571768,-0.003396389534718167,-6405.403359601514,0.0,0.0,0.0,-0.003396389534718167,-6405.403359601514,1879539.4489975753,13,False,
2024-03-18,1879539.4489975753,0.006259625468636453,11765.213004252148,0.0,0.0,0.0,0.006259625468636453,11765.213004252148,1891304.6620018275,13,False,
2024-03-19,1891304.6620018275,0.00782730598875915,14803.820307455006,0.0,0.0,0.0,0.00782730598875915,14803.820307455006,1906108.4823092825,13,False,
2024-03-20,1906108.4823092825,0.011574519073741414,22062.288985109088,0.560954380780454,0.000560954380780454,1069.2399033941747,0.01101356469296096,20993.049081714915,1927101.5313909973,14,True,2024-03-19
2024-03-21,1927101.5313909973,0.009287613508960086,17898.174216084695,0.0,0.0,0.0,0.009287613508960086,17898.174216084695,1944999.705607082,14,False,
2024-03-22,1944999.705607082,-0.0012742238772521528,-2478.3650661329516,0.0,0.0,0.0,-0.0012742238772521528,-2478.3650661329516,1942521.340540949,14,False,
2024-03-25,1942521.340540949,0.0013374551176598658,2598.035108069995,0.0,0.0,0.0,0.0013374551176598658,2598.035108069995,1945119.375649019,14,False,
2024-03-26,1945119.375649019,0.0019964160268084526,3883.2674956013525,0.0,0.0,0.0,0.0019964160268084526,3883.2674956013525,1949002.6431446203,14,False,
2024-03-27,1949002.6431446203,0.006000039750460812,11694.09333262091,0.0,0.0,0.0,0.006000039750460812,11694.09333262091,1960696.7364772412,14,False,
2024-03-28,1960696.7364772412,0.0012566143212642616,2463.8395987134013,0.0,0.0,0.0,0.0012566143212642616,2463.8395987134013,1963160.5760759546,14,False,
2024-04-01,1963160.5760759546,-8.172109982287185e-05,-160.43164140582968,0.0,0.0,0.0,-8.172109982287185e-05,-160.43164140582968,1963000.1444345487,14,False,
2024-04-02,1963000.1444345487,-0.01147284403074069,-22521.194489419024,0.0,0.0,0.0,-0.01147284403074069,-22521.194489419024,1940478.9499451297,14,False,
2024-04-03,1940478.9499451297,0.012511795119316042,24278.875055058994,0.0,0.0,0.0,0.012511795119316042,24278.875055058994,1964757.8250001888,14,False,
2024-04-04,1964757.8250001888,-0.00790761278779124,-15536.544101884396,0.7053769439492976,0.0007053769439492976,1385.8948701991021,-0.008612989731740538,-16922.4389720835,1947835.3860281054,14,True,2024-04-03
2024-04-05,1947835.3860281054,0.01949608726989933,37975.168673402,0.0,0.0,0.0,0.01949608726989933,37975.168673402,1985810.5547015073,14,False,
2024-04-08,1985810.5547015073,-0.0077005630957709455,-15291.859472726857,0.0,0.0,0.0,-0.0077005630957709455,-15291.859472726857,1970518.6952287804,14,False,
2024-04-09,1970518.6952287804,-0.01540989673978975,-30365.489617300733,0.0,0.0,0.0,-0.01540989673978975,-30365.489617300733,1940153.2056114797,14,False,
2024-04-10,1940153.2056114797,-0.003509541930775383,-6809.049027221761,0.0,0.0,0.0,-0.003509541930775383,-6809.049027221761,1933344.156584258,14,False,
2024-04-11,1933344.156584258,0.006038632346686721,11674.754561227457,0.0,0.0,0.0,0.006038632346686721,11674.754561227457,1945018.9111454855,14,False,
2024-04-12,1945018.9111454855,-0.015453367089614723,-30057.091230173908,0.0,0.0,0.0,-0.015453367089614723,-30057.091230173908,1914961.8199153116,14,False,
2024-04-15,1914961.8199153116,-0.010649165009962193,-20392.74440805566,0.0,0.0,0.0,-0.010649165009962193,-20392.74440805566,1894569.075507256,14,False,
2024-04-16,1894569.075507256,0.009505277755732995,18008.405290118746,0.0,0.0,0.0,0.009505277755732995,18008.405290118746,1912577.4807973746,14,False,
2024-04-17,1912577.4807973746,-0.006798246870182114,-13002.173872811543,0.0,0.0,0.0,-0.006798246870182114,-13002.173872811543,1899575.3069245631,14,False,
2024-04-18,1899575.3069245631,-0.00941768979113907,-17889.610975523326,0.462793920444375,0.00046279392044437504,879.1119034709455,-0.009880483711583446,-18768.72287899427,1880806.584045569,14,True,2024-04-17
2024-04-19,1880806.584045569,-0.020311710162913214,-38202.39820763247,0.0,0.0,0.0,-0.020311710162913214,-38202.39820763247,1842604.1858379366,14,False,
2024-04-22,1842604.1858379366,0.012233730535298325,22541.923092754074,0.0,0.0,0.0,0.012233730535298325,22541.923092754074,1865146.1089306907,14,False,
2024-04-23,1865146.1089306907,0.024719205041762837,46104.92909950387,0.0,0.0,0.0,0.024719205041762837,46104.92909950387,1911251.0380301946,14,False,
2024-04-24,1911251.0380301946,-0.008309609486241463,-15881.749756204548,0.0,0.0,0.0,-0.008309609486241463,-15881.749756204548,1895369.28827399,14,False,
2024-04-25,1895369.28827399,-0.002472485705589122,-4686.273472070067,0.0,0.0,0.0,-0.002472485705589122,-4686.273472070067,1890683.01480192,14,False,
2024-04-26,1890683.01480192,0.012484792784901085,23604.78566173404,0.0,0.0,0.0,0.012484792784901085,23604.78566173404,1914287.8004636539,14,False,
2024-04-29,1914287.8004636539,0.004359366890129406,8345.082855519899,0.0,0.0,0.0,0.004359366890129406,8345.082855519899,1922632.8833191737,14,False,
2024-04-30,1922632.8833191737,-0.02232961679131234,-42931.65551489308,0.0,0.0,0.0,-0.02232961679131234,-42931.65551489308,1879701.2278042806,14,False,
2024-05-01,1879701.2278042806,-0.010530573905278109,-19794.33269923498,0.0,0.0,0.0,-0.010530573905278109,-19794.33269923498,1859906.8951050455,14,False,
2024-05-02,1859906.8951050455,0.0023316835562267888,4336.714323429258,0.42426528894619997,0.0004242652889462,789.0939362647717,0.0019074182672805889,3547.6203871644857,1863454.51549221,14,True,2024-05-01
2024-05-03,1863454.51549221,0.014807716795511804,27593.506726726308,0.0,0.0,0.0,0.014807716795511804,27593.506726726308,1891048.0222189361,14,False,
2024-05-06,1891048.0222189361,0.022147274487761163,41881.559617620645,0.0,0.0,0.0,0.022147274487761163,41881.559617620645,1932929.5818365568,14,False,
2024-05-07,1932929.5818365568,0.0007646851844849384,1478.082613883082,0.0,0.0,0.0,0.0007646851844849384,1478.082613883082,1934407.6644504399,14,False,
2024-05-08,1934407.6644504399,0.003611465535896754,6986.046612537296,0.0,0.0,0.0,0.003611465535896754,6986.046612537296,1941393.711062977,14,False,
2024-05-09,1941393.711062977,0.0059548560828292215,11560.720149489765,0.0,0.0,0.0,0.0059548560828292215,11560.720149489765,1952954.431212467,14,False,
2024-05-10,1952954.431212467,-0.003122800447965997,-6098.686972647471,0.0,0.0,0.0,-0.003122800447965997,-6098.686972647471,1946855.7442398195,14,False,
2024-05-13,1946855.7442398195,-0.010031986899868634,-19530.831322147867,0.0,0.0,0.0,-0.010031986899868634,-19530.831322147867,1927324.9129176715,14,False,
2024-05-14,1927324.9129176715,0.01653131237149718,31861.210176810626,0.0,0.0,0.0,0.01653131237149718,31861.210176810626,1959186.123094482,14,False,
2024-05-15,1959186.123094482,0.029690807546340268,58169.81812825878,0.0,0.0,0.0,0.029690807546340268,58169.81812825878,2017355.9412227408,14,False,
2024-05-16,2017355.9412227408,-0.016325662819798026,-32934.67288391875,0.6100481734186499,0.00061004817341865,1230.6843070781945,-0.016935710993216675,-34165.35719099695,1983190.584031744,14,True,2024-05-15
2024-05-17,1983190.584031744,0.004883159105821882,9684.235158994827,0.0,0.0,0.0,0.004883159105821882,9684.235158994827,1992874.8191907387,14,False,
2024-05-20,1992874.8191907387,0.001121700062902815,2235.4078100436873,0.0,0.0,0.0,0.001121700062902815,2235.4078100436873,1995110.2270007825,14,False,
2024-05-21,1995110.2270007825,0.0049015473198892705,9779.127186039359,0.0,0.0,0.0,0.0049015473198892705,9779.127186039359,2004889.354186822,14,False,
2024-05-22,2004889.354186822,-0.015042963110344356,-30159.476595354485,0.0,0.0,0.0,-0.015042963110344356,-30159.476595354485,1974729.8775914675,14,False,
2024-05-23,1974729.8775914675,-0.0027222826939664823,-5375.772971025802,0.0,0.0,0.0,-0.0027222826939664823,-5375.772971025802,1969354.1046204416,14,False,
2024-05-24,1969354.1046204416,0.016442102258166138,32380.321570708515,0.0,0.0,0.0,0.016442102258166138,32380.321570708515,2001734.42619115,14,False,
2024-05-28,2001734.42619115,0.0015455396837134694,3093.759991933833,0.0,0.0,0.0,0.0015455396837134694,3093.759991933833,2004828.1861830838,14,False,
2024-05-29,2004828.1861830838,-0.009831561471231421,-19710.59155171638,0.0,0.0,0.0,-0.009831561471231421,-19710.59155171638,1985117.5946313674,14,False,
2024-05-30,1985117.5946313674,0.0039050539843183277,7751.991372255636,0.0,0.0,0.0,0.0039050539843183277,7751.991372255636,1992869.586003623,14,False,
2024-05-31,1992869.586003623,-0.01630993176353404,-32503.566961341425,0.6947044773665814,0.0006947044773665814,1384.4554242044023,-0.017004636240900622,-33888.022385545824,1958981.5636180772,14,True,2024-05-30
2024-06-03,1958981.5636180772,-0.008969328906772626,-17570.749966394258,0.0,0.0,0.0,-0.008969328906772626,-17570.749966394258,1941410.813651683,14,False,
2024-06-04,1941410.813651683,-0.01576903338136754,-30614.171927421306,0.0,0.0,0.0,-0.01576903338136754,-30614.171927421306,1910796.6417242617,14,False,
2024-06-05,1910796.6417242617,0.025883526759822986,49458.15600864982,0.0,0.0,0.0,0.025883526759822986,49458.15600864982,1960254.7977329115,14,False,
2024-06-06,1960254.7977329115,-0.016476294325669855,-32297.73500075388,0.0,0.0,0.0,-0.016476294325669855,-32297.73500075388,1927957.0627321578,14,False,
2024-06-07,1927957.0627321578,-0.00776487011864344,-14970.336186436507,0.0,0.0,0.0,-0.00776487011864344,-14970.336186436507,1912986.7265457213,14,False,
2024-06-10,1912986.7265457213,0.009095158676264545,17398.917823521228,0.0,0.0,0.0,0.009095158676264545,17398.917823521228,1930385.6443692425,14,False,
2024-06-11,1930385.6443692425,0.0015747699029129627,3039.913213767929,0.0,0.0,0.0,0.0015747699029129627,3039.913213767929,1933425.5575830105,14,False,
2024-06-12,1933425.5575830105,0.007690702038975457,14869.399877910919,0.0,0.0,0.0,0.007690702038975457,14869.399877910919,1948294.9574609215,14,False,
2024-06-13,1948294.9574609215,-0.0038762658688805446,-7552.109246117842,0.0,0.0,0.0,-0.0038762658688805446,-7552.109246117842,1940742.8482148037,14,False,
2024-06-14,1940742.8482148037,-0.020349031373689284,-39492.237106586144,0.3651862996305174,0.00036518629963051743,708.7326992739552,-0.020714217673319803,-40200.9698058601,1900541.8784089435,14,True,2024-06-13
2024-06-17,1900541.8784089435,-0.006664391374177061,-12665.954900730832,0.0,0.0,0.0,-0.006664391374177061,-12665.954900730832,1887875.9235082127,14,False,
2024-06-18,1887875.9235082127,0.004527528784924709,8547.412586049752,0.0,0.0,0.0,0.004527528784924709,8547.412586049752,1896423.3360942623,14,False,
2024-06-20,1896423.3360942623,-0.0012600740176276048,-2389.6337722350427,0.0,0.0,0.0,-0.0012600740176276048,-2389.6337722350427,1894033.7023220272,14,False,
2024-06-21,1894033.7023220272,-0.0040255768487802695,-7624.578222877133,0.0,0.0,0.0,-0.0040255768487802695,-7624.578222877133,1886409.12409915,14,False,
2024-06-24,1886409.12409915,0.008266816915591788,15594.598856829542,0.0,0.0,0.0,0.008266816915591788,15594.598856829542,1902003.7229559796,14,False,
2024-06-25,1902003.7229559796,0.0018598182441207573,3537.3812243391335,0.0,0.0,0.0,0.0018598182441207573,3537.3812243391335,1905541.1041803188,14,False,
2024-06-26,1905541.1041803188,-0.02390682114812071,-45555.43036803133,0.0,0.0,0.0,-0.02390682114812071,-45555.43036803133,1859985.6738122874,14,False,
2024-06-27,1859985.6738122874,0.00289037177260152,5376.050089030254,0.0,0.0,0.0,0.00289037177260152,5376.050089030254,1865361.7239013177,14,False,
2024-06-28,1865361.7239013177,-0.020669258364652443,-38555.64341484981,0.0,0.0,0.0,-0.020669258364652443,-38555.64341484981,1826806.0804864678,14,False,
2024-07-01,1826806.0804864678,0.0012001788421466464,2192.494006504702,0.49509035120800443,0.0004950903512080044,904.4340639769633,0.0007050884909386419,1288.059942527739,1828094.1404289955,13,True,2024-06-28
2024-07-02,1828094.1404289955,0.0026878323417763987,4913.610554456979,0.0,0.0,0.0,0.0026878323417763987,4913.610554456979,1833007.7509834524,13,False,
2024-07-03,1833007.7509834524,0.013989118006403869,25642.161735160473,0.0,0.0,0.0,0.013989118006403869,25642.161735160473,1858649.912718613,13,False,
2024-07-05,1858649.912718613,0.00036615697032612747,680.5576209379685,0.0,0.0,0.0,0.00036615697032612747,680.5576209379685,1859330.4703395509,13,False,
2024-07-08,1859330.4703395509,0.013580611389945426,25250.84456316589,0.0,0.0,0.0,0.013580611389945426,25250.84456316589,1884581.3149027168,13,False,
2024-07-09,1884581.3149027168,-0.0011542162638625366,-2175.2144042321606,0.0,0.0,0.0,-0.0011542162638625366,-2175.2144042321606,1882406.1004984847,13,False,
2024-07-10,1882406.1004984847,0.005858466357111638,11028.01281019208,0.0,0.0,0.0,0.005858466357111638,11028.01281019208,1893434.1133086768,13,False,
2024-07-11,1893434.1133086768,-0.010209480746802543,-19330.97912516408,0.0,0.0,0.0,-0.010209480746802543,-19330.97912516408,1874103.1341835128,13,False,
2024-07-12,1874103.1341835128,0.002288397117815801,4288.69221075511,0.0,0.0,0.0,0.002288397117815801,4288.69221075511,1878391.8263942678,13,False,
2024-07-15,1878391.8263942678,-0.014348006288839615,-26951.177738009887,0.0,0.0,0.0,-0.014348006288839615,-26951.177738009887,1851440.648656258,13,False,
2024-07-16,1851440.648656258,0.007831755850364596,14500.03113171647,0.5584607226769245,0.0005584607226769245,1033.9568826420077,0.007273295127687671,13466.074249074461,1864906.7229053325,14,True,2024-07-15
2024-07-17,1864906.7229053325,-0.03104416774177299,-57894.477128633305,0.0,0.0,0.0,-0.03104416774177299,-57894.477128633305,1807012.2457766992,14,False,
2024-07-18,1807012.2457766992,-0.009421078491639086,-17024.004202815304,0.0,0.0,0.0,-0.009421078491639086,-17024.004202815304,1789988.241573884,14,False,
2024-07-19,1789988.241573884,-0.0018230540429847544,-3263.24530069644,0.0,0.0,0.0,-0.0018230540429847544,-3263.24530069644,1786724.9962731875,14,False,
2024-07-22,1786724.9962731875,0.019136802000871162,34192.20248368725,0.0,0.0,0.0,0.019136802000871162,34192.20248368725,1820917.1987568748,14,False,
2024-07-23,1820917.1987568748,0.0013877162579938635,2526.9164011755583,0.0,0.0,0.0,0.0013877162579938635,2526.9164011755583,1823444.1151580503,14,False,
2024-07-24,1823444.1151580503,-0.0358304022154676,-65334.73606354036,0.0,0.0,0.0,-0.0358304022154676,-65334.73606354036,1758109.3790945099,14,False,
2024-07-25,1758109.3790945099,-0.019386800524264343,-34084.1158323435,0.0,0.0,0.0,-0.019386800524264343,-34084.1158323435,1724025.2632621664,14,False,
2024-07-26,1724025.2632621664,0.0048339571203240336,8333.864196964665,0.0,0.0,0.0,0.0048339571203240336,8333.864196964665,1732359.1274591312,14,False,
2024-07-29,1732359.1274591312,0.0008407411041078505,1456.4655255313023,0.0,0.0,0.0,0.0008407411041078505,1456.4655255313023,1733815.5929846624,14,False,
2024-07-30,1733815.5929846624,-0.007324049156206047,-12698.550630816204,0.4205348852960113,0.0004205348852960113,729.1299415202409,-0.007744584041502058,-13427.680572336445,1720387.9124123259,14,True,2024-07-29
2024-07-31,1720387.9124123259,0.03143073992689862,54073.06504841185,0.0,0.0,0.0,0.03143073992689862,54073.06504841185,1774460.9774607378,14,False,
2024-08-01,1774460.9774607378,-0.010870638404122956,-19289.523648202256,0.0,0.0,0.0,-0.010870638404122956,-19289.523648202256,1755171.4538125356,14,False,
2024-08-02,1755171.4538125356,-0.0325502736881693,-57131.31119126003,0.0,0.0,0.0,-0.0325502736881693,-57131.31119126003,1698040.1426212755,14,False,
2024-08-05,1698040.1426212755,-0.025871330965984644,-43930.55852328279,0.0,0.0,0.0,-0.025871330965984644,-43930.55852328279,1654109.5840979926,14,False,
2024-08-06,1654109.5840979926,0.024488557993001786,40506.758476963754,0.0,0.0,0.0,0.024488557993001786,40506.758476963754,1694616.3425749564,14,False,
2024-08-07,1694616.3425749564,-0.012268834499328042,-20790.967446908733,0.0,0.0,0.0,-0.012268834499328042,-20790.967446908733,1673825.3751280475,14,False,
2024-08-08,1673825.3751280475,0.03723145766047855,62318.958585114524,0.0,0.0,0.0,0.03723145766047855,62318.958585114524,1736144.333713162,14,False,
2024-08-09,1736144.333713162,0.010258654173001897,17810.504313980127,0.0,0.0,0.0,0.010258654173001897,17810.504313980127,1753954.8380271422,14,False,
2024-08-12,1753954.8380271422,-0.003370549797165617,-5911.792123550037,0.0,0.0,0.0,-0.003370549797165617,-5911.792123550037,1748043.0459035921,14,False,
2024-08-13,1748043.0459035921,0.014711229339640688,25715.8621438518,0.6693423041898232,0.0006693423041898232,1170.0391601681074,0.014041887035450866,24545.822983683694,1772588.868887276,14,True,2024-08-12
2024-08-14,1772588.868887276,0.007932563869233886,14061.174416341368,0.0,0.0,0.0,0.007932563869233886,14061.174416341368,1786650.0433036173,14,False,
2024-08-15,1786650.0433036173,0.002056238080735937,3673.777855989409,0.0,0.0,0.0,0.002056238080735937,3673.777855989409,1790323.8211596068,14,False,
2024-08-16,1790323.8211596068,0.0032683971174624253,5851.489216402373,0.0,0.0,0.0,0.0032683971174624253,5851.489216402373,1796175.3103760092,14,False,
2024-08-19,1796175.3103760092,0.008768860551539364,15750.410822805161,0.0,0.0,0.0,0.008768860551539364,15750.410822805161,1811925.7211988145,14,False,
2024-08-20,1811925.7211988145,-0.006444088400610455,-11676.209522745014,0.0,0.0,0.0,-0.006444088400610455,-11676.209522745014,1800249.5116760693,14,False,
2024-08-21,1800249.5116760693,0.00826132824357374,14872.452136289345,0.0,0.0,0.0,0.00826132824357374,14872.452136289345,1815121.9638123587,14,False,
2024-08-22,1815121.9638123587,-0.002162586502656042,-3925.3582596151355,0.0,0.0,0.0,-0.002162586502656042,-3925.3582596151355,1811196.6055527437,14,False,
2024-08-23,1811196.6055527437,0.014219123691380325,25753.628563762642,0.0,0.0,0.0,0.014219123691380325,25753.628563762642,1836950.2341165063,14,False,
2024-08-26,1836950.2341165063,0.0004915513556632324,902.9553778658608,0.0,0.0,0.0,0.0004915513556632324,902.9553778658608,1837853.189494372,14,False,
2024-08-27,1837853.189494372,0.004673995403354938,8590.117359737907,0.5169691287512094,0.0005169691287512094,950.1133621455369,0.004157026274603729,7640.003997592371,1845493.1934919644,14,True,2024-08-26
2024-08-28,1845493.1934919644,-0.004718625977353235,-8708.192123839764,0.0,0.0,0.0,-0.004718625977353235,-8708.192123839764,1836785.0013681245,14,False,
2024-08-29,1836785.0013681245,0.004250113883549097,7806.545435409414,0.0,0.0,0.0,0.004250113883549097,7806.545435409414,1844591.546803534,14,False,
2024-08-30,1844591.546803534,0.010763759621618268,19854.740009862264,0.0,0.0,0.0,0.010763759621618268,19854.740009862264,1864446.2868133963,14,False,
2024-09-03,1864446.2868133963,-0.015164902823432361,-28274.146759034455,0.0,0.0,0.0,-0.015164902823432361,-28274.146759034455,1836172.140054362,14,False,
2024-09-04,1836172.140054362,0.0034578675761142764,6349.24010725834,0.0,0.0,0.0,0.0034578675761142764,6349.24010725834,1842521.3801616202,14,False,
2024-09-05,1842521.3801616202,-0.0019987379002840535,-3682.717314612713,0.0,0.0,0.0,-0.0019987379002840535,-3682.717314612713,1838838.6628470074,14,False,
2024-09-06,1838838.6628470074,-0.0130430616455827,-23984.08603579438,0.0,0.0,0.0,-0.0130430616455827,-23984.08603579438,1814854.576811213,14,False,
2024-09-09,1814854.576811213,0.009327645829174567,16928.320723951485,0.0,0.0,0.0,0.009327645829174567,16928.320723951485,1831782.8975351646,14,False,
2024-09-10,1831782.8975351646,0.00417074569750451,7639.900638657133,0.0,0.0,0.0,0.00417074569750451,7639.900638657133,1839422.7981738218,14,False,
2024-09-11,1839422.7981738218,0.012326858239409275,22674.30407542624,0.38984934680461336,0.00038984934680461335,717.0977763655785,0.011937008892604661,21957.206299060657,1861380.0044728825,14,True,2024-09-10
2024-09-12,1861380.0044728825,0.016295190453644238,30331.541679490783,0.0,0.0,0.0,0.016295190453644238,30331.541679490783,1891711.5461523733,14,False,
2024-09-13,1891711.5461523733,0.012218091746094893,23113.10522803672,0.0,0.0,0.0,0.012218091746094893,23113.10522803672,1914824.65138041,14,False,
2024-09-16,1914824.65138041,0.00423956495774149,8118.023492211951,0.0,0.0,0.0,0.00423956495774149,8118.023492211951,1922942.674872622,14,False,
2024-09-17,1922942.674872622,-0.002546257992457842,-4896.308154932675,0.0,0.0,0.0,-0.002546257992457842,-4896.308154932675,1918046.3667176892,14,False,
2024-09-18,1918046.3667176892,9.537979378345604e-05,182.9428669246403,0.0,0.0,0.0,9.537979378345604e-05,182.9428669246403,1918229.309584614,14,False,
2024-09-19,1918229.309584614,0.005029549667910871,9647.829586998194,0.0,0.0,0.0,0.005029549667910871,9647.829586998194,1927877.139171612,14,False,
2024-09-20,1927877.139171612,0.01572211946855965,30310.31470276108,0.0,0.0,0.0,0.01572211946855965,30310.31470276108,1958187.453874373,14,False,
2024-09-23,1958187.453874373,0.01194553889710738,23391.604398083986,0.0,0.0,0.0,0.01194553889710738,23391.604398083986,1981579.058272457,14,False,
2024-09-24,1981579.058272457,0.007809518915191055,15475.17913752523,0.0,0.0,0.0,0.007809518915191055,15475.17913752523,1997054.2374099821,14,False,
2024-09-25,1997054.2374099821,-0.0018300388727369907,-3654.6868854243944,0.6130037351990629,0.000613003735199063,1224.2017069274352,-0.002443042607936054,-4878.88859235183,1992175.3488176302,14,True,2024-09-24
2024-09-26,1992175.3488176302,-0.003894314925313422,-7758.15819474197,0.0,0.0,0.0,-0.003894314925313422,-7758.15819474197,1984417.1906228883,14,False,
2024-09-27,1984417.1906228883,-0.0018505044367631064,-3672.172815636634,0.0,0.0,0.0,-0.0018505044367631064,-3672.172815636634,1980745.0178072515,14,False,
2024-09-30,1980745.0178072515,0.008867407109218135,17564.072452452423,0.0,0.0,0.0,0.008867407109218135,17564.072452452423,1998309.090259704,14,False,
2024-10-01,1998309.090259704,-0.003484255272276018,-6962.6189833744675,0.0,0.0,0.0,-0.003484255272276018,-6962.6189833744675,1991346.4712763296,14,False,
2024-10-02,1991346.4712763296,-0.0011102028337740728,-2210.7984954369813,0.0,0.0,0.0,-0.0011102028337740728,-2210.7984954369813,1989135.6727808926,14,False,
2024-10-03,1989135.6727808926,-0.005440903941818548,-10822.696122845447,0.0,0.0,0.0,-0.005440903941818548,-10822.696122845447,1978312.9766580472,14,False,
2024-10-04,1978312.9766580472,0.0006308035186268154,1247.926786620985,0.0,0.0,0.0,0.0006308035186268154,1247.926786620985,1979560.9034446683,14,False,
2024-10-07,1979560.9034446683,-0.008547532648937078,-16920.36145275268,0.0,0.0,0.0,-0.008547532648937078,-16920.36145275268,1962640.5419919156,14,False,
2024-10-08,1962640.5419919156,0.007469118286529181,14659.19436207536,0.0,0.0,0.0,0.007469118286529181,14659.19436207536,1977299.7363539909,14,False,
2024-10-09,1977299.7363539909,0.002900603630290973,5735.362793441769,0.7515853336419266,0.0007515853336419266,1486.1094820577077,0.0021490182966490464,4249.253311384062,1981548.9896653749,14,True,2024-10-08
2024-10-10,1981548.9896653749,-0.003384452640378347,-6706.458710112024,0.0,0.0,0.0,-0.003384452640378347,-6706.458710112024,1974842.530955263,14,False,
2024-10-11,1974842.530955263,0.010885234121682727,21496.623302904507,0.0,0.0,0.0,0.010885234121682727,21496.623302904507,1996339.1542581674,14,False,
2024-10-14,1996339.1542581674,0.012251248240811047,24457.64655166759,0.0,0.0,0.0,0.012251248240811047,24457.64655166759,2020796.8008098349,14,False,
2024-10-15,2020796.8008098349,-0.009667179579047494,-19535.40556619334,0.0,0.0,0.0,-0.009667179579047494,-19535.40556619334,2001261.3952436415,14,False,
2024-10-16,2001261.3952436415,0.014016864713464836,28051.410233410003,0.0,0.0,0.0,0.014016864713464836,28051.410233410003,2029312.8054770515,14,False,
2024-10-17,2029312.8054770515,-0.016228250250783945,-32932.19604440203,0.0,0.0,0.0,-0.016228250250783945,-32932.19604440203,1996380.6094326496,14,False,
2024-10-18,1996380.6094326496,0.012812244996225627,25578.11747376533,0.0,0.0,0.0,0.012812244996225627,25578.11747376533,2021958.7269064148,14,False,
2024-10-21,2021958.7269064148,-0.005466989864387378,-11054.027866206976,0.0,0.0,0.0,-0.005466989864387378,-11054.027866206976,2010904.6990402078,14,False,
2024-10-22,2010904.6990402078,-0.010618791774714458,-21353.37827790281,0.0,0.0,0.0,-0.010618791774714458,-21353.37827790281,1989551.320762305,14,False,
2024-10-23,1989551.320762305,-0.003110188173660684,-6187.878988725915,0.3214026895151868,0.0003214026895151868,639.4471454214969,-0.003431590863175871,-6827.326134147413,1982723.9946281577,14,True,2024-10-22
2024-10-24,1982723.9946281577,0.009739379715892954,19310.501855495728,0.0,0.0,0.0,0.009739379715892954,19310.501855495728,2002034.4964836533,14,False,
2024-10-25,2002034.4964836533,-0.004083904737501951,-8176.118164831925,0.0,0.0,0.0,-0.004083904737501951,-8176.118164831925,1993858.3783188213,14,False,
2024-10-28,1993858.3783188213,0.006557780701253157,13075.285994371083,0.0,0.0,0.0,0.006557780701253157,13075.285994371083,2006933.6643131925,14,False,
2024-10-29,2006933.6643131925,0.0068610895738715075,13769.751639670985,0.0,0.0,0.0,0.0068610895738715075,13769.751639670985,2020703.4159528634,14,False,
2024-10-30,2020703.4159528634,-0.007407021558637557,-14967.393765575414,0.0,0.0,0.0,-0.007407021558637557,-14967.393765575414,2005736.022187288,14,False,
2024-10-31,2005736.022187288,-0.01079172205750593,-21645.34567217276,0.0,0.0,0.0,-0.01079172205750593,-21645.34567217276,1984090.6765151152,14,False,
2024-11-01,1984090.6765151152,-0.017527032460869008,-34775.22169258798,0.0,0.0,0.0,-0.017527032460869008,-34775.22169258798,1949315.4548225272,14,False,
2024-11-04,1949315.4548225272,-0.01811079717206944,-35303.65682667108,0.0,0.0,0.0,-0.01811079717206944,-35303.65682667108,1914011.7979958563,14,False,
2024-11-05,1914011.7979958563,0.043586889058748385,83425.81989638091,0.0,0.0,0.0,0.043586889058748385,83425.81989638091,1997437.6178922371,14,False,
2024-11-06,1997437.6178922371,0.029113440873805525,58152.2819876206,0.4194671527538435,0.0004194671527538435,837.8594703806764,0.02869397372105168,57314.422517239924,2054752.040409477,14,True,2024-11-05
2024-11-07,2054752.040409477,0.006079728094297405,12492.333706892414,0.0,0.0,0.0,0.006079728094297405,12492.333706892414,2067244.3741163693,14,False,
2024-11-08,2067244.3741163693,0.020153393645414356,41661.989632835415,0.0,0.0,0.0,0.020153393645414356,41661.989632835415,2108906.3637492047,14,False,
2024-11-11,2108906.3637492047,0.017080204137155122,36020.55119898193,0.0,0.0,0.0,0.017080204137155122,36020.55119898193,2144926.9149481864,14,False,
2024-11-12,2144926.9149481864,-0.010690479406443557,-22930.297012580097,0.0,0.0,0.0,-0.010690479406443557,-22930.297012580097,2121996.6179356063,14,False,
2024-11-13,2121996.6179356063,-0.0009860004992423045,-2092.2897246749894,0.0,0.0,0.0,-0.0009860004992423045,-2092.2897246749894,2119904.3282109313,14,False,
2024-11-14,2119904.3282109313,-0.009189647563086148,-19481.17364371936,0.0,0.0,0.0,-0.009189647563086148,-19481.17364371936,2100423.154567212,14,False,
2024-11-15,2100423.154567212,0.01741949858534233,36588.318169603815,0.0,0.0,0.0,0.01741949858534233,36588.318169603815,2137011.4727368155,14,False,
2024-11-18,2137011.4727368155,0.003013613608825641,6440.126856456192,0.0,0.0,0.0,0.003013613608825641,6440.126856456192,2143451.5995932715,14,False,
2024-11-19,2143451.5995932715,0.020186835988021776,43269.505889252294,0.0,0.0,0.0,0.020186835988021776,43269.505889252294,2186721.105482524,14,False,
2024-11-20,2186721.105482524,0.0020214337407807523,4420.31182429976,0.5347112341415424,0.0005347112341415424,1169.2643410359183,0.00148672250663921,3251.047483263842,2189972.152965788,14,True,2024-11-19
2024-11-21,2189972.152965788,0.012807705581950718,28048.51856785655,0.0,0.0,0.0,0.012807705581950718,28048.51856785655,2218020.671533644,14,False,
2024-11-22,2218020.671533644,0.008513789668566108,18883.7614779692,0.0,0.0,0.0,0.008513789668566108,18883.7614779692,2236904.4330116133,14,False,
2024-11-25,2236904.4330116133,0.001979597330313795,4428.170043756883,0.0,0.0,0.0,0.001979597330313795,4428.170043756883,2241332.60305537,14,False,
2024-11-26,2241332.60305537,0.011951720420053756,26787.780640069108,0.0,0.0,0.0,0.011951720420053756,26787.780640069108,2268120.383695439,14,False,
2024-11-27,2268120.383695439,-0.006062728017849012,-13750.996998084789,0.0,0.0,0.0,-0.006062728017849012,-13750.996998084789,2254369.3866973543,14,False,
2024-11-29,2254369.3866973543,0.005534068210006554,12475.833956533801,0.0,0.0,0.0,0.005534068210006554,12475.833956533801,2266845.220653888,14,False,
2024-12-02,2266845.220653888,-0.011775953833821039,-26694.264666838048,0.0,0.0,0.0,-0.011775953833821039,-26694.264666838048,2240150.9559870497,14,False,
2024-12-03,2240150.9559870497,0.0023870778594572055,5347.414748878579,0.0,0.0,0.0,0.0023870778594572055,5347.414748878579,2245498.3707359284,14,False,
2024-12-04,2245498.3707359284,0.010575880577956966,23748.122606900117,0.0,0.0,0.0,0.010575880577956966,23748.122606900117,2269246.4933428285,14,False,
2024-12-05,2269246.4933428285,0.004464685366838724,10131.471612577814,0.4306688183259816,0.00043066881832598157,977.2937057783333,0.004034016548512742,9154.17790679948,2278400.671249628,14,True,2024-12-04
2024-12-06,2278400.671249628,0.01169037182936736,26635.351023188334,0.0,0.0,0.0,0.01169037182936736,26635.351023188334,2305036.0222728164,14,False,
2024-12-09,2305036.0222728164,-0.02938629559715743,-67736.46991260494,0.0,0.0,0.0,-0.02938629559715743,-67736.46991260494,2237299.5523602115,14,False,
2024-12-10,2237299.5523602115,-0.003187151056128775,-7130.611631181283,0.0,0.0,0.0,-0.003187151056128775,-7130.611631181283,2230168.9407290304,14,False,
2024-12-11,2230168.9407290304,0.015933273288693123,35533.8912125909,0.0,0.0,0.0,0.015933273288693123,35533.8912125909,2265702.8319416214,14,False,
2024-12-12,2265702.8319416214,0.005098422298194209,11551.509839452929,0.0,0.0,0.0,0.005098422298194209,11551.509839452929,2277254.341781074,14,False,
2024-12-13,2277254.341781074,0.005280255756177444,12024.485346469593,0.0,0.0,0.0,0.005280255756177444,12024.485346469593,2289278.8271275437,14,False,
2024-12-16,2289278.8271275437,0.006769875116253004,15498.13176593562,0.0,0.0,0.0,0.006769875116253004,15498.13176593562,2304776.9588934793,14,False,
2024-12-17,2304776.9588934793,-0.008825958437437942,-20341.865646758462,0.0,0.0,0.0,-0.008825958437437942,-20341.865646758462,2284435.0932467207,14,False,
2024-12-18,2284435.0932467207,-0.04638204189731069,-105956.76420665625,0.0,0.0,0.0,-0.04638204189731069,-105956.76420665625,2178478.3290400645,14,False,
2024-12-19,2178478.3290400645,0.0059168987857127885,12889.835779798783,0.5196590651413899,0.0005196590651413899,1132.066011899737,0.005397239720571398,11757.769767899044,2190236.0988079635,13,True,2024-12-18
2024-12-20,2190236.0988079635,0.025076353953793082,54923.13565608341,0.0,0.0,0.0,0.025076353953793082,54923.13565608341,2245159.234464047,13,False,
2024-12-23,2245159.234464047,-0.0007598817274165006,-1706.0554774096481,0.0,0.0,0.0,-0.0007598817274165006,-1706.0554774096481,2243453.1789866374,13,False,
2024-12-24,2243453.1789866374,0.015622634836504525,35048.64978810347,0.0,0.0,0.0,0.015622634836504525,35048.64978810347,2278501.828774741,13,False,
2024-12-26,2278501.828774741,0.0006111330682142108,1392.4678135507977,0.0,0.0,0.0,0.0006111330682142108,1392.4678135507977,2279894.296588292,13,False,
2024-12-27,2279894.296588292,-0.017149662986940428,-39099.418832336814,0.0,0.0,0.0,-0.017149662986940428,-39099.418832336814,2240794.877755955,13,False,
2024-12-30,2240794.877755955,-0.010884453259499789,-24389.827111061233,0.0,0.0,0.0,-0.010884453259499789,-24389.827111061233,2216405.0506448937,13,False,
2024-12-31,2216405.0506448937,-0.008090029153363765,-17930.78147537988,0.0,0.0,0.0,-0.008090029153363765,-17930.78147537988,2198474.2691695136,13,False,
2025-01-02,2198474.2691695136,0.024074195584400857,52926.499543259604,0.0,0.0,0.0,0.024074195584400857,52926.499543259604,2251400.768712773,13,False,
2025-01-03,2251400.768712773,0.02771530651617782,62398.262395632875,0.0,0.0,0.0,0.02771530651617782,62398.262395632875,2313799.031108406,13,False,
2025-01-06,2313799.031108406,0.002828641424427988,6544.90778719458,0.3725551280412726,0.0003725551280412726,862.0176942963647,0.0024560862963867156,5682.890092898216,2319481.921201304,14,True,2025-01-03
2025-01-07,2319481.921201304,-0.01231607380431362,-28566.910529286408,0.0,0.0,0.0,-0.01231607380431362,-28566.910529286408,2290915.0106720175,14,False,
2025-01-08,2290915.0106720175,0.0005915615028839446,1355.2171266925266,0.0,0.0,0.0,0.0005915615028839446,1355.2171266925266,2292270.22779871,14,False,
2025-01-10,2292270.22779871,-0.012371872675440593,-28359.675396028844,0.0,0.0,0.0,-0.012371872675440593,-28359.675396028844,2263910.552402681,14,False,
2025-01-13,2263910.552402681,-0.0015511002766950461,-3511.5522842446335,0.0,0.0,0.0,-0.0015511002766950461,-3511.5522842446335,2260399.0001184368,14,False,
2025-01-14,2260399.0001184368,0.009032895406226274,20417.94774440829,0.0,0.0,0.0,0.009032895406226274,20417.94774440829,2280816.947862845,14,False,
2025-01-15,2280816.947862845,0.014108187681658377,32178.193567956245,0.0,0.0,0.0,0.014108187681658377,32178.193567956245,2312995.1414308012,14,False,
2025-01-16,2312995.1414308012,0.006265237598294053,14491.464124763726,0.0,0.0,0.0,0.006265237598294053,14491.464124763726,2327486.605555565,14,False,
2025-01-17,2327486.605555565,0.012099442525384745,28161.290412522394,0.0,0.0,0.0,0.012099442525384745,28161.290412522394,2355647.8959680875,14,False,
2025-01-21,2355647.8959680875,0.02642976474806846,62259.219719718996,0.0,0.0,0.0,0.02642976474806846,62259.219719718996,2417907.1156878066,14,False,
2025-01-22,2417907.1156878066,0.018554993278308687,44864.250279162,0.7307217137169086,0.0007307217137169086,1766.8172311837018,0.01782427156459178,43097.433047978295,2461004.548735785,14,True,2025-01-21
2025-01-23,2461004.548735785,0.005328283903548024,13112.930923587352,0.0,0.0,0.0,0.005328283903548024,13112.930923587352,2474117.479659372,14,False,
2025-01-24,2474117.479659372,0.0030486038705500786,7542.604124685167,0.0,0.0,0.0,0.0030486038705500786,7542.604124685167,2481660.0837840573,14,False,
2025-01-27,2481660.0837840573,-0.05842702101098575,-144996.00585737577,0.0,0.0,0.0,-0.05842702101098575,-144996.00585737577,2336664.0779266814,14,False,
2025-01-28,2336664.0779266814,0.011230297877617285,26241.43363504456,0.0,0.0,0.0,0.011230297877617285,26241.43363504456,2362905.5115617258,14,False,
2025-01-29,2362905.5115617258,0.011987714634325356,28325.836980476543,0.0,0.0,0.0,0.011987714634325356,28325.836980476543,2391231.3485422023,14,False,
2025-01-30,2391231.3485422023,0.02816999099062655,67360.96554493762,0.0,0.0,0.0,0.02816999099062655,67360.96554493762,2458592.31408714,14,False,
2025-01-31,2458592.31408714,-0.009655641583156543,-23739.28618392886,0.0,0.0,0.0,-0.009655641583156543,-23739.28618392886,2434853.027903211,14,False,
2025-02-03,2434853.027903211,-0.0027477371595766046,-6690.336142877264,0.0,0.0,0.0,-0.0027477371595766046,-6690.336142877264,2428162.6917603337,14,False,
2025-02-04,2428162.6917603337,0.036422281923490146,88439.22611539558,0.0,0.0,0.0,0.036422281923490146,88439.22611539558,2516601.9178757295,14,False,
2025-02-05,2516601.9178757295,0.006956542789506073,17506.84892585556,0.6791522090280651,0.0006791522090280651,1709.155751769567,0.0062773905804780076,15797.693174085993,2532399.6110498155,14,True,2025-02-04
2025-02-06,2532399.6110498155,0.009575514252886294,24249.028569611215,0.0,0.0,0.0,0.009575514252886294,24249.028569611215,2556648.639619427,14,False,
2025-02-07,2556648.639619427,-0.003562134847442967,-9107.127211856015,0.0,0.0,0.0,-0.003562134847442967,-9107.127211856015,2547541.5124075706,14,False,
2025-02-10,2547541.5124075706,0.004369655380545765,11131.878476855438,0.0,0.0,0.0,0.004369655380545765,11131.878476855438,2558673.390884426,14,False,
2025-02-11,2558673.390884426,-0.008833001293572706,-22600.765371512196,0.0,0.0,0.0,-0.008833001293572706,-22600.765371512196,2536072.625512914,14,False,
2025-02-12,2536072.625512914,-0.006868260532464591,-17418.4075212742,0.0,0.0,0.0,-0.006868260532464591,-17418.4075212742,2518654.2179916394,14,False,
2025-02-13,2518654.2179916394,0.0029358697107388604,7394.440630426325,0.0,0.0,0.0,0.0029358697107388604,7394.440630426325,2526048.6586220656,14,False,
2025-02-14,2526048.6586220656,0.008635703542195512,21814.207349020795,0.0,0.0,0.0,0.008635703542195512,21814.207349020795,2547862.8659710865,14,False,
2025-02-18,2547862.8659710865,0.013438699101031813,34239.96240647798,0.0,0.0,0.0,0.013438699101031813,34239.96240647798,2582102.8283775644,14,False,
2025-02-19,2582102.8283775644,-0.0032076409290524195,-8282.45871532589,0.0,0.0,0.0,-0.0032076409290524195,-8282.45871532589,2573820.3696622388,14,False,
2025-02-20,2573820.3696622388,-0.036259765112984885,-93326.12204696871,0.737592104848966,0.000737592104848966,1898.4295839623144,-0.03699735721783385,-95224.55163093102,2478595.818031308,14,True,2025-02-19
2025-02-21,2478595.818031308,-0.0437791224588086,-108510.7498434835,0.0,0.0,0.0,-0.0437791224588086,-108510.7498434835,2370085.0681878245,14,False,
2025-02-24,2370085.0681878245,-0.024742939450558804,-58642.87133484487,0.0,0.0,0.0,-0.024742939450558804,-58642.87133484487,2311442.1968529797,14,False,
2025-02-25,2311442.1968529797,-0.011176568611994082,-25833.992305785658,0.0,0.0,0.0,-0.011176568611994082,-25833.992305785658,2285608.204547194,14,False,
2025-02-26,2285608.204547194,0.03157732090586532,72173.3837400654,0.0,0.0,0.0,0.03157732090586532,72173.3837400654,2357781.5882872595,14,False,
2025-02-27,2357781.5882872595,-0.04113048028730876,-96976.68913882866,0.0,0.0,0.0,-0.04113048028730876,-96976.68913882866,2260804.8991484307,14,False,
2025-02-28,2260804.8991484307,0.01746730471441154,39490.16807326009,0.0,0.0,0.0,0.01746730471441154,39490.16807326009,2300295.067221691,14,False,
2025-03-03,2300295.067221691,-0.022813677303194085,-52478.1893657248,0.0,0.0,0.0,-0.022813677303194085,-52478.1893657248,2247816.877855966,14,False,
2025-03-04,2247816.877855966,-0.010209215677373543,-22948.447309271978,0.0,0.0,0.0,-0.010209215677373543,-22948.447309271978,2224868.430546694,14,False,
2025-03-05,2224868.430546694,0.012542634856863463,27905.71232891007,0.0,0.0,0.0,0.012542634856863463,27905.71232891007,2252774.142875604,14,False,
2025-03-06,2252774.142875604,-0.05122389346157669,-115395.86268765468,0.7578736895051039,0.0007578736895051039,1707.3182512828319,-0.0519817671510818,-117103.18093893751,2135670.961936666,14,True,2025-03-05
2025-03-07,2135670.961936666,0.007380633871802784,15762.605440695392,0.0,0.0,0.0,0.007380633871802784,15762.605440695392,2151433.5673773615,14,False,
2025-03-10,2151433.5673773615,-0.0333469750808804,-71743.80155950249,0.0,0.0,0.0,-0.0333469750808804,-71743.80155950249,2079689.765817859,14,False,
2025-03-11,2079689.765817859,0.008502865462194678,17683.322281852412,0.0,0.0,0.0,0.008502865462194678,17683.322281852412,2097373.0880997116,14,False,
2025-03-12,2097373.0880997116,0.014793713693345863,31027.936973475804,0.0,0.0,0.0,0.014793713693345863,31027.936973475804,2128401.0250731874,14,False,
2025-03-13,2128401.0250731874,-0.02516281354837238,-53556.55815008126,0.0,0.0,0.0,-0.02516281354837238,-53556.55815008126,2074844.4669231062,14,False,
2025-03-14,2074844.4669231062,0.027400184842175754,56851.12191245873,0.0,0.0,0.0,0.027400184842175754,56851.12191245873,2131695.588835565,14,False,
2025-03-17,2131695.588835565,0.013930553273981308,29695.69896418479,0.0,0.0,0.0,0.013930553273981308,29695.69896418479,2161391.2877997495,14,False,
2025-03-18,2161391.2877997495,-0.012629593799894506,-27297.494007541718,0.0,0.0,0.0,-0.012629593799894506,-27297.494007541718,2134093.7937922077,14,False,
2025-03-19,2134093.7937922077,0.017478527144754327,37300.816304248845,0.0,0.0,0.0,0.017478527144754327,37300.816304248845,2171394.6100964565,14,False,
2025-03-20,2171394.6100964565,-0.00876633185119402,-19035.165731999587,0.5204610432868567,0.0005204610432868567,1130.1263041582592,-0.009286792894480877,-20165.292036157847,2151229.3180602985,14,True,2025-03-19
2025-03-21,2151229.3180602985,-0.0007966831534733428,-1713.8481569565874,0.0,0.0,0.0,-0.0007966831534733428,-1713.8481569565874,2149515.469903342,14,False,
2025-03-24,2149515.469903342,0.011093650999180863,23845.97444044793,0.0,0.0,0.0,0.011093650999180863,23845.97444044793,2173361.44434379,14,False,
2025-03-25,2173361.44434379,0.001014892004640154,2205.7271530576895,0.0,0.0,0.0,0.001014892004640154,2205.7271530576895,2175567.1714968476,14,False,
2025-03-26,2175567.1714968476,0.005093536410297682,11081.330601067535,0.0,0.0,0.0,0.005093536410297682,11081.330601067535,2186648.5020979154,14,False,
2025-03-27,2186648.5020979154,-0.00015428521490584994,-337.36753406973173,0.0,0.0,0.0,-0.00015428521490584994,-337.36753406973173,2186311.1345638456,14,False,
2025-03-28,2186311.1345638456,-0.0063650774373208135,-13916.039673575602,0.0,0.0,0.0,-0.0063650774373208135,-13916.039673575602,2172395.09489027,14,False,
2025-03-31,2172395.09489027,0.011420359041118093,24809.53196281069,0.0,0.0,0.0,0.011420359041118093,24809.53196281069,2197204.6268530805,14,False,
2025-04-01,2197204.6268530805,0.0023447251307105892,5151.840905896001,0.0,0.0,0.0,0.0023447251307105892,5151.840905896001,2202356.4677589764,14,False,
2025-04-02,2202356.4677589764,0.005384361826093984,11858.284092452619,0.0,0.0,0.0,0.005384361826093984,11858.284092452619,2214214.751851429,14,False,
2025-04-03,2214214.751851429,-0.01320431975597776,-29237.19959184922,0.6261416629185703,0.0006261416629185703,1386.4121067830833,-0.013830461418896331,-30623.611698632307,2183591.140152797,14,True,2025-04-02
2025-04-04,2183591.140152797,-0.07991446551848357,-174500.51887620692,0.0,0.0,0.0,-0.07991446551848357,-174500.51887620692,2009090.6212765903,14,False,
2025-04-07,2009090.6212765903,0.004300360805770673,8639.8145629793,0.0,0.0,0.0,0.004300360805770673,8639.8145629793,2017730.4358395697,14,False,
2025-04-08,2017730.4358395697,-0.009754454696180817,-19681.86012550226,0.0,0.0,0.0,-0.009754454696180817,-19681.86012550226,1998048.5757140673,14,False,
2025-04-09,1998048.5757140673,0.050820457476623705,101541.74267830532,0.0,0.0,0.0,0.050820457476623705,101541.74267830532,2099590.3183923727,14,False,
2025-04-10,2099590.3183923727,-0.00913814697871758,-19186.364924561945,0.0,0.0,0.0,-0.00913814697871758,-19186.364924561945,2080403.9534678108,14,False,
2025-04-11,2080403.9534678108,0.020581608213266177,42818.05909560452,0.0,0.0,0.0,0.020581608213266177,42818.05909560452,2123222.0125634153,14,False,
2025-04-14,2123222.0125634153,0.014134390179590001,30010.448363465657,0.0,0.0,0.0,0.014134390179590001,30010.448363465657,2153232.460926881,14,False,
2025-04-15,2153232.460926881,0.007489843192663592,16127.373489695474,0.0,0.0,0.0,0.007489843192663592,16127.373489695474,2169359.8344165767,14,False,
2025-04-16,2169359.8344165767,-0.008138385681871514,-17655.087015243025,0.0,0.0,0.0,-0.008138385681871514,-17655.087015243025,2151704.7474013334,14,False,
2025-04-17,2151704.7474013334,0.005939337681173254,12779.701085000119,0.3784086842254901,0.0003784086842254901,814.2237623058792,0.0055609289969477645,11965.47732269424,2163670.224724028,14,True,2025-04-16
2025-04-21,2163670.224724028,-0.023458800467585847,-50757.1080794576,0.0,0.0,0.0,-0.023458800467585847,-50757.1080794576,2112913.11664457,14,False,
2025-04-22,2112913.11664457,0.024985225773419745,52791.61125898455,0.0,0.0,0.0,0.024985225773419745,52791.61125898455,2165704.7279035547,14,False,
2025-04-23,2165704.7279035547,0.009084151307546329,19673.589435744343,0.0,0.0,0.0,0.009084151307546329,19673.589435744343,2185378.3173392992,14,False,
2025-04-24,2185378.3173392992,0.009890180950198757,21613.787003126552,0.0,0.0,0.0,0.009890180950198757,21613.787003126552,2206992.1043424257,14,False,
2025-04-25,2206992.1043424257,0.005947400414447482,13125.865756048463,0.0,0.0,0.0,0.005947400414447482,13125.865756048463,2220117.970098474,14,False,
2025-04-28,2220117.970098474,0.008062668413875722,17900.075032590852,0.0,0.0,0.0,0.008062668413875722,17900.075032590852,2238018.045131065,14,False,
2025-04-29,2238018.045131065,0.0047850687701693415,10709.070254832099,0.0,0.0,0.0,0.0047850687701693415,10709.070254832099,2248727.115385897,14,False,
2025-04-30,2248727.115385897,0.006085828169074288,13685.366823376658,0.0,0.0,0.0,0.006085828169074288,13685.366823376658,2262412.4822092736,14,False,
2025-05-01,2262412.4822092736,-0.00031449612471023004,-711.5199581508688,0.0,0.0,0.0,-0.00031449612471023004,-711.5199581508688,2261700.9622511226,14,False,
2025-05-02,2261700.9622511226,0.01301821783452501,29443.31580313994,0.3766330167525793,0.00037663301675257933,851.8312564048518,0.01264158481777243,28591.48454673509,2290292.4467978575,14,True,2025-05-01
2025-05-05,2290292.4467978575,0.002269007334503018,5196.690359941203,0.0,0.0,0.0,0.002269007334503018,5196.690359941203,2295489.1371577987,14,False,
2025-05-06,2295489.1371577987,-0.009925118672337068,-22783.002097351775,0.0,0.0,0.0,-0.009925118672337068,-22783.002097351775,2272706.135060447,14,False,
2025-05-07,2272706.135060447,0.004129940128495527,9386.140267464114,0.0,0.0,0.0,0.004129940128495527,9386.140267464114,2282092.275327911,14,False,
2025-05-08,2282092.275327911,0.006109741699291659,13942.99433620232,0.0,0.0,0.0,0.006109741699291659,13942.99433620232,2296035.2696641134,14,False,
2025-05-09,2296035.2696641134,0.000652270170360599,1497.6353164977552,0.0,0.0,0.0,0.000652270170360599,1497.6353164977552,2297532.904980611,14,False,
2025-05-12,2297532.904980611,-0.017061927986185402,-39200.340970670535,0.0,0.0,0.0,-0.017061927986185402,-39200.340970670535,2258332.5640099407,14,False,
2025-05-13,2258332.5640099407,0.005847266316580544,13205.071933172301,0.0,0.0,0.0,0.005847266316580544,13205.071933172301,2271537.635943113,14,False,
2025-05-14,2271537.635943113,-0.0035232119362923787,-8003.108512692147,0.0,0.0,0.0,-0.0035232119362923787,-8003.108512692147,2263534.5274304207,14,False,
2025-05-15,2263534.5274304207,0.018490808367686854,41854.58318035853,0.0,0.0,0.0,0.018490808367686854,41854.58318035853,2305389.1106107794,14,False,
2025-05-16,2305389.1106107794,0.008436940341354546,19450.430389831563,0.6140507764861489,0.0006140507764861489,1415.6259734732614,0.007822889564868396,18034.8044163583,2323423.915027138,14,True,2025-05-15
2025-05-19,2323423.915027138,0.006899329249218132,16030.066575279636,0.0,0.0,0.0,0.006899329249218132,16030.066575279636,2339453.9816024173,14,False,
2025-05-20,2339453.9816024173,-0.0016384183200723707,-3833.0042624236517,0.0,0.0,0.0,-0.0016384183200723707,-3833.0042624236517,2335620.9773399937,14,False,
2025-05-21,2335620.9773399937,-0.00693819058357171,-16204.983471772899,0.0,0.0,0.0,-0.00693819058357171,-16204.983471772899,2319415.9938682206,14,False,
2025-05-22,2319415.9938682206,-0.0013290495241286796,-3082.618722907007,0.0,0.0,0.0,-0.0013290495241286796,-3082.618722907007,2316333.375145314,14,False,
2025-05-23,2316333.375145314,0.007229359001202551,16745.60553539266,0.0,0.0,0.0,0.007229359001202551,16745.60553539266,2333078.9806807064,14,False,
2025-05-27,2333078.9806807064,0.002539384002816814,5924.583440848744,0.0,0.0,0.0,0.002539384002816814,5924.583440848744,2339003.564121555,14,False,
2025-05-28,2339003.564121555,-0.0002687186489674846,-628.5338776808755,0.0,0.0,0.0,-0.0002687186489674846,-628.5338776808755,2338375.030243874,14,False,
2025-05-29,2338375.030243874,-0.0075314007401521745,-17611.239433532075,0.0,0.0,0.0,-0.0075314007401521745,-17611.239433532075,2320763.790810342,14,False,
2025-05-30,2320763.790810342,0.013110178728537288,30425.628084241303,0.0,0.0,0.0,0.013110178728537288,30425.628084241303,2351189.4188945834,14,False,
2025-06-02,2351189.4188945834,0.008936174649959128,21010.63928237791,0.4927014510158522,0.0004927014510158523,1158.4344383024797,0.008443473198943275,19852.204844075426,2371041.6237386586,14,True,2025-05-30
2025-06-03,2371041.6237386586,0.004837053439092844,11468.85504033736,0.0,0.0,0.0,0.004837053439092844,11468.85504033736,2382510.478778996,14,False,
2025-06-04,2382510.478778996,-0.010888472423467195,-25941.899646806723,0.0,0.0,0.0,-0.010888472423467195,-25941.899646806723,2356568.5791321895,14,False,
2025-06-05,2356568.5791321895,-0.022736109512642034,-53579.2012892007,0.0,0.0,0.0,-0.022736109512642034,-53579.2012892007,2302989.377842989,14,False,
2025-06-06,2302989.377842989,0.006575962252781761,15144.371217252847,0.0,0.0,0.0,0.006575962252781761,15144.371217252847,2318133.7490602415,14,False,
2025-06-09,2318133.7490602415,-0.00269533549576455,-6248.148177771822,0.0,0.0,0.0,-0.00269533549576455,-6248.148177771822,2311885.6008824697,14,False,
2025-06-10,2311885.6008824697,-0.008638652090995597,-19971.57538020596,0.0,0.0,0.0,-0.008638652090995597,-19971.57538020596,2291914.0255022636,14,False,
2025-06-11,2291914.0255022636,0.011063966791871733,25357.66066798211,0.0,0.0,0.0,0.011063966791871733,25357.66066798211,2317271.6861702455,14,False,
2025-06-12,2317271.6861702455,0.0017453018965226134,4044.3386686310837,0.0,0.0,0.0,0.0017453018965226134,4044.3386686310837,2321316.0248388764,14,False,
2025-06-13,2321316.0248388764,0.0060013107233989945,13930.938752263475,0.0,0.0,0.0,0.0060013107233989945,13930.938752263475,2335246.9635911398,14,False,
2025-06-16,2335246.9635911398,0.015400255422413946,35963.39971372015,0.391812775198517,0.000391812775198517,914.9795935785546,0.015008442647215429,35048.4201201416,2370295.383711281,14,True,2025-06-13
2025-06-17,2370295.383711281,-0.0044579375428542,-10566.628778700522,0.0,0.0,0.0,-0.0044579375428542,-10566.628778700522,2359728.7549325805,14,False,
2025-06-18,2359728.7549325805,0.009785267970682934,23090.578205141297,0.0,0.0,0.0,0.009785267970682934,23090.578205141297,2382819.3331377218,14,False,
2025-06-20,2382819.3331377218,0.004601264358398652,10963.981670069843,0.0,0.0,0.0,0.004601264358398652,10963.981670069843,2393783.3148077917,14,False,
2025-06-23,2393783.3148077917,0.005978496734812291,14311.225731426524,0.0,0.0,0.0,0.005978496734812291,14311.225731426524,2408094.540539218,14,False,
2025-06-24,2408094.540539218,0.011073780806638053,26666.711103593076,0.0,0.0,0.0,0.011073780806638053,26666.711103593076,2434761.251642811,14,False,
2025-06-25,2434761.251642811,-0.006194052636418169,-15081.039349786955,0.0,0.0,0.0,-0.006194052636418169,-15081.039349786955,2419680.212293024,14,False,
2025-06-26,2419680.212293024,0.01677848436012604,40598.56659846496,0.0,0.0,0.0,0.01677848436012604,40598.56659846496,2460278.778891489,14,False,
2025-06-27,2460278.778891489,-0.004500833844191919,-11073.30599418198,0.0,0.0,0.0,-0.004500833844191919,-11073.30599418198,2449205.472897307,14,False,
2025-06-30,2449205.472897307,0.009455838321160549,23159.2909670185,0.0,0.0,0.0,0.009455838321160549,23159.2909670185,2472364.7638643254,14,False,
2025-07-01,2472364.7638643254,-0.018055571514560012,-44639.958804030604,0.45550640552757043,0.00045550640552757045,1126.1779867408593,-0.018511077920087583,-45766.13679077147,2426598.627073554,14,True,2025-06-30
2025-07-02,2426598.627073554,0.008796113697291108,21344.637421429485,0.0,0.0,0.0,0.008796113697291108,21344.637421429485,2447943.2644949835,14,False,
2025-07-03,2447943.2644949835,0.008706531490799264,21313.095120015525,0.0,0.0,0.0,0.008706531490799264,21313.095120015525,2469256.359614999,14,False,
2025-07-07,2469256.359614999,0.0026754449043951663,6606.359344977307,0.0,0.0,0.0,0.0026754449043951663,6606.359344977307,2475862.7189599765,14,False,
2025-07-08,2475862.7189599765,-0.012930989654730407,-32015.355205404154,0.0,0.0,0.0,-0.012930989654730407,-32015.355205404154,2443847.3637545723,14,False,
2025-07-09,2443847.3637545723,0.006230058499903408,15225.312041025709,0.0,0.0,0.0,0.006230058499903408,15225.312041025709,2459072.675795598,14,False,
2025-07-10,2459072.675795598,-0.012378616406895734,-30439.917370352385,0.0,0.0,0.0,-0.012378616406895734,-30439.917370352385,2428632.7584252455,14,False,
2025-07-11,2428632.7584252455,0.0043889438725541845,10659.132863774848,0.0,0.0,0.0,0.0043889438725541845,10659.132863774848,2439291.8912890204,14,False,
2025-07-14,2439291.8912890204,0.006880382388107733,16783.260968278977,0.0,0.0,0.0,0.006880382388107733,16783.260968278977,2456075.1522572995,14,False,
2025-07-15,2456075.1522572995,-0.009460785414356963,-23236.399977040415,0.0,0.0,0.0,-0.009460785414356963,-23236.399977040415,2432838.752280259,14,False,
2025-07-16,2432838.752280259,-0.0040340676373065085,-9814.236077358939,0.5650365814031265,0.0005650365814031265,1374.6428916934851,-0.004599104218709635,-11188.878969052425,2421649.8733112067,14,True,2025-07-15
2025-07-17,2421649.8733112067,0.011038873589542125,26732.286829613113,0.0,0.0,0.0,0.011038873589542125,26732.286829613113,2448382.16014082,14,False,
2025-07-18,2448382.16014082,0.008817775613276804,21589.284503671704,0.0,0.0,0.0,0.008817775613276804,21589.284503671704,2469971.4446444917,14,False,
2025-07-21,2469971.4446444917,-0.0024287276840205835,-5998.888026348392,0.0,0.0,0.0,-0.0024287276840205835,-5998.888026348392,2463972.5566181433,14,False,
2025-07-22,2463972.5566181433,-0.0087127695097071,-21468.02496405761,0.0,0.0,0.0,-0.0087127695097071,-21468.02496405761,2442504.5316540855,14,False,
2025-07-23,2442504.5316540855,0.02819131427020193,68857.4128582527,0.0,0.0,0.0,0.02819131427020193,68857.4128582527,2511361.9445123384,14,False,
2025-07-24,2511361.9445123384,-0.005185693647692448,-13023.153682714188,0.0,0.0,0.0,-0.005185693647692448,-13023.153682714188,2498338.790829624,14,False,
2025-07-25,2498338.790829624,0.008757316558846004,21878.743662539568,0.0,0.0,0.0,0.008757316558846004,21878.743662539568,2520217.5344921635,14,False,
2025-07-28,2520217.5344921635,0.0004141460566030892,1043.7381536918895,0.0,0.0,0.0,0.0004141460566030892,1043.7381536918895,2521261.2726458553,14,False,
2025-07-29,2521261.2726458553,-0.002716180100988207,-6848.199698152875,0.0,0.0,0.0,-0.002716180100988207,-6848.199698152875,2514413.0729477024,14,False,
2025-07-30,2514413.0729477024,0.015810097207896223,39753.115104108234,0.4120294747127398,0.00041202947471273983,1036.0122976574878,0.015398067733183484,38717.10280645075,2553130.175754153,14,True,2025-07-29
2025-07-31,2553130.175754153,0.005137788607106193,13117.44312944872,0.0,0.0,0.0,0.005137788607106193,13117.44312944872,2566247.618883602,14,False,
2025-08-01,2566247.618883602,-0.02992833764579116,-76803.52522065603,0.0,0.0,0.0,-0.02992833764579116,-76803.52522065603,2489444.093662946,14,False,
2025-08-04,2489444.093662946,0.012933417223508416,32197.019117941643,0.0,0.0,0.0,0.012933417223508416,32197.019117941643,2521641.1127808876,14,False,
2025-08-05,2521641.1127808876,-0.00791524493007198,-19959.407033399984,0.0,0.0,0.0,-0.00791524493007198,-19959.407033399984,2501681.7057474875,14,False,
2025-08-06,2501681.7057474875,-0.0040003198953033415,-10007.527099218074,0.0,0.0,0.0,-0.0040003198953033415,-10007.527099218074,2491674.1786482693,14,False,
2025-08-07,2491674.1786482693,-0.0022451641035649283,-5594.2174236807205,0.0,0.0,0.0,-0.0022451641035649283,-5594.2174236807205,2486079.9612245886,14,False,
2025-08-08,2486079.9612245886,-0.0072224805793850745,-17955.66423874299,0.0,0.0,0.0,-0.0072224805793850745,-17955.66423874299,2468124.2969858455,14,False,
2025-08-11,2468124.2969858455,-0.001411707082508604,-3484.268550566487,0.0,0.0,0.0,-0.001411707082508604,-3484.268550566487,2464640.028435279,14,False,
2025-08-12,2464640.028435279,0.025872386195341268,63766.11864817443,0.0,0.0,0.0,0.025872386195341268,63766.11864817443,2528406.1470834534,14,False,
2025-08-13,2528406.1470834534,0.005745374254752862,14526.639583012151,0.5641313815185413,0.0005641313815185413,1426.3532527941607,0.005181242873234321,13100.28633021799,2541506.4334136713,14,True,2025-08-12
2025-08-14,2541506.4334136713,-0.024772332681702994,-62959.042881211906,0.0,0.0,0.0,-0.024772332681702994,-62959.042881211906,2478547.3905324596,14,False,
2025-08-15,2478547.3905324596,-0.0023506430023167496,-5826.180079465566,0.0,0.0,0.0,-0.0023506430023167496,-5826.180079465566,2472721.210452994,14,False,
2025-08-18,2472721.210452994,0.004523130342807733,11184.440336304202,0.0,0.0,0.0,0.004523130342807733,11184.440336304202,2483905.650789298,14,False,
2025-08-19,2483905.650789298,-0.0202985836024842,-50419.76651322949,0.0,0.0,0.0,-0.0202985836024842,-50419.76651322949,2433485.884276069,14,False,
2025-08-20,2433485.884276069,0.0005499518550421304,1338.3000762764632,0.0,0.0,0.0,0.0005499518550421304,1338.3000762764632,2434824.1843523453,14,False,
2025-08-21,2434824.1843523453,-0.006659573120205835,-16214.889690539976,0.0,0.0,0.0,-0.006659573120205835,-16214.889690539976,2418609.2946618055,14,False,
2025-08-22,2418609.2946618055,0.020530536212147017,49655.34570708955,0.0,0.0,0.0,0.020530536212147017,49655.34570708955,2468264.640368895,14,False,
2025-08-25,2468264.640368895,0.0001523250645479998,375.97857066573744,0.0,0.0,0.0,0.0001523250645479998,375.97857066573744,2468640.618939561,14,False,
2025-08-26,2468640.618939561,0.008557382979656664,21125.10321540249,0.0,0.0,0.0,0.008557382979656664,21125.10321540249,2489765.7221549633,14,False,
2025-08-27,2489765.7221549633,-0.00557624381832539,-13883.540717245065,0.5667919530766435,0.0005667919530766435,1411.1791763634915,-0.006143035771402033,-15294.719893608555,2474471.0022613546,14,True,2025-08-26
2025-08-28,2474471.0022613546,0.004393944797449663,10872.688986826332,0.0,0.0,0.0,0.004393944797449663,10872.688986826332,2485343.691248181,14,False,
2025-08-29,2485343.691248181,-0.013168480999388249,-32728.201175151124,0.0,0.0,0.0,-0.013168480999388249,-32728.201175151124,2452615.49007303,14,False,
2025-09-02,2452615.49007303,-0.004014492790128399,-9846.00720185541,0.0,0.0,0.0,-0.004014492790128399,-9846.00720185541,2442769.4828711743,14,False,
2025-09-03,2442769.4828711743,-0.0029685680698026693,-7251.527488739746,0.0,0.0,0.0,-0.0029685680698026693,-7251.527488739746,2435517.9553824347,14,False,
2025-09-04,2435517.9553824347,0.01824677174571105,44440.34021444416,0.0,0.0,0.0,0.01824677174571105,44440.34021444416,2479958.295596879,14,False,
2025-09-05,2479958.295596879,-0.0006609621235071066,-1639.1585012667779,0.0,0.0,0.0,-0.0006609621235071066,-1639.1585012667779,2478319.137095612,14,False,
2025-09-08,2478319.137095612,0.0068512525887283425,16979.590403721304,0.0,0.0,0.0,0.0068512525887283425,16979.590403721304,2495298.727499333,14,False,
2025-09-09,2495298.727499333,0.007499245401735568,18712.85750815599,0.0,0.0,0.0,0.007499245401735568,18712.85750815599,2514011.585007489,14,False,
2025-09-10,2514011.585007489,0.019025723714974407,47830.889832597386,0.0,0.0,0.0,0.019025723714974407,47830.889832597386,2561842.4748400864,14,False,
2025-09-11,2561842.4748400864,0.030025798203321553,76921.36517824631,0.7715978799758967,0.0007715978799758967,1976.7122224188151,0.029254200323345657,74944.65295582749,2636787.1277959137,14,True,2025-09-10
2025-09-12,2636787.1277959137,0.001604182954647385,4229.888965443841,0.0,0.0,0.0,0.001604182954647385,4229.888965443841,2641017.0167613574,14,False,
2025-09-15,2641017.0167613574,0.014707976633371148,38844.016570861626,0.0,0.0,0.0,0.014707976633371148,38844.016570861626,2679861.033332219,14,False,
2025-09-16,2679861.033332219,-0.009034506445297883,-24211.221778142575,0.0,0.0,0.0,-0.009034506445297883,-24211.221778142575,2655649.811554076,14,False,
2025-09-17,2655649.811554076,0.0021297974337697685,5655.996153639041,0.0,0.0,0.0,0.0021297974337697685,5655.996153639041,2661305.8077077153,14,False,
2025-09-18,2661305.8077077153,0.011949108311773112,31800.231347050318,0.0,0.0,0.0,0.011949108311773112,31800.231347050318,2693106.039054766,14,False,
2025-09-19,2693106.039054766,0.010025707992058111,27000.294739211327,0.0,0.0,0.0,0.010025707992058111,27000.294739211327,2720106.3337939773,14,False,
2025-09-22,2720106.3337939773,0.002195575421279173,5972.1986097438585,0.0,0.0,0.0,0.002195575421279173,5972.1986097438585,2726078.532403721,14,False,
2025-09-23,2726078.532403721,0.004880038222885701,13303.367436718314,0.0,0.0,0.0,0.004880038222885701,13303.367436718314,2739381.899840439,14,False,
2025-09-24,2739381.899840439,-0.009587506302804461,-26263.84123050867,0.0,0.0,0.0,-0.009587506302804461,-26263.84123050867,2713118.0586099303,14,False,
2025-09-25,2713118.0586099303,-0.007340190108571226,-19914.80233719458,0.5350344141346473,0.0005350344141346472,1451.6115309664956,-0.007875224522705873,-21366.413868161075,2691751.6447417694,14,True,2025-09-24
2025-09-26,2691751.6447417694,0.00301756043101703,8122.523253297773,0.0,0.0,0.0,0.00301756043101703,8122.523253297773,2699874.1679950673,14,False,
2025-09-29,2699874.1679950673,0.0034589919185881142,9338.842928299746,0.0,0.0,0.0,0.0034589919185881142,9338.842928299746,2709213.010923367,14,False,
2025-09-30,2709213.010923367,-0.0020250841410802845,-5486.384303229278,0.0,0.0,0.0,-0.0020250841410802845,-5486.384303229278,2703726.6266201376,14,False,
2025-10-01,2703726.6266201376,0.012703808519582728,34347.62535387957,0.0,0.0,0.0,0.012703808519582728,34347.62535387957,2738074.2519740174,14,False,
2025-10-02,2738074.2519740174,0.007312372849417098,20021.819819822835,0.0,0.0,0.0,0.007312372849417098,20021.819819822835,2758096.0717938403,14,False,
2025-10-03,2758096.0717938403,-0.00927092805475234,-25570.110249695736,0.0,0.0,0.0,-0.00927092805475234,-25570.110249695736,2732525.9615441444,14,False,
2025-10-06,2732525.9615441444,0.00413526451698251,11299.717650507017,0.0,0.0,0.0,0.00413526451698251,11299.717650507017,2743825.6791946515,14,False,
2025-10-07,2743825.6791946515,-0.016702131646958985,-45827.73771021572,0.0,0.0,0.0,-0.016702131646958985,-45827.73771021572,2697997.941484436,14,False,
2025-10-08,2697997.941484436,0.0008597003684653324,2319.4698244128776,0.0,0.0,0.0,0.0008597003684653324,2319.4698244128776,2700317.4113088488,14,False,
2025-10-09,2700317.4113088488,0.004588576962558987,12390.614265128705,0.4794354627909675,0.0004794354627909675,1294.6279277733652,0.00410914149976802,11095.98633735534,2711413.397646204,14,True,2025-10-08
2025-10-10,2711413.397646204,-0.04075445268728628,-110502.16903004637,0.0,0.0,0.0,-0.04075445268728628,-110502.16903004637,2600911.2286161575,14,False,
2025-10-13,2600911.2286161575,0.030864396292422356,80275.5548814202,0.0,0.0,0.0,0.030864396292422356,80275.5548814202,2681186.7834975775,14,False,
2025-10-14,2681186.7834975775,-0.010163401320745263,-27249.977296564022,0.0,0.0,0.0,-0.010163401320745263,-27249.977296564022,2653936.8062010137,14,False,
2025-10-15,2653936.8062010137,0.015044791458873587,39927.92579432326,0.0,0.0,0.0,0.015044791458873587,39927.92579432326,2693864.731995337,14,False,
2025-10-16,2693864.731995337,0.001400675896073453,3773.231397388241,0.0,0.0,0.0,0.001400675896073453,3773.231397388241,2697637.963392725,14,False,
2025-10-17,2697637.963392725,-0.015168360003913483,-40918.743788964835,0.0,0.0,0.0,-0.015168360003913483,-40918.743788964835,2656719.21960376,14,False,
2025-10-20,2656719.21960376,0.0055571823280707415,14763.873097827907,0.0,0.0,0.0,0.0055571823280707415,14763.873097827907,2671483.0927015883,14,False,
2025-10-21,2671483.0927015883,-0.00867614435275662,-23178.172948227675,0.0,0.0,0.0,-0.00867614435275662,-23178.172948227675,2648304.9197533606,14,False,
2025-10-22,2648304.9197533606,-0.004659057598511624,-12338.605159552611,0.0,0.0,0.0,-0.004659057598511624,-12338.605159552611,2635966.314593808,14,False,
2025-10-23,2635966.314593808,0.04245617903281576,111913.05777686626,0.5157918455783134,0.0005157918455783134,1359.609930286605,0.04194038718723745,110553.44784657966,2746519.7624403876,14,True,2025-10-22
2025-10-24,2746519.7624403876,0.016427231574130504,45117.716160534146,0.0,0.0,0.0,0.016427231574130504,45117.716160534146,2791637.4786009216,14,False,
2025-10-27,2791637.4786009216,0.009003804386166117,25135.357774412696,0.0,0.0,0.0,0.009003804386166117,25135.357774412696,2816772.8363753343,14,False,
2025-10-28,2816772.8363753343,-0.005220499776140715,-14704.961961736679,0.0,0.0,0.0,-0.005220499776140715,-14704.961961736679,2802067.8744135974,14,False,
2025-10-29,2802067.8744135974,0.022370313724396098,62683.1374276839,0.0,0.0,0.0,0.022370313724396098,62683.1374276839,2864751.0118412813,14,False,
2025-10-30,2864751.0118412813,-0.026322986855956274,-75408.80323028548,0.0,0.0,0.0,-0.026322986855956274,-75408.80323028548,2789342.2086109957,14,False,
2025-10-31,2789342.2086109957,0.02553013644838531,71212.28718707916,0.0,0.0,0.0,0.02553013644838531,71212.28718707916,2860554.4957980746,14,False,
2025-11-03,2860554.4957980746,0.009410843681971984,26920.231203717867,0.0,0.0,0.0,0.009410843681971984,26920.231203717867,2887474.7270017923,14,False,
2025-11-04,2887474.7270017923,-0.031627167864465455,-91322.64789528724,0.0,0.0,0.0,-0.031627167864465455,-91322.64789528724,2796152.079106505,14,False,
2025-11-05,2796152.079106505,0.02865936797858202,80135.95135919051,0.0,0.0,0.0,0.02865936797858202,80135.95135919051,2876288.0304656955,14,False,
2025-11-06,2876288.0304656955,-0.019831861831730375,-57042.14680845556,0.44458098168597326,0.00044458098168597326,1278.7429561960535,-0.020276442813416347,-58320.88976465161,2817967.140701044,14,True,2025-11-05
2025-11-07,2817967.140701044,0.00030542793858539846,860.6858947857094,0.0,0.0,0.0,0.00030542793858539846,860.6858947857094,2818827.82659583,14,False,
2025-11-10,2818827.82659583,0.026614975048183113,75023.03226997225,0.0,0.0,0.0,0.026614975048183113,75023.03226997225,2893850.858865802,14,False,
2025-11-11,2893850.858865802,-0.008802657195549131,-25473.577085641085,0.0,0.0,0.0,-0.008802657195549131,-25473.577085641085,2868377.281780161,14,False,
2025-11-12,2868377.281780161,0.0020904839920988802,5996.296790861526,0.0,0.0,0.0,0.0020904839920988802,5996.296790861526,2874373.5785710225,14,False,
2025-11-13,2874373.5785710225,-0.03304516371824537,-94984.14549127825,0.0,0.0,0.0,-0.03304516371824537,-94984.14549127825,2779389.433079744,14,False,
2025-11-14,2779389.433079744,-0.000307382402034909,-854.3354001304957,0.0,0.0,0.0,-0.000307382402034909,-854.3354001304957,2778535.0976796136,14,False,
2025-11-17,2778535.0976796136,-0.010033591433295248,-27878.685953188346,0.0,0.0,0.0,-0.010033591433295248,-27878.685953188346,2750656.4117264254,14,False,
2025-11-18,2750656.4117264254,-0.008057347773956376,-22162.995315942746,0.0,0.0,0.0,-0.008057347773956376,-22162.995315942746,2728493.4164104825,14,False,
2025-11-19,2728493.4164104825,-0.005389588206912099,-14705.45593972324,0.0,0.0,0.0,-0.005389588206912099,-14705.45593972324,2713787.9604707593,14,False,
2025-11-20,2713787.9604707593,-0.030830037226706658,-83666.18384670185,0.6683121437508714,0.0006683121437508715,1813.6574495475184,-0.03149834937045753,-85479.84129624936,2628308.11917451,14,True,2025-11-19
2025-11-21,2628308.11917451,0.01613212574592507,42400.197077559,0.0,0.0,0.0,0.01613212574592507,42400.197077559,2670708.3162520686,14,False,
2025-11-24,2670708.3162520686,0.027547617770520925,73571.6518726635,0.0,0.0,0.0,0.027547617770520925,73571.6518726635,2744279.968124732,14,False,
2025-11-25,2744279.968124732,0.011903294974481022,32665.97395314806,0.0,0.0,0.0,0.011903294974481022,32665.97395314806,2776945.94207788,14,False,
2025-11-26,2776945.94207788,0.016042755933183703,44549.865988400314,0.0,0.0,0.0,0.016042755933183703,44549.865988400314,2821495.80806628,14,False,
2025-11-28,2821495.80806628,0.007637761972143655,21549.91338741137,0.0,0.0,0.0,0.007637761972143655,21549.91338741137,2843045.7214536914,14,False,
2025-12-01,2843045.7214536914,-0.008515124888366626,-24208.889381514575,0.0,0.0,0.0,-0.008515124888366626,-24208.889381514575,2818836.832072177,14,False,
2025-12-02,2818836.832072177,0.005504467379494513,15516.19539025895,0.0,0.0,0.0,0.005504467379494513,15516.19539025895,2834353.027462436,14,False,
2025-12-03,2834353.027462436,0.0052057377386292986,14754.898519659408,0.0,0.0,0.0,0.0052057377386292986,14754.898519659408,2849107.9259820953,14,False,
2025-12-04,2849107.9259820953,0.00545263456303691,15535.144351032379,0.0,0.0,0.0,0.00545263456303691,15535.144351032379,2864643.070333128,14,False,
2025-12-05,2864643.070333128,0.0172151763275105,49315.33557116586,0.5636016762921732,0.0005636016762921731,1614.5176364185086,0.016651574651218328,47700.817934747356,2912343.888267875,14,True,2025-12-04
2025-12-08,2912343.888267875,0.0034898054713531383,10163.513635739104,0.0,0.0,0.0,0.0034898054713531383,10163.513635739104,2922507.4019036144,14,False,
2025-12-09,2922507.4019036144,0.001313255433216072,3837.9987241641084,0.0,0.0,0.0,0.001313255433216072,3837.9987241641084,2926345.4006277784,14,False,
2025-12-10,2926345.4006277784,0.02454132757053517,71816.40106133529,0.0,0.0,0.0,0.02454132757053517,71816.40106133529,2998161.8016891135,14,False,
2025-12-11,2998161.8016891135,0.0018955333008525191,5683.115536445701,0.0,0.0,0.0,0.0018955333008525191,5683.115536445701,3003844.9172255592,14,False,
2025-12-12,3003844.9172255592,-0.017875906297356345,-53696.45027211422,0.0,0.0,0.0,-0.017875906297356345,-53696.45027211422,2950148.466953445,14,False,
2025-12-15,2950148.466953445,-0.000711973503914687,-2100.4275410853866,0.0,0.0,0.0,-0.000711973503914687,-2100.4275410853866,2948048.0394123597,14,False,
2025-12-16,2948048.0394123597,-0.00441096011250084,-13003.722311584223,0.0,0.0,0.0,-0.00441096011250084,-13003.722311584223,2935044.3171007754,14,False,
2025-12-17,2935044.3171007754,-0.011272787642132973,-33086.13130692623,0.0,0.0,0.0,-0.011272787642132973,-33086.13130692623,2901958.185793849,14,False,
2025-12-18,2901958.185793849,0.01826776353860332,53012.28593699632,0.0,0.0,0.0,0.01826776353860332,53012.28593699632,2954970.4717308455,14,False,
2025-12-19,2954970.4717308455,0.017522761871137757,51779.24391238321,0.5634050937185899,0.00056340509371859,1664.845415561183,0.016959356777419166,50114.398496822025,3005084.8702276675,14,True,2025-12-18
2025-12-22,3005084.8702276675,0.003165911607707181,9513.833072799,0.0,0.0,0.0,0.003165911607707181,9513.833072799,3014598.7033004663,14,False,
2025-12-23,3014598.7033004663,0.00140802004831453,4244.6154118700415,0.0,0.0,0.0,0.00140802004831453,4244.6154118700415,3018843.3187123365,14,False,
2025-12-24,3018843.3187123365,0.0033254040306683673,10038.873740002275,0.0,0.0,0.0,0.0033254040306683673,10038.873740002275,3028882.1924523385,14,False,
2025-12-26,3028882.1924523385,0.0016747405571793693,5072.591850618299,0.0,0.0,0.0,0.0016747405571793693,5072.591850618299,3033954.784302957,14,False,
2025-12-29,3033954.784302957,-0.004102085088162472,-12445.540678848349,0.0,0.0,0.0,-0.004102085088162472,-12445.540678848349,3021509.2436241084,14,False,
2025-12-30,3021509.2436241084,-0.003821179425389419,-11545.72895536039,0.0,0.0,0.0,-0.003821179425389419,-11545.72895536039,3009963.514668748,14,False,
2025-12-31,3009963.514668748,-0.00942980575753213,-28383.371280585005,0.0,0.0,0.0,-0.00942980575753213,-28383.371280585005,2981580.143388163,14,False,
2026-01-02,2981580.143388163,0.028656918056927383,85442.89784923638,0.0,0.0,0.0,0.028656918056927383,85442.89784923638,3067023.041237399,14,False,
2026-01-05,3067023.041237399,0.006139636569250694,18830.406822715613,0.0,0.0,0.0,0.006139636569250694,18830.406822715613,3085853.4480601144,14,False,
2026-01-06,3085853.4480601144,0.049231450588601525,151921.04155183717,0.6389030790828067,0.0006389030790828067,1971.5612695639031,0.04859254750951872,149949.48028227326,3235802.9283423875,14,True,2026-01-05
2026-01-07,3235802.9283423875,-0.01593836962113164,-51573.42309306111,0.0,0.0,0.0,-0.01593836962113164,-51573.42309306111,3184229.5052493266,14,False,
2026-01-08,3184229.5052493266,-0.017669863806592266,-56264.901686688274,0.0,0.0,0.0,-0.017669863806592266,-56264.901686688274,3127964.603562638,14,False,
2026-01-09,3127964.603562638,0.023120214012885824,72319.21105909976,0.0,0.0,0.0,0.023120214012885824,72319.21105909976,3200283.814621738,14,False,
2026-01-12,3200283.814621738,0.019448988336764277,62242.28258491367,0.0,0.0,0.0,0.019448988336764277,62242.28258491367,3262526.0972066517,14,False,
2026-01-13,3262526.0972066517,0.02171615103215243,70849.50947327846,0.0,0.0,0.0,0.02171615103215243,70849.50947327846,3333375.6066799304,14,False,
2026-01-14,3333375.6066799304,-0.008041531295932852,-26805.444262215817,0.0,0.0,0.0,-0.008041531295932852,-26805.444262215817,3306570.1624177145,14,False,
2026-01-15,3306570.1624177145,0.0011895728414073252,3933.4060634199213,0.0,0.0,0.0,0.0011895728414073252,3933.4060634199213,3310503.5684811343,14,False,
2026-01-16,3310503.5684811343,-0.006875765171107251,-22762.24513498885,0.0,0.0,0.0,-0.006875765171107251,-22762.24513498885,3287741.3233461455,14,False,
2026-01-20,3287741.3233461455,-0.004634273329138253,-15236.291927888746,0.0,0.0,0.0,-0.004634273329138253,-15236.291927888746,3272505.031418257,14,False,
2026-01-21,3272505.031418257,0.028952834062386357,94748.29514297724,0.5714194863042746,0.0005714194863042746,1869.9731439811744,0.028381414576082082,92878.32199899606,3365383.353417253,14,True,2026-01-20
2026-01-22,3365383.353417253,0.007946344329948809,26742.494928531298,0.0,0.0,0.0,0.007946344329948809,26742.494928531298,3392125.8483457845,14,False,
2026-01-23,3392125.8483457845,-0.002914059949389418,-9884.858077953053,0.0,0.0,0.0,-0.002914059949389418,-9884.858077953053,3382240.9902678314,14,False,
2026-01-26,3382240.9902678314,0.0009169432471572993,3101.323036284705,0.0,0.0,0.0,0.0009169432471572993,3101.323036284705,3385342.313304116,14,False,
2026-01-27,3385342.313304116,0.020612368517764705,69779.9233206065,0.0,0.0,0.0,0.020612368517764705,69779.9233206065,3455122.2366247224,14,False,
2026-01-28,3455122.2366247224,0.005658181184493807,19549.707629396165,0.0,0.0,0.0,0.005658181184493807,19549.707629396165,3474671.9442541185,14,False,
2026-01-29,3474671.9442541185,-0.0015053283955057302,-5230.522342752828,0.0,0.0,0.0,-0.0015053283955057302,-5230.522342752828,3469441.421911366,14,False,
2026-01-30,3469441.421911366,-0.02358241813066465,-81817.81829136153,0.0,0.0,0.0,-0.02358241813066465,-81817.81829136153,3387623.6036200044,14,False,
2026-02-02,3387623.6036200044,0.0141224860679462,47841.66714556921,0.0,0.0,0.0,0.0141224860679462,47841.66714556921,3435465.2707655737,14,False,
2026-02-03,3435465.2707655737,0.013469024653833981,46272.366429331945,0.0,0.0,0.0,0.013469024653833981,46272.366429331945,3481737.6371949054,14,False,
2026-02-04,3481737.6371949054,-0.017310991360485972,-60272.33015695985,0.5060356589079329,0.0005060356589079329,1761.8833993824735,-0.017817027019393906,-62034.21355634233,3419703.423638563,14,True,2026-02-03
2026-02-05,3419703.423638563,-0.040720812745917365,-139253.10276055845,0.0,0.0,0.0,-0.040720812745917365,-139253.10276055845,3280450.3208780047,14,False,
2026-02-06,3280450.3208780047,0.03787407732409868,124244.02911079787,0.0,0.0,0.0,0.03787407732409868,124244.02911079787,3404694.3499888023,14,False,
2026-02-09,3404694.3499888023,0.008128060530352733,27673.56176405894,0.0,0.0,0.0,0.008128060530352733,27673.56176405894,3432367.9117528615,14,False,
2026-02-10,3432367.9117528615,-0.016755297694869244,-57510.346159735884,0.0,0.0,0.0,-0.016755297694869244,-57510.346159735884,3374857.5655931258,14,False,
2026-02-11,3374857.5655931258,0.002502200771982252,8444.571205957263,0.0,0.0,0.0,0.002502200771982252,8444.571205957263,3383302.136799083,14,False,
2026-02-12,3383302.136799083,-0.004120833307359497,-13942.02413418222,0.0,0.0,0.0,-0.004120833307359497,-13942.02413418222,3369360.1126649007,14,False,
2026-02-13,3369360.1126649007,0.013589428359063257,45787.67786694497,0.0,0.0,0.0,0.013589428359063257,45787.67786694497,3415147.7905318458,14,False,
2026-02-17,3415147.7905318458,0.0033604018549504722,11476.26897023322,0.0,0.0,0.0,0.0033604018549504722,11476.26897023322,3426624.059502079,14,False,
2026-02-18,3426624.059502079,0.024388914582574063,83571.64149378939,0.0,0.0,0.0,0.024388914582574063,83571.64149378939,3510195.7009958685,14,False,
2026-02-19,3510195.7009958685,-0.010403514858373701,-36518.373131110005,0.38837837168352624,0.00038837837168352623,1363.2840906432893,-0.010791893230057227,-37881.657221753296,3472314.0437741154,14,True,2026-02-18
2026-02-20,3472314.0437741154,0.0033953736310724236,11789.80354303309,0.0,0.0,0.0,0.0033953736310724236,11789.80354303309,3484103.8473171485,14,False,
2026-02-23,3484103.8473171485,-0.0006409737874182122,-2233.219238773237,0.0,0.0,0.0,-0.0006409737874182122,-2233.219238773237,3481870.628078375,14,False,
2026-02-24,3481870.628078375,0.005342563358345825,18602.11443607209,0.0,0.0,0.0,0.005342563358345825,18602.11443607209,3500472.7425144473,14,False,
2026-02-25,3500472.7425144473,0.016592928731253814,58083.094742238805,0.0,0.0,0.0,0.016592928731253814,58083.094742238805,3558555.8372566863,14,False,
2026-02-26,3558555.8372566863,-0.015191499932698626,-54059.800762189254,0.0,0.0,0.0,-0.015191499932698626,-54059.800762189254,3504496.036494497,14,False,
2026-02-27,3504496.036494497,-0.008523415168498626,-29870.274675400513,0.0,0.0,0.0,-0.008523415168498626,-29870.274675400513,3474625.7618190967,14,False,
2026-03-02,3474625.7618190967,-0.010419576893347746,-36204.13030088107,0.0,0.0,0.0,-0.010419576893347746,-36204.13030088107,3438421.631518216,14,False,
2026-03-03,3438421.631518216,-0.04027158441415891,-138470.68698515583,0.0,0.0,0.0,-0.04027158441415891,-138470.68698515583,3299950.94453306,14,False,
2026-03-04,3299950.94453306,0.026401722803569967,87124.39010294074,0.0,0.0,0.0,0.026401722803569967,87124.39010294074,3387075.3346360005,14,False,
2026-03-05,3387075.3346360005,-0.026455226685244172,-89605.84577779466,0.6472189832111646,0.0006472189832111646,2192.179454142727,-0.027102445668455336,-91798.02523193738,3295277.309404063,14,True,2026-03-04
2026-03-06,3295277.309404063,-0.028003727717750303,-92280.0485270322,0.0,0.0,0.0,-0.028003727717750303,-92280.0485270322,3202997.260877031,14,False,
2026-03-09,3202997.260877031,0.028907174400749972,92589.60042529678,0.0,0.0,0.0,0.028907174400749972,92589.60042529678,3295586.861302328,14,False,
2026-03-10,3295586.861302328,0.006541779214134221,21559.001627641406,0.0,0.0,0.0,0.006541779214134221,21559.001627641406,3317145.862929969,14,False,
2026-03-11,3317145.862929969,0.005667426392301771,18799.68001068394,0.0,0.0,0.0,0.005667426392301771,18799.68001068394,3335945.542940653,14,False,
2026-03-12,3335945.542940653,-0.025462772446098524,-84942.42225247444,0.0,0.0,0.0,-0.025462772446098524,-84942.42225247444,3251003.1206881786,14,False,
2026-03-13,3251003.1206881786,0.0010817765155107834,3516.8588278127404,0.0,0.0,0.0,0.0010817765155107834,3516.8588278127404,3254519.979515991,14,False,
2026-03-16,3254519.979515991,0.017187408752832825,55936.765182202456,0.0,0.0,0.0,0.017187408752832825,55936.765182202456,3310456.744698194,14,False,
2026-03-17,3310456.744698194,0.018832326953904483,62343.60378291469,0.0,0.0,0.0,0.018832326953904483,62343.60378291469,3372800.3484811084,14,False,
2026-03-18,3372800.3484811084,-0.011132713824854312,-37548.42106800908,0.0,0.0,0.0,-0.011132713824854312,-37548.42106800908,3335251.9274130994,14,False,
2026-03-19,3335251.9274130994,-7.098106984926647e-05,-236.73975002460983,0.4721778300419566,0.0004721778300419566,1574.8320177291707,-0.0005431588998912231,-1811.5717677537807,3333440.3556453455,14,True,2026-03-18
2026-03-20,3333440.3556453455,-0.03250676213126344,-108359.35271971746,0.0,0.0,0.0,-0.03250676213126344,-108359.35271971746,3225081.002925628,14,False,
2026-03-23,3225081.002925628,0.012197946627969346,39339.36594456466,0.0,0.0,0.0,0.012197946627969346,39339.36594456466,3264420.3688701927,14,False,
2026-03-24,3264420.3688701927,0.017236420372647613,56266.92175088002,0.0,0.0,0.0,0.017236420372647613,56266.92175088002,3320687.2906210725,14,False,
2026-03-25,3320687.2906210725,0.005038759224674969,16732.143717877858,0.0,0.0,0.0,0.005038759224674969,16732.143717877858,3337419.4343389506,14,False,
2026-03-26,3337419.4343389506,-0.02586290129328208,-86315.3494045896,0.0,0.0,0.0,-0.02586290129328208,-86315.3494045896,3251104.084934361,14,False,
2026-03-27,3251104.084934361,-0.004484716096227893,-14580.278820217385,0.0,0.0,0.0,-0.004484716096227893,-14580.278820217385,3236523.806114143,14,False,
2026-03-30,3236523.806114143,-0.035723777339575526,-115620.85580385716,0.0,0.0,0.0,-0.035723777339575526,-115620.85580385716,3120902.950310286,14,False,
2026-03-31,3120902.950310286,0.027238510136068986,85008.74664571433,0.0,0.0,0.0,0.027238510136068986,85008.74664571433,3205911.6969560003,14,False,
2026-04-01,3205911.6969560003,0.009938977303678232,31863.483593642253,0.0,0.0,0.0,0.009938977303678232,31863.483593642253,3237775.1805496425,14,False,
2026-04-02,3237775.1805496425,-0.0010487849027816312,-3395.7297279615354,0.473255050601314,0.000473255050601314,1532.2934569066997,-0.0015220399533829453,-4928.023184868235,3232847.1573647745,14,True,2026-04-01
2026-04-06,3232847.1573647745,0.010889058068115375,35202.66042188675,0.0,0.0,0.0,0.010889058068115375,35202.66042188675,3268049.8177866614,14,False,
2026-04-07,3268049.8177866614,0.00667157269192046,21803.031920181125,0.0,0.0,0.0,0.00667157269192046,21803.031920181125,3289852.8497068426,14,False,
2026-04-08,3289852.8497068426,0.00912004872629098,30003.618291653638,0.0,0.0,0.0,0.00912004872629098,30003.618291653638,3319856.4679984963,14,False,
2026-04-09,3319856.4679984963,-0.003345426090506833,-11106.334444780032,0.0,0.0,0.0,-0.003345426090506833,-11106.334444780032,3308750.1335537164,14,False,
2026-04-10,3308750.1335537164,0.003586001481077083,11865.182879437622,0.0,0.0,0.0,0.003586001481077083,11865.182879437622,3320615.316433154,14,False,
2026-04-13,3320615.316433154,0.008050336324218777,26732.070100639048,0.0,0.0,0.0,0.008050336324218777,26732.070100639048,3347347.386533793,14,False,
2026-04-14,3347347.386533793,0.010652249369214113,35656.779086745104,0.0,0.0,0.0,0.010652249369214113,35656.779086745104,3383004.165620538,14,False,
2026-04-15,3383004.165620538,-0.002835077382181921,-9591.07859377801,0.0,0.0,0.0,-0.002835077382181921,-9591.07859377801,3373413.08702676,14,False,
2026-04-16,3373413.08702676,0.009720392952614778,32790.900797393384,0.0,0.0,0.0,0.009720392952614778,32790.900797393384,3406203.987824153,14,False,
2026-04-17,3406203.987824153,-0.017463846077640045,-59485.42215240472,0.452948901790142,0.000452948901790142,1542.8363555581525,-0.017916794979430186,-61028.25850796286,3345175.7293161904,14,True,2026-04-16
2026-04-20,3345175.7293161904,0.012676172120609477,42404.02331849736,0.0,0.0,0.0,0.012676172120609477,42404.02331849736,3387579.752634688,14,False,
2026-04-21,3387579.752634688,0.0038922473815234918,13185.298421894362,0.0,0.0,0.0,0.0038922473815234918,13185.298421894362,3400765.051056582,14,False,
2026-04-22,3400765.051056582,0.0126016436553415,42855.229328954294,0.0,0.0,0.0,0.0126016436553415,42855.229328954294,3443620.280385536,14,False,
2026-04-23,3443620.280385536,0.00621590562609164,21405.218674971726,0.0,0.0,0.0,0.00621590562609164,21405.218674971726,3465025.499060508,14,False,
2026-04-24,3465025.499060508,-0.004489476230162,-15556.14961493737,0.0,0.0,0.0,-0.004489476230162,-15556.14961493737,3449469.3494455703,14,False,
2026-04-27,3449469.3494455703,0.01664488925934006,57416.03532500932,0.0,0.0,0.0,0.01664488925934006,57416.03532500932,3506885.3847705796,14,False,
2026-04-28,3506885.3847705796,-0.016572861653947387,-58119.12631805287,0.0,0.0,0.0,-0.016572861653947387,-58119.12631805287,3448766.2584525268,14,False,
2026-04-29,3448766.2584525268,0.020993482626592553,72401.61453000172,0.0,0.0,0.0,0.020993482626592553,72401.61453000172,3521167.8729825285,14,False,
2026-04-30,3521167.8729825285,0.031297017683353114,110202.05318678907,0.0,0.0,0.0,0.031297017683353114,110202.05318678907,3631369.9261693177,14,False,
2026-05-01,3631369.9261693177,-0.014018477677946176,-50906.278250369636,0.5258174426813654,0.0005258174426813655,1909.4376480083695,-0.014544295120627541,-52815.715898378,3578554.21027094,14,True,2026-04-30
