date,label,confidence,entropy,risk_multiplier,transition_flag,dwell_days,prob_0,prob_1,prob_2,sleeve_trend,sleeve_statarb,sleeve_meanrev,sleeve_volatility,crisis_override
2020-01-02,crisis,0.9999999999989999,5.1211998730368925e-11,0.36,False,1,0.9999999999989999,0.0,0.0,0.0,0.0,0.0,0.0,False
2020-01-03,crisis,0.9999999871712159,2.2388097277203175e-07,0.36,False,2,0.9999999871712159,1.2827780562676346e-08,3.492538683874051e-15,0.0,0.0,0.0,0.0,False
2020-01-06,crisis,0.9999993795605877,8.636616835501412e-06,0.4,False,3,0.9999993795605877,6.204384044289232e-07,7.686392441857865e-15,0.0,0.0,0.0,0.0,False
2020-01-07,crisis,0.999999427487696,8.011359724010645e-06,0.4,False,4,0.999999427487696,5.725112964351428e-07,7.64397212534158e-15,0.0,0.0,0.0,0.0,False
2020-01-08,crisis,0.9999992289684635,1.0580373395735849e-05,0.4,False,5,0.9999992289684635,7.710305254056427e-07,1.1144975837110501e-14,0.0,0.0,0.0,0.0,False
2020-01-09,crisis,0.9999990350982783,1.3043728783507743e-05,0.4,False,6,0.9999990350982783,9.64900704092402e-07,1.754517470017786e-14,0.0,0.0,0.0,0.0,False
2020-01-10,crisis,0.999998421516677,2.0631053070396154e-05,0.4,False,7,0.999998421516677,1.578482291554225e-06,3.1410339464724464e-14,0.0,0.0,0.0,0.0,False
2020-01-13,crisis,0.9999977951662858,2.814686648941752e-05,0.4,False,8,0.9999977951662858,2.204832669031156e-06,4.500068680739182e-14,0.0,0.0,0.0,0.0,False
2020-01-14,crisis,0.9990665511253871,0.006777036208454547,0.4,False,9,0.9990665511253871,0.0009334488722711789,1.3416977838118565e-12,0.0,0.0,0.0,0.0,False
2020-01-15,crisis,0.8607547088502464,0.3673644514019026,0.4,False,10,0.13924529114817313,0.8607547088502464,5.804916259235065e-13,0.0,0.0,0.0,0.0,False
2020-01-16,crisis,0.999999717698076,4.132040020593647e-06,0.4,False,11,2.8230092389009615e-07,0.999999717698076,7.305263632084429e-17,0.0,0.0,0.0,0.0,False
2020-01-17,calm_bull,0.9999999967283932,6.116926256012936e-08,0.9,True,1,3.2706068340522617e-09,0.9999999967283932,2.5600025224288807e-17,0.0,0.0,0.0,0.0,False
2020-01-21,calm_bull,0.9999999984067554,3.0835957610570493e-08,0.9,False,2,1.5922447215172498e-09,0.9999999984067554,2.5625112823852515e-18,0.0,0.0,0.0,0.0,False
2020-01-22,calm_bull,0.9999999981479502,3.55900680533615e-08,0.9,False,3,1.8510496702560675e-09,0.9999999981479502,2.9687341017644567e-18,0.0,0.0,0.0,0.0,False
2020-01-23,calm_bull,0.9999999979264433,3.9632623186064323e-08,0.9,False,4,2.0725566867486757e-09,0.9999999979264433,3.252972164030311e-18,0.0,0.0,0.0,0.0,False
2020-01-24,calm_bull,0.999985018557995,0.00016512255400975598,1.0,False,5,1.498144100470403e-05,0.999985018557995,1.1681708146153527e-16,0.0,0.0,0.0,0.0,False
2020-01-27,calm_bull,0.710198482316114,0.547940229352429,1.0,False,6,0.710198482316114,0.2898015176662861,1.6599903872763827e-11,0.0,0.0,0.0,0.0,False
2020-01-28,calm_bull,0.9935826947151599,0.03531371850778045,1.0,False,7,0.006417305283835521,0.9935826947151599,4.45056087273791e-15,0.0,0.0,0.0,0.0,False
2020-01-29,calm_bull,0.9997492621822218,0.002120492758577422,1.0,False,8,0.00025073781677774224,0.9997492621822218,4.2469103626442685e-16,0.0,0.0,0.0,0.0,False
2020-01-30,calm_bull,0.998753990656141,0.008718549595977365,1.0,False,9,0.0012460093428585015,0.998753990656141,4.2078691232197726e-16,0.0,0.0,0.0,0.0,False
2020-01-31,calm_bull,0.9998891940341738,0.001019459430740456,1.0,False,10,0.9998891940341738,0.00011080596477334428,5.287759557888813e-14,0.0,0.0,0.0,0.0,False
2020-02-03,crisis,0.9915837801888057,0.044228514195031855,0.4,True,1,0.9915837801888057,0.00841621980897628,1.2180987506429085e-12,0.0,0.0,0.0,0.0,False
2020-02-04,crisis,0.9966688152699597,0.02032394085696869,0.4,False,2,0.003331184729038642,0.9966688152699597,1.6501043688407617e-15,0.0,0.0,0.0,0.0,False
2020-02-05,crisis,0.9999785269836029,0.000229635246900074,0.4,False,3,2.147301539690788e-05,0.9999785269836029,1.8841124413688703e-16,0.0,0.0,0.0,0.0,False
2020-02-06,calm_bull,0.9999999979697154,3.884466693576415e-08,0.9,True,1,2.029284571141455e-09,0.9999999979697154,4.0808926069311204e-20,0.0,0.0,0.0,0.0,False
2020-02-07,calm_bull,0.9999999959135015,7.557615396872682e-08,0.9,False,2,4.085498491434276e-09,0.9999999959135015,2.02099390242393e-19,0.0,0.0,0.0,0.0,False
2020-02-10,calm_bull,0.9999999970725801,5.503096524592432e-08,0.9,False,3,2.926419730060533e-09,0.9999999970725801,1.9047138534175724e-19,0.0,0.0,0.0,0.0,False
2020-02-11,calm_bull,0.9999999997420796,5.4240537158435015e-09,0.9,False,4,2.5692035047842326e-10,0.9999999997420796,7.476478185880626e-21,0.0,0.0,0.0,0.0,False
2020-02-12,calm_bull,0.9999999999426601,1.2875976471490367e-09,0.9,False,5,5.6339879686073485e-11,0.9999999999426601,3.242470255533265e-21,0.0,0.0,0.0,0.0,False
2020-02-13,calm_bull,0.9999999999521845,1.0822232787329803e-09,0.9,False,6,4.6815483377976384e-11,0.9999999999521845,1.966314659731977e-21,0.0,0.0,0.0,0.0,False
2020-02-14,calm_bull,0.9999999999416807,1.3086272919454678e-09,0.9,False,7,5.731920817155581e-11,0.9999999999416807,6.033982329722159e-21,0.0,0.0,0.0,0.0,False
2020-02-18,calm_bull,0.9999999999487954,1.1554871976155895e-09,0.9,False,8,5.0204556987255046e-11,0.9999999999487954,4.164145104965033e-21,0.0,0.0,0.0,0.0,False
2020-02-19,calm_bull,0.9999999999473221,1.1872669691803438e-09,0.9,False,9,5.1677676530345246e-11,0.9999999999473221,5.510048701487862e-21,0.0,0.0,0.0,0.0,False
2020-02-20,calm_bull,0.9999999997667663,4.9267333673372485e-09,0.9,False,10,2.3223373146511456e-10,0.9999999997667663,6.113058293264297e-21,0.0,0.0,0.0,0.0,False
2020-02-21,calm_bull,0.9997581806216363,0.0020530421892870766,1.0,False,11,0.00024181937736349266,0.9997581806216363,5.1740955726757865e-17,0.0,0.0,0.0,0.0,False
2020-02-24,calm_bull,0.9999999983621268,3.165833060835331e-08,0.9,False,12,0.9999999983621268,1.5123706606389468e-36,1.6368731788324175e-09,0.0,0.0,0.0,0.0,False
2020-02-25,calm_bull,0.999999996849717,5.900950332710677e-08,0.9,False,13,0.999999996849717,8.476997013402734e-76,3.1492830413694124e-09,0.0,0.0,0.0,0.0,False
2020-02-26,crisis,0.9999999805914006,3.3138955410511115e-07,0.36,True,1,0.9999999805914006,4.813526962174716e-72,1.940759923840122e-08,0.0,0.0,0.0,0.0,False
2020-02-27,crisis,0.9999999984850192,2.939101175106064e-08,0.36,False,2,1.5139808212210806e-09,6.225079051401523e-193,0.9999999984850192,0.0,0.0,0.0,0.0,False
2020-02-28,crisis,0.9999999996249986,7.756139941023991e-09,0.36,False,3,3.740013540683635e-10,3.1203111733124228e-195,0.9999999996249986,0.0,0.0,0.0,0.0,False
2020-03-02,stressed,0.9151082426426613,0.2644764819000845,0.65,True,1,0.08489175735633875,1.2650949083943027e-105,0.9151082426426613,0.0,0.0,0.0,0.0,False
2020-03-03,stressed,0.9447540979190979,0.19450076038403735,0.65,False,2,0.05524590207990187,1.1562111886533688e-141,0.9447540979190979,0.0,0.0,0.0,0.0,False
2020-03-04,stressed,0.9626058660751039,0.14524891604455795,0.65,False,3,0.03739413392389612,2.838161356767725e-94,0.9626058660751039,0.0,0.0,0.0,0.0,False
2020-03-05,stressed,0.9999999901806262,1.7375383483675933e-07,0.585,False,4,9.81837365722683e-09,8.447773041111724e-156,0.9999999901806262,0.0,0.0,0.0,0.0,False
2020-03-06,stressed,0.9999999999989999,5.1211998730368925e-11,0.585,False,5,3.4119769979871553e-17,3.1790013292401764e-202,0.9999999999989999,0.0,0.0,0.0,0.0,False
2020-03-09,crisis,0.9999999999989999,5.1211998730368925e-11,0.4,False,6,1.4522723192954346e-59,0.0,0.9999999999989999,0.0,0.0,0.0,0.0,True
2020-03-10,stressed,0.9999999999989999,5.1211998730368925e-11,0.585,False,7,7.835851337362101e-49,0.0,0.9999999999989999,0.0,0.0,0.0,0.0,False
2020-03-11,crisis,0.9999999999989999,5.1211998730368925e-11,0.4,False,8,8.279304061129716e-65,0.0,0.9999999999989999,0.0,0.0,0.0,0.0,True
2020-03-12,crisis,0.9999999999989999,5.1211998730368925e-11,0.4,False,9,1.733856369206692e-140,0.0,0.9999999999989999,0.0,0.0,0.0,0.0,True
2020-03-13,crisis,0.9999999999989999,5.1211998730368925e-11,0.4,False,10,5.381203916438834e-135,0.0,0.9999999999989999,0.0,0.0,0.0,0.0,True
2020-03-16,crisis,0.9999999999989999,5.1211998730368925e-11,0.4,False,11,1.209960528896205e-233,0.0,0.9999999999989999,0.0,0.0,0.0,0.0,True
2020-03-17,crisis,0.9999999999989999,5.1211998730368925e-11,0.4,False,12,5.252853353864777e-227,0.0,0.9999999999989999,0.0,0.0,0.0,0.0,True
2020-03-18,crisis,0.9999999999989999,5.1211998730368925e-11,0.4,False,13,1.852890577281485e-250,0.0,0.9999999999989999,0.0,0.0,0.0,0.0,True
2020-03-19,stressed,0.9999999999989999,5.1211998730368925e-11,0.585,False,14,7.372273731015752e-236,0.0,0.9999999999989999,0.0,0.0,0.0,0.0,False
2020-03-20,crisis,0.9999999999989999,5.1211998730368925e-11,0.4,False,15,1.7647477746558557e-207,0.0,0.9999999999989999,0.0,0.0,0.0,0.0,True
2020-03-23,crisis,0.9999999999989999,5.1211998730368925e-11,0.4,False,16,2.627376895862506e-180,0.0,0.9999999999989999,0.0,0.0,0.0,0.0,True
2020-03-24,stressed,0.9999999999989999,5.1211998730368925e-11,0.585,False,17,2.086640599259792e-168,0.0,0.9999999999989999,0.0,0.0,0.0,0.0,False
2020-03-25,stressed,0.9999999999989999,5.1211998730368925e-11,0.585,False,18,1.8669719749197594e-156,0.0,0.9999999999989999,0.0,0.0,0.0,0.0,False
2020-03-26,stressed,0.9999999999989999,5.1211998730368925e-11,0.585,False,19,1.0069191656712793e-147,0.0,0.9999999999989999,0.0,0.0,0.0,0.0,False
2020-03-27,stressed,0.9999999999989999,5.1211998730368925e-11,0.585,False,20,2.8590997925868286e-144,0.0,0.9999999999989999,0.0,0.0,0.0,0.0,False
2020-03-30,stressed,0.9999999999989999,5.1211998730368925e-11,0.585,False,21,1.511675589834519e-133,0.0,0.9999999999989999,0.0,0.0,0.0,0.0,False
2020-03-31,stressed,0.9999999999989999,5.1211998730368925e-11,0.585,False,22,5.437949706591849e-119,0.0,0.9999999999989999,0.0,0.0,0.0,0.0,False
2020-04-01,stressed,0.9999999999989999,5.1211998730368925e-11,0.585,False,23,0.0,0.0,0.9999999999989999,0.0,0.0,0.0,0.0,False
2020-04-02,stressed,0.9999999999989999,5.1211998730368925e-11,0.585,False,24,3.093825905664175e-127,0.0,0.9999999999989999,0.0,0.0,0.0,0.0,False
2020-04-03,stressed,0.9999999999989999,5.1211998730368925e-11,0.585,False,25,2.4786340499841865e-124,0.0,0.9999999999989999,0.0,0.0,0.0,0.0,False
2020-04-06,stressed,0.9999999999989999,5.1211998730368925e-11,0.585,False,26,2.689165005761483e-125,0.0,0.9999999999989999,0.0,0.0,0.0,0.0,False
2020-04-07,stressed,0.9999999999989999,5.1211998730368925e-11,0.585,False,27,1.2414680343276376e-112,0.0,0.9999999999989999,0.0,0.0,0.0,0.0,False
2020-04-08,stressed,0.9999999999989999,5.1211998730368925e-11,0.585,False,28,6.390346033386809e-107,0.0,0.9999999999989999,0.0,0.0,0.0,0.0,False
2020-04-09,stressed,0.9999999999989999,5.1211998730368925e-11,0.585,False,29,9.182165069812772e-104,0.0,0.9999999999989999,0.0,0.0,0.0,0.0,False
2020-04-13,stressed,0.9999999999989999,5.1211998730368925e-11,0.585,False,30,1.6536475295802425e-90,0.0,0.9999999999989999,0.0,0.0,0.0,0.0,False
2020-04-14,stressed,0.9999999999989999,5.1211998730368925e-11,0.585,False,31,1.3388979101069801e-74,0.0,0.9999999999989999,0.0,0.0,0.0,0.0,False
2020-04-15,stressed,0.9999999999989999,5.1211998730368925e-11,0.585,False,32,9.660906330166838e-58,0.0,0.9999999999989999,0.0,0.0,0.0,0.0,False
2020-04-16,stressed,0.9999999999989999,5.1211998730368925e-11,0.585,False,33,2.492623890585814e-52,0.0,0.9999999999989999,0.0,0.0,0.0,0.0,False
2020-04-17,stressed,0.9999999999989999,5.1211998730368925e-11,0.585,False,34,3.0261873769706686e-53,2.5e-323,0.9999999999989999,0.0,0.0,0.0,0.0,False
2020-04-20,stressed,0.9999999999989999,5.1211998730368925e-11,0.585,False,35,1.1989850529094928e-52,0.0,0.9999999999989999,0.0,0.0,0.0,0.0,False
2020-04-21,stressed,0.9999999999989999,5.1211998730368925e-11,0.585,False,36,6.7067196609995585e-49,0.0,0.9999999999989999,0.0,0.0,0.0,0.0,False
2020-04-22,stressed,0.9999999999989999,5.1211998730368925e-11,0.585,False,37,3.642366399221197e-43,0.0,0.9999999999989999,0.0,0.0,0.0,0.0,False
2020-04-23,stressed,0.9999999999989999,5.1211998730368925e-11,0.585,False,38,5.4548029435731095e-40,0.0,0.9999999999989999,0.0,0.0,0.0,0.0,False
2020-04-24,stressed,0.9999999999989999,5.1211998730368925e-11,0.585,False,39,1.6778104661995062e-35,3.9032122900233e-294,0.9999999999989999,0.0,0.0,0.0,0.0,False
2020-04-27,stressed,0.9999999999989999,5.1211998730368925e-11,0.585,False,40,8.452831953571045e-32,1.3381099380235403e-254,0.9999999999989999,0.0,0.0,0.0,0.0,False
2020-04-28,stressed,0.9999999999989999,5.1211998730368925e-11,0.585,False,41,1.9567249524177892e-33,1.235225325557814e-257,0.9999999999989999,0.0,0.0,0.0,0.0,False
2020-04-29,stressed,0.9999999999989999,5.1211998730368925e-11,0.585,False,42,4.394999839896561e-34,3.5257753924468245e-218,0.9999999999989999,0.0,0.0,0.0,0.0,False
2020-04-30,stressed,0.9999999999989999,5.1211998730368925e-11,0.585,False,43,3.658819823812957e-30,7.67495589753618e-226,0.9999999999989999,0.0,0.0,0.0,0.0,False
2020-05-01,stressed,0.9999999999989999,5.1211998730368925e-11,0.585,False,44,0.0,0.0,0.9999999999989999,0.0,0.0,0.0,0.0,False
2020-05-04,stressed,0.9999999999989999,5.1211998730368925e-11,0.585,False,45,2.145325650638929e-29,1.3741784790913375e-256,0.9999999999989999,0.0,0.0,0.0,0.0,False
2020-05-05,stressed,0.9999999999989999,5.1211998730368925e-11,0.585,False,46,1.426450439397979e-27,8.560695413545909e-239,0.9999999999989999,0.0,0.0,0.0,0.0,False
2020-05-06,stressed,0.9999999999989999,5.1211998730368925e-11,0.585,False,47,5.675537989260682e-22,2.831044469906865e-232,0.9999999999989999,0.0,0.0,0.0,0.0,False
2020-05-07,stressed,0.9999999999989999,5.1211998730368925e-11,0.585,False,48,8.336727163179096e-22,5.9958591542920594e-211,0.9999999999989999,0.0,0.0,0.0,0.0,False
2020-05-08,stressed,0.9999999999989999,5.1211998730368925e-11,0.585,False,49,6.40755398020486e-21,3.56257817896301e-182,0.9999999999989999,0.0,0.0,0.0,0.0,False
2020-05-11,stressed,0.9999999999989999,5.1211998730368925e-11,0.585,False,50,4.7390842105696776e-20,6.38849908187055e-178,0.9999999999989999,0.0,0.0,0.0,0.0,False
2020-05-12,stressed,0.9999999999989999,5.1211998730368925e-11,0.585,False,51,8.864687121841292e-22,5.332096883206779e-215,0.9999999999989999,0.0,0.0,0.0,0.0,False
2020-05-13,stressed,0.9999999999989999,5.1211998730368925e-11,0.585,False,52,4.719973286716361e-23,6.822598928953422e-250,0.9999999999989999,0.0,0.0,0.0,0.0,False
2020-05-14,stressed,0.9999999999989999,5.1211998730368925e-11,0.585,False,53,9.328485638555672e-23,9.481631659832744e-225,0.9999999999989999,0.0,0.0,0.0,0.0,False
2020-05-15,stressed,0.9999999999989999,5.1211998730368925e-11,0.585,False,54,2.519614981000132e-22,4.103291824600259e-217,0.9999999999989999,0.0,0.0,0.0,0.0,False
2020-05-18,stressed,0.9999999999989999,5.1211998730368925e-11,0.585,False,55,9.302343333960093e-24,8.789401125217816e-177,0.9999999999989999,0.0,0.0,0.0,0.0,False
2020-05-19,stressed,0.9999999999989999,5.1211998730368925e-11,0.585,False,56,7.287759764923309e-23,1.1038000838625573e-183,0.9999999999989999,0.0,0.0,0.0,0.0,False
2020-05-20,stressed,0.9999999999989999,5.1211998730368925e-11,0.585,False,57,2.940453942206162e-23,3.538573233750016e-154,0.9999999999989999,0.0,0.0,0.0,0.0,False
2020-05-21,stressed,0.9999999999989999,5.1211998730368925e-11,0.585,False,58,1.1442986529348803e-21,8.06910421398289e-138,0.9999999999989999,0.0,0.0,0.0,0.0,False
2020-05-22,stressed,0.9999999999989999,5.1211998730368925e-11,0.585,False,59,5.41878542275698e-19,1.5664984096489018e-118,0.9999999999989999,0.0,0.0,0.0,0.0,False
2020-05-26,stressed,0.9999999999989999,5.1211998730368925e-11,0.585,False,60,6.041066907409107e-18,2.0248824955561633e-105,0.9999999999989999,0.0,0.0,0.0,0.0,False
2020-05-27,stressed,0.9999999999989999,5.1211998730368925e-11,0.585,False,61,5.118728711076944e-18,2.259113152454347e-94,0.9999999999989999,0.0,0.0,0.0,0.0,False
2020-05-28,stressed,0.9999999999989997,5.121220084407839e-11,0.585,False,62,1.429828116495608e-16,1.1251966453734905e-91,0.9999999999989997,0.0,0.0,0.0,0.0,False
2020-05-29,stressed,0.999999999998999,5.1212807185206775e-11,0.585,False,63,9.337341249525361e-16,2.450734532319678e-84,0.999999999998999,0.0,0.0,0.0,0.0,False
2020-06-01,stressed,0.9999999999989999,5.1211998730368925e-11,0.585,False,64,0.0,0.0,0.9999999999989999,0.0,0.0,0.0,0.0,False
2020-06-02,stressed,0.9999999999989999,5.1211998730368925e-11,0.585,False,65,3.143069797240129e-17,1.0206660650292795e-75,0.9999999999989999,0.0,0.0,0.0,0.0,False
2020-06-03,stressed,0.9999999999989999,5.1211998730368925e-11,0.585,False,66,2.9554803798604363e-19,1.4321580524178133e-72,0.9999999999989999,0.0,0.0,0.0,0.0,False
2020-06-04,stressed,0.9999999999989999,5.1211998730368925e-11,0.585,False,67,3.48261748999813e-19,2.1637417701826874e-70,0.9999999999989999,0.0,0.0,0.0,0.0,False
2020-06-05,stressed,0.9999999999989999,5.1211998730368925e-11,0.585,False,68,1.8094897919474044e-26,4.455436449469685e-75,0.9999999999989999,0.0,0.0,0.0,0.0,False
2020-06-08,stressed,0.9999999999989999,5.1211998730368925e-11,0.585,False,69,4.515040948166597e-29,3.1668172602341596e-74,0.9999999999989999,0.0,0.0,0.0,0.0,False
2020-06-09,stressed,0.9999999999989999,5.1211998730368925e-11,0.585,False,70,5.053520737509253e-25,1.6843362029899186e-66,0.9999999999989999,0.0,0.0,0.0,0.0,False
2020-06-10,stressed,0.9999999999989999,5.1211998730368925e-11,0.585,False,71,1.315859307166254e-24,2.089671638589747e-65,0.9999999999989999,0.0,0.0,0.0,0.0,False
2020-06-11,stressed,0.9999999999989999,5.1211998730368925e-11,0.585,False,72,8.259602795613217e-30,3.0425273422152305e-145,0.9999999999989999,0.0,0.0,0.0,0.0,False
2020-06-12,stressed,0.9999999999989999,5.1211998730368925e-11,0.585,False,73,5.7953809650563394e-24,6.221590560748588e-115,0.9999999999989999,0.0,0.0,0.0,0.0,False
2020-06-15,stressed,0.9999999999989999,5.1211998730368925e-11,0.585,False,74,2.0510881264381933e-19,7.843933023975739e-96,0.9999999999989999,0.0,0.0,0.0,0.0,False
2020-06-16,stressed,0.9999999999989999,5.1211998730368925e-11,0.585,False,75,1.433674082175213e-19,6.183957310599978e-83,0.9999999999989999,0.0,0.0,0.0,0.0,False
2020-06-17,stressed,0.9999999999989637,5.124494326501146e-11,0.585,False,76,3.619630282725762e-14,1.022113150849055e-76,0.9999999999989637,0.0,0.0,0.0,0.0,False
2020-06-18,stressed,0.9999999999677245,7.431238558079174e-10,0.585,False,77,3.1275536646845755e-11,1.6619816030963516e-59,0.9999999999677245,0.0,0.0,0.0,0.0,False
2020-06-19,stressed,0.9999999725329566,4.602962809087093e-07,0.585,False,78,2.7466043321941612e-08,1.4070386709108672e-63,0.9999999725329566,0.0,0.0,0.0,0.0,False
2020-06-22,stressed,0.9997436521743077,0.00216277285459398,0.65,False,79,0.00025634782469218285,9.884646647362257e-56,0.9997436521743077,0.0,0.0,0.0,0.0,False
2020-06-23,stressed,0.6950530403943609,0.5597950888696329,0.65,False,80,0.6950530403943609,3.5091380030872645e-41,0.304946959604639,0.0,0.0,0.0,0.0,False
2020-06-24,stressed,0.999566444490497,0.0034504389176255013,0.65,False,81,0.999566444490497,3.765546933249699e-68,0.0004335555085028643,0.0,0.0,0.0,0.0,False
2020-06-25,crisis,0.9999987341003466,1.679981776128563e-05,0.4,True,1,0.9999987341003466,7.768431053276125e-56,1.2658986534645179e-06,0.0,0.0,0.0,0.0,False
2020-06-26,crisis,0.9999718527137217,0.00029407631346898985,0.4,False,2,0.9999718527137217,7.186030726031171e-86,2.8147285278370778e-05,0.0,0.0,0.0,0.0,False
2020-06-29,crisis,0.9999664923889253,0.00034476285739908676,0.4,False,3,0.9999664923889253,3.0335477190495914e-69,3.350761007462717e-05,0.0,0.0,0.0,0.0,False
2020-06-30,crisis,0.9974524581173684,0.016165675667761368,0.4,False,4,0.9974524581173684,1.9669379955250394e-56,0.0025475418816315156,0.0,0.0,0.0,0.0,False
2020-07-01,crisis,0.9999999999989999,5.1211998730368925e-11,0.36,False,5,0.0,0.0,0.9999999999989999,0.0,0.0,0.0,0.0,False
2020-07-02,crisis,0.9996616327289494,0.002769249039632334,0.4,False,6,0.9996616327289494,2.3985915219279253e-44,0.0003383672700505706,0.0,0.0,0.0,0.0,False
2020-07-06,crisis,0.9998154756202371,0.0016120318303066053,0.4,False,7,0.9998154756202371,1.5892714743394996e-39,0.00018452437876287614,0.0,0.0,0.0,0.0,False
2020-07-07,crisis,0.9999991770813539,1.124360199084461e-05,0.4,False,8,0.9999991770813539,2.580516810507272e-41,8.229176461542796e-07,0.0,0.0,0.0,0.0,False
2020-07-08,crisis,0.9999991243043289,1.1915149511857993e-05,0.4,False,9,0.9999991243043289,6.460558387219037e-36,8.756946711044091e-07,0.0,0.0,0.0,0.0,False
2020-07-09,crisis,0.9999999222425513,1.229399681921552e-06,0.4,False,10,0.9999999222425513,8.579176987924338e-39,7.775644872049481e-08,0.0,0.0,0.0,0.0,False
2020-07-10,crisis,0.9999999966878912,6.188934138413484e-08,0.36,False,11,0.9999999966878912,3.2812223026440927e-31,3.3111086892576206e-09,0.0,0.0,0.0,0.0,False
2020-07-13,crisis,0.9999999999773392,5.299236222916556e-10,0.36,False,12,0.9999999999773392,4.690611880442682e-22,2.1660659009140612e-11,0.0,0.0,0.0,0.0,False
2020-07-14,crisis,0.9999999999143594,1.885993473381118e-09,0.36,False,13,0.9999999999143594,1.9519976771547181e-13,8.444540110361411e-11,0.0,0.0,0.0,0.0,False
2020-07-15,crisis,0.9999999992022832,1.6188257037822137e-08,0.36,False,14,0.9999999992022832,6.996312087507663e-10,9.708551493880774e-11,0.0,0.0,0.0,0.0,False
2020-07-16,crisis,0.9999999996074853,8.255263980107549e-09,0.36,False,15,0.9999999996074853,3.129908566623357e-10,7.85238370641307e-11,0.0,0.0,0.0,0.0,False
2020-07-17,crisis,0.999999868907029,2.0105347599978777e-06,0.4,False,16,0.999999868907029,1.310665524134943e-07,2.5418515458498734e-11,0.0,0.0,0.0,0.0,False
2020-07-20,crisis,0.9999938134559505,7.316866657552629e-05,0.4,False,17,0.9999938134559505,6.186422231371657e-06,1.2081811321960874e-10,0.0,0.0,0.0,0.0,False
2020-07-21,crisis,0.9998190728591659,0.0015838515124787652,0.4,False,18,0.9998190728591659,0.0001809268985188504,2.413152074624351e-10,0.0,0.0,0.0,0.0,False
2020-07-22,crisis,0.9949487654832648,0.028900099700027146,0.4,False,19,0.9949487654832648,0.005051234423185989,9.254903808587999e-11,0.0,0.0,0.0,0.0,False
2020-07-23,crisis,0.9999922291738745,9.029178020249013e-05,0.4,False,20,0.9999922291738745,7.770821059093925e-06,4.066231661386003e-12,0.0,0.0,0.0,0.0,False
2020-07-24,crisis,0.9997550375763028,0.0020768468154679595,0.4,False,21,0.9997550375763028,0.0002449624205035713,2.1935225726350745e-12,0.0,0.0,0.0,0.0,False
2020-07-27,crisis,0.8842674734688107,0.3261707747928643,0.4,False,22,0.8842674734688107,0.11573252652947066,7.186389392004579e-13,0.0,0.0,0.0,0.0,False
2020-07-28,crisis,0.8417952227911774,0.3974841436496139,0.4,False,23,0.8417952227911774,0.15820477719155138,1.6271139945524755e-11,0.0,0.0,0.0,0.0,False
2020-07-29,crisis,0.9979991207096331,0.013137189091824266,0.4,False,24,0.002000879289212598,0.9979991207096331,1.5426361161944115e-13,0.0,0.0,0.0,0.0,False
2020-07-30,crisis,0.999989765011496,0.00011635759605655898,0.4,False,25,1.0234987500791065e-05,0.999989765011496,3.1039115463910727e-15,0.0,0.0,0.0,0.0,False
2020-07-31,calm_bull,0.9999998670122705,2.0376582833071155e-06,1.0,True,1,1.3298672930427898e-07,0.9999998670122705,2.139076065700013e-16,0.0,0.0,0.0,0.0,False
2020-08-03,calm_bull,0.99999999016698,1.739828615841512e-07,0.9,False,2,9.832019780370244e-09,0.99999999016698,2.023112068243378e-17,0.0,0.0,0.0,0.0,False
2020-08-04,calm_bull,0.9999999990693408,1.8470276454590276e-08,0.9,False,3,9.296592485907709e-10,0.9999999990693408,1.3251686555233002e-17,0.0,0.0,0.0,0.0,False
2020-08-05,calm_bull,0.9999999997223428,5.820094977749342e-09,0.9,False,4,2.7665724880440525e-10,0.9999999997223428,5.246937135293457e-17,0.0,0.0,0.0,0.0,False
2020-08-06,calm_bull,0.9999999998249547,3.744505020697303e-09,0.9,False,5,1.7404474912505208e-10,0.9999999998249547,3.9182973175402635e-16,0.0,0.0,0.0,0.0,False
2020-08-07,calm_bull,0.999999999874694,2.7198851194542113e-09,0.9,False,6,1.2430401881666524e-10,0.999999999874694,1.6666493514525729e-15,0.0,0.0,0.0,0.0,False
2020-08-10,calm_bull,0.9999999999497678,1.1344718174712664e-09,0.9,False,7,4.923137190710646e-11,0.9999999999497678,7.344810075841744e-16,0.0,0.0,0.0,0.0,False
2020-08-11,calm_bull,0.9999999995950813,8.34617787325175e-09,0.9,False,8,4.039177390021072e-10,0.9999999995950813,8.754437218203062e-16,0.0,0.0,0.0,0.0,False
2020-08-12,calm_bull,0.9999999994231252,1.1702297828567268e-08,0.9,False,9,5.758733544632715e-10,0.9999999994231252,1.3754837356143528e-15,0.0,0.0,0.0,0.0,False
2020-08-13,calm_bull,0.9999999998621708,2.979363708178735e-09,0.9,False,10,1.3682925594718606e-10,0.9999999998621708,7.940083063128507e-18,0.0,0.0,0.0,0.0,False
2020-08-14,calm_bull,0.9999999997765401,4.729191124045648e-09,0.9,False,11,2.2245998469719672e-10,0.9999999997765401,7.086571594461542e-18,0.0,0.0,0.0,0.0,False
2020-08-17,calm_bull,0.9999999998951159,2.2943255078661593e-09,0.9,False,12,1.0388400208787759e-10,0.9999999998951159,4.1761401999379545e-18,0.0,0.0,0.0,0.0,False
2020-08-18,calm_bull,0.9999999999099918,1.9820398902181205e-09,0.9,False,13,8.900821473318387e-11,0.9999999999099918,1.0548571132338868e-17,0.0,0.0,0.0,0.0,False
2020-08-19,calm_bull,0.9999999999349186,1.453432644841419e-09,0.9,False,14,6.408142421614003e-11,0.9999999999349186,1.429472177707978e-18,0.0,0.0,0.0,0.0,False
2020-08-20,calm_bull,0.9999999997900137,4.456221418801632e-09,0.9,False,15,2.0898622676453492e-10,0.9999999997900137,8.332086829164983e-18,0.0,0.0,0.0,0.0,False
2020-08-21,calm_bull,0.9999999998336834,3.5657711935694683e-09,0.9,False,16,1.6531661799281268e-10,0.9999999998336834,3.42293282642081e-17,0.0,0.0,0.0,0.0,False
2020-08-24,calm_bull,0.9999999998666156,2.887403320522641e-09,0.9,False,17,1.3238425949724662e-10,0.9999999998666156,8.617852099299012e-17,0.0,0.0,0.0,0.0,False
2020-08-25,calm_bull,0.99999999994117,1.3195897126205842e-09,0.9,False,18,5.783000526179383e-11,0.99999999994117,2.643807288409889e-17,0.0,0.0,0.0,0.0,False
2020-08-26,calm_bull,0.999999996876832,5.852588836755843e-08,0.9,False,19,3.1221474612254833e-09,0.999999996876832,2.039277581093589e-14,0.0,0.0,0.0,0.0,False
2020-08-27,calm_bull,0.9999999789944083,3.5714189413103205e-07,0.9,False,20,2.1004415216317544e-08,0.9999999789944083,1.7649235040354904e-13,0.0,0.0,0.0,0.0,False
2020-08-28,calm_bull,0.9999999853560962,2.537881543200565e-07,0.9,False,21,1.4642632041488356e-08,0.9999999853560962,2.718153955855475e-13,0.0,0.0,0.0,0.0,False
2020-08-31,calm_bull,0.9999978037869175,2.804474225813231e-05,1.0,False,22,2.196202202251953e-06,0.9999978037869175,9.880122984526474e-12,0.0,0.0,0.0,0.0,False
2020-09-01,calm_bull,0.9999999999989999,5.1211998730368925e-11,0.9,False,23,0.0,0.0,0.9999999999989999,0.0,0.0,0.0,0.0,False
2020-09-02,calm_bull,0.9476779486281511,0.18687372351754378,1.0,False,24,0.052321632818384194,0.9476779486281511,4.1855246458376917e-07,0.0,0.0,0.0,0.0,False
2020-09-03,calm_bull,0.9999999986397097,2.652399203717609e-08,0.9,False,25,0.9999999986397097,1.103993990811464e-15,1.359289242643751e-09,0.0,0.0,0.0,0.0,False
2020-09-04,calm_bull,0.9999999999977649,5.801183301364781e-11,0.9,False,26,0.9999999999977649,1.61897235952784e-20,1.2351041675744706e-12,0.0,0.0,0.0,0.0,False
2020-09-08,crisis,0.9999999999987232,5.1463832412360306e-11,0.36,True,1,0.9999999999987232,2.4977360488448552e-45,2.767283044607406e-13,0.0,0.0,0.0,0.0,False
2020-09-09,crisis,0.9999999999987192,5.146747045913065e-11,0.36,False,2,0.9999999999987192,1.4388902308034295e-29,2.8056192758788753e-13,0.0,0.0,0.0,0.0,False
2020-09-10,crisis,0.9999999999989897,5.122129596100424e-11,0.36,False,3,0.9999999999989897,3.874911382241445e-43,1.0200909390662557e-14,0.0,0.0,0.0,0.0,False
2020-09-11,crisis,0.9999999999989995,5.121240295778785e-11,0.36,False,4,0.9999999999989995,3.435533674689841e-35,4.0379595357005887e-16,0.0,0.0,0.0,0.0,False
2020-09-14,crisis,0.999999999998999,5.1212807185206775e-11,0.36,False,5,0.999999999998999,6.193083674464775e-24,8.799586719457338e-16,0.0,0.0,0.0,0.0,False
2020-09-15,crisis,0.999999999998999,5.1212807185206775e-11,0.36,False,6,0.999999999998999,1.4150543340749538e-17,9.92603721593517e-16,0.0,0.0,0.0,0.0,False
2020-09-16,crisis,0.9999999999989997,5.121220084407839e-11,0.36,False,7,0.9999999999989997,4.75691311797309e-19,2.5428935509260626e-16,0.0,0.0,0.0,0.0,False
2020-09-17,crisis,0.9999999999989997,5.121220084407839e-11,0.36,False,8,0.9999999999989997,6.144923844254573e-25,1.2002192118518788e-16,0.0,0.0,0.0,0.0,False
2020-09-18,crisis,0.9999999999989999,5.1211998730368925e-11,0.36,False,9,0.9999999999989999,1.0942578130574906e-39,4.558801505970422e-17,0.0,0.0,0.0,0.0,False
2020-09-21,crisis,0.9999999999989997,5.121220084407839e-11,0.36,False,10,0.9999999999989997,1.1338517089854038e-56,1.9360636813458448e-16,0.0,0.0,0.0,0.0,False
2020-09-22,crisis,0.9999999999989999,5.1211998730368925e-11,0.36,False,11,0.9999999999989999,2.575968881448417e-45,8.77297120926878e-17,0.0,0.0,0.0,0.0,False
2020-09-23,crisis,0.9999999999989992,5.121260507149731e-11,0.36,False,12,0.9999999999989992,7.667242495158962e-79,5.778663617602319e-16,0.0,0.0,0.0,0.0,False
2020-09-24,crisis,0.9999999999989995,5.121240295778785e-11,0.36,False,13,0.9999999999989995,6.908869290414536e-75,5.028499929419747e-16,0.0,0.0,0.0,0.0,False
2020-09-25,crisis,0.9999999999989995,5.121240295778785e-11,0.36,False,14,0.9999999999989995,1.0180840362905426e-54,3.459404331282614e-16,0.0,0.0,0.0,0.0,False
2020-09-28,crisis,0.9999999999989986,5.1213211412625706e-11,0.36,False,15,0.9999999999989986,6.755374490485727e-40,1.3901140640201733e-15,0.0,0.0,0.0,0.0,False
2020-09-29,crisis,0.9999999999989995,5.121240295778785e-11,0.36,False,16,0.9999999999989995,7.617900264156764e-45,5.470623456823508e-16,0.0,0.0,0.0,0.0,False
2020-09-30,crisis,0.9999999999988887,5.131325769881009e-11,0.36,False,17,0.9999999999988887,3.8401098987845845e-35,1.1116901240218143e-13,0.0,0.0,0.0,0.0,False
2020-10-01,crisis,0.9999999999989999,5.1211998730368925e-11,0.36,False,18,0.0,0.0,0.9999999999989999,0.0,0.0,0.0,0.0,False
2020-10-02,crisis,0.999999999998763,5.142765405836636e-11,0.36,False,19,0.999999999998763,5.182687984738996e-39,2.3681712506051464e-13,0.0,0.0,0.0,0.0,False
2020-10-05,crisis,0.999999999998997,5.121462620859194e-11,0.36,False,20,0.999999999998997,2.451517687898912e-22,2.7944447491373633e-15,0.0,0.0,0.0,0.0,False
2020-10-06,crisis,0.999999999998999,5.1212807185206775e-11,0.36,False,21,0.999999999998999,3.0614970703586196e-33,8.764143157050609e-16,0.0,0.0,0.0,0.0,False
2020-10-07,crisis,0.9999999999989977,5.121401986746356e-11,0.36,False,22,0.9999999999989977,1.4678704770720427e-19,2.2574389841870643e-15,0.0,0.0,0.0,0.0,False
2020-10-08,crisis,0.999999999998703,5.1482224759921475e-11,0.36,False,23,0.999999999998703,2.857016810677583e-13,1.1002483821885415e-14,0.0,0.0,0.0,0.0,False
2020-10-09,crisis,0.999999910246119,1.4073479889211495e-06,0.4,False,24,0.999999910246119,8.975285321364845e-08,2.775163381080588e-14,0.0,0.0,0.0,0.0,False
2020-10-12,crisis,0.9999942516665967,6.836913664478947e-05,0.4,False,25,0.9999942516665967,5.748332133380095e-06,2.6984518524353394e-13,0.0,0.0,0.0,0.0,False
2020-10-13,crisis,0.9999982319220357,2.292653574613126e-05,0.4,False,26,0.9999982319220357,1.768076776495151e-06,1.8779145620862401e-13,0.0,0.0,0.0,0.0,False
2020-10-14,crisis,0.9999989840939278,1.368558272336181e-05,0.4,False,27,0.9999989840939278,1.0159050575132055e-06,1.456983556317142e-14,0.0,0.0,0.0,0.0,False
2020-10-15,crisis,0.9999994427932201,7.810928492732101e-06,0.4,False,28,0.9999994427932201,5.572057786270618e-07,1.3798628954033012e-15,0.0,0.0,0.0,0.0,False
2020-10-16,crisis,0.9999996855475212,4.571753619910536e-06,0.4,False,29,0.9999996855475212,3.1445147801486154e-07,8.990400837931143e-16,0.0,0.0,0.0,0.0,False
2020-10-19,crisis,0.999999999998999,5.1212807185206775e-11,0.36,False,30,0.999999999998999,3.8250575056951646e-16,5.291852755115915e-16,0.0,0.0,0.0,0.0,False
2020-10-20,crisis,0.9999999999987823,5.141007016564305e-11,0.36,False,31,0.9999999999987823,2.1653265441643687e-13,1.0156640378168613e-15,0.0,0.0,0.0,0.0,False
2020-10-21,crisis,0.9999999999987041,5.1481214191374157e-11,0.36,False,32,0.9999999999987041,2.9521495768160533e-13,3.639867853433138e-16,0.0,0.0,0.0,0.0,False
2020-10-22,crisis,0.999999976262178,4.009555700974275e-07,0.36,False,33,0.999999976262178,2.3736819563514226e-08,2.4645363914238883e-15,0.0,0.0,0.0,0.0,False
2020-10-23,crisis,0.9999980319278752,2.5327875149902155e-05,0.4,False,34,0.9999980319278752,1.9680711222781782e-06,2.5889976755840092e-15,0.0,0.0,0.0,0.0,False
2020-10-26,crisis,0.9999999999989995,5.121240295778785e-11,0.36,False,35,0.9999999999989995,4.279559717826954e-20,3.5416140211823886e-16,0.0,0.0,0.0,0.0,False
2020-10-27,crisis,0.9999999999989997,5.121220084407839e-11,0.36,False,36,0.9999999999989997,1.1727763024868157e-23,1.8807909355278503e-16,0.0,0.0,0.0,0.0,False
2020-10-28,crisis,0.9999999999987308,5.145696054623855e-11,0.36,False,37,0.9999999999987308,5.310497725094924e-75,2.6912698595462347e-13,0.0,0.0,0.0,0.0,False
2020-10-29,crisis,0.9999999999989824,5.122796571341653e-11,0.36,False,38,0.9999999999989824,1.0645888381441867e-60,1.746119949793818e-14,0.0,0.0,0.0,0.0,False
2020-10-30,crisis,0.9999999999989486,5.125868699725497e-11,0.36,False,39,0.9999999999989486,1.0074263008886741e-74,5.131713076569849e-14,0.0,0.0,0.0,0.0,False
2020-11-02,crisis,0.9999999999989937,5.121765791423389e-11,0.36,False,40,0.9999999999989937,5.361966882993065e-55,6.279796977740922e-15,0.0,0.0,0.0,0.0,False
2020-11-03,crisis,0.999999999998991,5.1220083278747454e-11,0.36,False,41,0.999999999998991,4.819615754633827e-38,8.86110453108682e-15,0.0,0.0,0.0,0.0,False
2020-11-04,crisis,0.9999999999989837,5.122675303115975e-11,0.36,False,42,0.9999999999989837,2.807428534075959e-19,1.6268284799388537e-14,0.0,0.0,0.0,0.0,False
2020-11-05,crisis,0.9999999999979421,5.217486844225215e-11,0.36,False,43,0.9999999999979421,5.537885016579099e-13,5.040058912365225e-13,0.0,0.0,0.0,0.0,False
2020-11-06,crisis,0.9999999999958915,9.901575472199744e-11,0.36,False,44,0.9999999999958915,2.8999261673092034e-12,2.0846274072533144e-13,0.0,0.0,0.0,0.0,False
2020-11-09,crisis,0.9999999948011309,9.503923878172624e-08,0.36,False,45,0.9999999948011309,8.490455878255998e-12,5.189378497856528e-09,0.0,0.0,0.0,0.0,False
2020-11-10,crisis,0.9999999690459083,5.311593110034132e-07,0.36,False,46,0.9999999690459083,7.715145267053067e-09,2.3237946340550637e-08,0.0,0.0,0.0,0.0,False
2020-11-11,crisis,0.9999970310304455,3.895316702601715e-05,0.4,False,47,0.9999970310304455,1.3149195116121933e-06,1.6540490429312303e-06,0.0,0.0,0.0,0.0,False
2020-11-12,crisis,0.9999960286729486,5.062098170888582e-05,0.4,False,48,0.9999960286729486,2.960775662659982e-06,1.0105503887889321e-06,0.0,0.0,0.0,0.0,False
2020-11-13,crisis,0.9999886294009469,0.00013535061377660496,0.4,False,49,0.9999886294009469,5.565442430845402e-06,5.805155622167703e-06,0.0,0.0,0.0,0.0,False
2020-11-16,crisis,0.9999917858679226,9.5136793528127e-05,0.4,False,50,0.9999917858679226,8.197508271693713e-06,1.662280547981606e-08,0.0,0.0,0.0,0.0,False
2020-11-17,crisis,0.9992076417095919,0.00587096576100026,0.4,False,51,0.9992076417095919,0.0007923554100293633,2.879378551246402e-09,0.0,0.0,0.0,0.0,False
2020-11-18,crisis,0.9996807156930707,0.0026299450081471764,0.4,False,52,0.9996807156930707,0.00031928428621181713,1.9717535759395352e-11,0.0,0.0,0.0,0.0,False
2020-11-19,crisis,0.9927584110262029,0.039050503500459854,0.4,False,53,0.9927584110262029,0.007241580392283875,8.580513246733014e-09,0.0,0.0,0.0,0.0,False
2020-11-20,crisis,0.9999999999989999,5.1211998730368925e-11,0.36,False,54,0.0,0.0,0.9999999999989999,0.0,0.0,0.0,0.0,False
2020-11-23,stressed,0.9999999999989999,5.1211998730368925e-11,0.585,True,1,0.0,0.0,0.9999999999989999,0.0,0.0,0.0,0.0,False
2020-11-24,stressed,0.9999999999989999,5.1211998730368925e-11,0.585,False,2,0.0,0.0,0.9999999999989999,0.0,0.0,0.0,0.0,False
2020-11-25,stressed,0.9999999999989999,5.1211998730368925e-11,0.585,False,3,0.0,0.0,0.9999999999989999,0.0,0.0,0.0,0.0,False
2020-11-27,stressed,0.9999999999989999,5.1211998730368925e-11,0.585,False,4,0.0,0.0,0.9999999999989999,0.0,0.0,0.0,0.0,False
2020-11-30,stressed,0.9999999999989999,5.1211998730368925e-11,0.585,False,5,0.0,0.0,0.9999999999989999,0.0,0.0,0.0,0.0,False
2020-12-01,stressed,0.9999999999989999,5.1211998730368925e-11,0.585,False,6,0.0,0.0,0.9999999999989999,0.0,0.0,0.0,0.0,False
2020-12-02,stressed,0.9999999999989999,5.1211998730368925e-11,0.585,False,7,0.0,0.0,0.9999999999989999,0.0,0.0,0.0,0.0,False
2020-12-03,stressed,0.9999999999989999,5.1211998730368925e-11,0.585,False,8,0.0,0.0,0.9999999999989999,0.0,0.0,0.0,0.0,False
2020-12-04,stressed,0.9999999999989999,5.1211998730368925e-11,0.585,False,9,0.0,0.0,0.9999999999989999,0.0,0.0,0.0,0.0,False
2020-12-07,stressed,0.9999999999989999,5.1211998730368925e-11,0.585,False,10,0.0,0.0,0.9999999999989999,0.0,0.0,0.0,0.0,False
2020-12-08,stressed,0.9999999999989999,5.1211998730368925e-11,0.585,False,11,0.0,0.0,0.9999999999989999,0.0,0.0,0.0,0.0,False
2020-12-09,stressed,0.9999999999989999,5.1211998730368925e-11,0.585,False,12,0.0,0.0,0.9999999999989999,0.0,0.0,0.0,0.0,False
2020-12-10,stressed,0.9999999999989999,5.1211998730368925e-11,0.585,False,13,0.0,0.0,0.9999999999989999,0.0,0.0,0.0,0.0,False
2020-12-11,stressed,0.9999999999989999,5.1211998730368925e-11,0.585,False,14,0.0,0.0,0.9999999999989999,0.0,0.0,0.0,0.0,False
2020-12-14,stressed,0.9999999999989999,5.1211998730368925e-11,0.585,False,15,0.0,0.0,0.9999999999989999,0.0,0.0,0.0,0.0,False
2020-12-15,stressed,0.9999999999989999,5.1211998730368925e-11,0.585,False,16,0.0,0.0,0.9999999999989999,0.0,0.0,0.0,0.0,False
2020-12-16,stressed,0.9999999999989999,5.1211998730368925e-11,0.585,False,17,0.0,0.0,0.9999999999989999,0.0,0.0,0.0,0.0,False
2020-12-17,stressed,0.9999999999989999,5.1211998730368925e-11,0.585,False,18,0.0,0.0,0.9999999999989999,0.0,0.0,0.0,0.0,False
2020-12-18,stressed,0.9999999999989999,5.1211998730368925e-11,0.585,False,19,0.0,0.0,0.9999999999989999,0.0,0.0,0.0,0.0,False
2020-12-21,stressed,0.9999999999989999,5.1211998730368925e-11,0.585,False,20,0.0,0.0,0.9999999999989999,0.0,0.0,0.0,0.0,False
2020-12-22,stressed,0.9999999999610352,8.897902367644684e-10,0.585,False,21,3.796469096687364e-11,0.9999999999610352,8.675503636074635e-18,0.0,0.0,0.0,0.0,False
2020-12-23,stressed,0.9999999999983655,5.178943759830573e-11,0.585,False,22,6.343773216641698e-13,0.9999999999983655,1.6742285717326805e-20,0.0,0.0,0.0,0.0,False
2020-12-24,calm_bull,0.9999999999989515,5.125605951903195e-11,0.9,True,1,4.830844959704796e-14,0.9999999999989515,1.597466553254303e-21,0.0,0.0,0.0,0.0,False
2020-12-28,calm_bull,0.9999999999989764,5.123342278357204e-11,0.9,False,2,2.34645895751624e-14,0.9999999999989764,1.277067247847151e-21,0.0,0.0,0.0,0.0,False
2020-12-29,calm_bull,0.9999999999989195,5.128516389319467e-11,0.9,False,3,8.035285436074839e-14,0.9999999999989195,2.4979926135447203e-21,0.0,0.0,0.0,0.0,False
2020-12-30,calm_bull,0.9999999999989593,5.1248985539200726e-11,0.9,False,4,4.0690409673889594e-14,0.9999999999989593,4.955091437018373e-21,0.0,0.0,0.0,0.0,False
2020-12-31,calm_bull,0.9999999999989628,5.1245751719849314e-11,0.9,False,5,3.716193258709315e-14,0.9999999999989628,1.1151615286497166e-20,0.0,0.0,0.0,0.0,False
2021-01-04,calm_bull,0.9999999945526293,9.931644444292034e-08,0.9,False,6,5.446370693092391e-09,0.9999999945526293,1.2842411638778572e-17,0.0,0.0,0.0,0.0,False
2021-01-05,calm_bull,0.9999999999898093,2.470239244958111e-10,0.9,False,7,9.190702997607475e-12,0.9999999999898093,2.8593213049720516e-20,0.0,0.0,0.0,0.0,False
2021-01-06,calm_bull,0.9999999999952052,1.203529702830272e-10,0.9,False,8,3.794881688021173e-12,0.9999999999952052,8.26127702950818e-20,0.0,0.0,0.0,0.0,False
2021-01-07,calm_bull,0.9999999999980176,5.2106149781034644e-11,0.9,False,9,9.823089044787961e-13,0.9999999999980176,3.1508713156578475e-20,0.0,0.0,0.0,0.0,False
2021-01-08,calm_bull,0.9999999999979912,5.234488541893659e-11,0.9,False,10,1.008857854604975e-12,0.9999999999979912,1.340711211036154e-20,0.0,0.0,0.0,0.0,False
2021-01-11,calm_bull,0.9999999999979774,5.268676465581514e-11,0.9,False,11,1.0224524155601635e-12,0.9999999999979774,1.1738797386126406e-20,0.0,0.0,0.0,0.0,False
2021-01-12,calm_bull,0.9999999999984757,5.168918919841194e-11,0.9,False,12,5.241593182786728e-13,0.9999999999984757,4.892722198692214e-21,0.0,0.0,0.0,0.0,False
2021-01-13,calm_bull,0.9999999999989388,5.1267580000471364e-11,0.9,False,13,6.110830648783635e-14,0.9999999999989388,3.5517976291227184e-22,0.0,0.0,0.0,0.0,False
2021-01-14,calm_bull,0.9999999999988454,5.135266987215545e-11,0.9,False,14,1.545715716603511e-13,0.9999999999988454,3.2222832462511243e-21,0.0,0.0,0.0,0.0,False
2021-01-15,calm_bull,0.9999999999905125,2.3072881958266828e-10,0.9,False,15,8.487336789825293e-12,0.9999999999905125,4.685923891387851e-20,0.0,0.0,0.0,0.0,False
2021-01-19,calm_bull,0.9999999999988665,5.133346906975643e-11,0.9,False,16,1.3348075417134824e-13,0.9999999999988665,7.907708830427926e-22,0.0,0.0,0.0,0.0,False
2021-01-20,calm_bull,0.9999999999988529,5.1345798006033695e-11,0.9,False,17,1.470527228542116e-13,0.9999999999988529,1.452843946922063e-21,0.0,0.0,0.0,0.0,False
2021-01-21,calm_bull,0.9999999999989182,5.128637657545145e-11,0.9,False,18,8.177848339019524e-14,0.9999999999989182,4.0373272691850187e-22,0.0,0.0,0.0,0.0,False
2021-01-22,calm_bull,0.9999999999989462,5.1260910248059066e-11,0.9,False,19,5.378197051266161e-14,0.9999999999989462,1.4913845081031595e-22,0.0,0.0,0.0,0.0,False
2021-01-25,calm_bull,0.9999999999989082,5.1295471692377304e-11,0.9,False,20,9.164300184509136e-14,0.9999999999989082,4.848660851670103e-22,0.0,0.0,0.0,0.0,False
2021-01-26,calm_bull,0.9999999999740128,6.040521305062138e-10,0.9,False,21,2.4987067872051596e-11,0.9999999999740128,2.5513810165293393e-21,0.0,0.0,0.0,0.0,False
2021-01-27,calm_bull,0.9999999819468012,3.0943719495475636e-07,0.9,False,22,0.9999999819468012,1.955320951388098e-17,1.8052198834728565e-08,0.0,0.0,0.0,0.0,False
2021-01-28,calm_bull,0.999996538049312,4.2773429077377976e-05,1.0,False,23,0.999996538049312,3.4619479261168328e-06,1.7618959358995118e-12,0.0,0.0,0.0,0.0,False
2021-01-29,crisis,0.9999999996621836,7.01968290721375e-09,0.36,True,1,0.9999999996621836,4.984054518112123e-19,3.3681626601660574e-10,0.0,0.0,0.0,0.0,False
2021-02-01,crisis,0.9999999999989999,5.1211998730368925e-11,0.36,False,2,0.0,0.0,0.9999999999989999,0.0,0.0,0.0,0.0,False
2021-02-02,crisis,0.9493868983146667,0.1823359775919794,0.4,False,3,0.050613101521241995,0.9493868983146667,1.630912304499566e-10,0.0,0.0,0.0,0.0,False
2021-02-03,crisis,0.9999473527713421,0.0005200387245300715,0.4,False,4,5.264722765234239e-05,0.9999473527713421,5.624138331992596e-15,0.0,0.0,0.0,0.0,False
2021-02-04,calm_bull,0.999999938226218,9.896279418887413e-07,0.9,True,1,6.177278172560628e-08,0.999999938226218,8.044095539482562e-17,0.0,0.0,0.0,0.0,False
2021-02-05,calm_bull,0.9999999868641897,2.2895609313074538e-07,0.9,False,2,1.3134810345457276e-08,0.9999999868641897,4.398787922059176e-17,0.0,0.0,0.0,0.0,False
2021-02-08,calm_bull,0.9999999994131541,1.189534224379075e-08,0.9,False,3,5.858459491455976e-10,0.9999999994131541,1.5130143036620581e-18,0.0,0.0,0.0,0.0,False
2021-02-09,calm_bull,0.9999999999581416,9.528921505033014e-10,0.9,False,4,4.08583801116484e-11,0.9999999999581416,3.5612355282077875e-20,0.0,0.0,0.0,0.0,False
2021-02-10,calm_bull,0.9999999999876945,2.9573581971955614e-10,0.9,False,5,1.13054625706365e-11,0.9999999999876945,3.394673230656382e-21,0.0,0.0,0.0,0.0,False
2021-02-11,calm_bull,0.9999999999942089,1.440901080705226e-10,0.9,False,6,4.791120573389768e-12,0.9999999999942089,9.436784978945943e-22,0.0,0.0,0.0,0.0,False
2021-02-12,calm_bull,0.9999999999900504,2.414402343341985e-10,0.9,False,7,8.949437413616739e-12,0.9999999999900504,1.4305227720680604e-21,0.0,0.0,0.0,0.0,False
2021-02-16,calm_bull,0.9999999999693834,7.065569382296037e-10,0.9,False,8,2.961653788750998e-11,0.9999999999693834,2.718880754034591e-21,0.0,0.0,0.0,0.0,False
2021-02-17,calm_bull,0.9999999999894631,2.550247201872103e-10,0.9,False,9,9.53683422830135e-12,0.9999999999894631,8.758354058539133e-22,0.0,0.0,0.0,0.0,False
2021-02-18,calm_bull,0.9999999999753022,5.753676859493931e-10,0.9,False,10,2.3697602788554236e-11,0.9999999999753022,4.2817868993662135e-22,0.0,0.0,0.0,0.0,False
2021-02-19,calm_bull,0.9999999998707844,2.801038308347104e-09,0.9,False,11,1.2821570328514028e-10,0.9999999998707844,1.6421946672834113e-21,0.0,0.0,0.0,0.0,False
2021-02-22,calm_bull,0.9999999132690252,1.3626540014861675e-06,1.0,False,12,8.672997468106073e-08,0.9999999132690252,2.003051035139082e-18,0.0,0.0,0.0,0.0,False
2021-02-23,calm_bull,0.9999999717692285,4.723899270500802e-07,0.9,False,13,2.8229771565961857e-08,0.9999999717692285,5.711190435082468e-19,0.0,0.0,0.0,0.0,False
2021-02-24,calm_bull,0.9999981067205171,2.4432109424025924e-05,1.0,False,14,1.8932784827342006e-06,0.9999981067205171,6.152133277270059e-19,0.0,0.0,0.0,0.0,False
2021-02-25,calm_bull,0.9999999983195315,3.244074150075154e-08,0.9,False,15,0.9999999983195315,1.6793847674640299e-09,8.387152103614304e-14,0.0,0.0,0.0,0.0,False
2021-02-26,calm_bull,0.9999997889110886,3.1455551570074127e-06,1.0,False,16,0.9999997889110886,2.110878148434869e-07,9.647209897555618e-14,0.0,0.0,0.0,0.0,False
2021-03-01,calm_bull,0.9999999999989999,5.1211998730368925e-11,0.9,False,17,0.0,0.0,0.9999999999989999,0.0,0.0,0.0,0.0,False
2021-03-02,calm_bull,0.6454456954264852,0.5918561470981267,1.0,False,18,0.6454456954264852,0.3545543045723474,1.6747336858932243e-13,0.0,0.0,0.0,0.0,False
2021-03-03,calm_bull,0.9999998539988006,2.224644590347606e-06,1.0,False,19,0.9999998539988006,1.460001913025736e-07,7.95695871078556e-15,0.0,0.0,0.0,0.0,False
2021-03-04,crisis,0.9999999999989932,5.121806214165282e-11,0.36,True,1,0.9999999999989932,6.692740817865689e-15,8.157271872212443e-17,0.0,0.0,0.0,0.0,False
2021-03-05,crisis,0.9999731516886099,0.0002816596072864379,0.4,False,2,0.9999731516886099,2.684831038974254e-05,3.009910076167852e-16,0.0,0.0,0.0,0.0,False
2021-03-08,crisis,0.9995180505506683,0.003789148225249929,0.4,False,3,0.9995180505506683,0.00048194944831987137,1.1790418008588182e-14,0.0,0.0,0.0,0.0,False
2021-03-09,crisis,0.989888508498053,0.051440554849590474,0.4,False,4,0.010111491500946784,0.989888508498053,1.3358071278393782e-16,0.0,0.0,0.0,0.0,False
2021-03-10,crisis,0.9999979592929819,2.6195320496044725e-05,0.4,False,5,2.040706018151341e-06,0.9999979592929819,1.4678099737005594e-19,0.0,0.0,0.0,0.0,False
2021-03-11,calm_bull,0.9999992836606727,9.877842199367389e-06,1.0,True,1,7.163383273300308e-07,0.9999992836606727,7.979467599641911e-18,0.0,0.0,0.0,0.0,False
2021-03-12,calm_bull,0.9999999300011211,1.1134297670695567e-06,1.0,False,2,6.999787884249281e-08,0.9999999300011211,1.0116154301601059e-18,0.0,0.0,0.0,0.0,False
2021-03-15,calm_bull,0.9999999740473975,4.3625737809173963e-07,0.9,False,3,2.5951602483575416e-08,0.9999999740473975,1.5866652019283166e-18,0.0,0.0,0.0,0.0,False
2021-03-16,calm_bull,0.9999999992663041,1.4721357733626721e-08,0.9,False,4,7.326958648342013e-10,0.9999999992663041,4.653400448352755e-21,0.0,0.0,0.0,0.0,False
2021-03-17,calm_bull,0.9999999998455957,3.3211483829619337e-09,0.9,False,5,1.534041762343824e-10,0.9999999998455957,1.27105684655314e-21,0.0,0.0,0.0,0.0,False
2021-03-18,calm_bull,0.9999999371393802,1.0060411852793699e-06,1.0,False,6,6.285961971416519e-08,0.9999999371393802,7.841135398705517e-21,0.0,0.0,0.0,0.0,False
2021-03-19,calm_bull,0.9999992773202384,9.95947567395274e-06,1.0,False,7,7.226787614491763e-07,0.9999992773202384,1.623793980602564e-19,0.0,0.0,0.0,0.0,False
2021-03-22,calm_bull,0.9999999954131968,8.434570671080837e-08,0.9,False,8,4.585802976888107e-09,0.9999999954131968,5.434992292447434e-22,0.0,0.0,0.0,0.0,False
2021-03-23,calm_bull,0.999999060699205,1.2720642088734926e-05,1.0,False,9,9.392997950336605e-07,0.999999060699205,1.6721340639301617e-20,0.0,0.0,0.0,0.0,False
2021-03-24,calm_bull,0.9998236354404484,0.0015480077996225163,1.0,False,10,0.00017636455855147786,0.9998236354404484,3.220920072224754e-18,0.0,0.0,0.0,0.0,False
2021-03-25,calm_bull,0.9999999734311539,4.4604853645139994e-07,0.9,False,11,2.6567846041713786e-08,0.9999999734311539,1.4985177210197054e-21,0.0,0.0,0.0,0.0,False
2021-03-26,calm_bull,0.9999999999824165,4.158512521767297e-10,0.9,False,12,1.658345733842491e-11,0.9999999999824165,1.4142287443515538e-22,0.0,0.0,0.0,0.0,False
2021-03-29,calm_bull,0.9999999998939844,2.317996821906728e-09,0.9,False,13,1.050155504218017e-10,0.9999999998939844,9.267900232653691e-23,0.0,0.0,0.0,0.0,False
2021-03-30,calm_bull,0.9999999999979843,5.2514898771585854e-11,0.9,False,14,1.0156160468699365e-12,0.9999999999979843,5.082313767162263e-25,0.0,0.0,0.0,0.0,False
2021-03-31,calm_bull,0.9999999999752802,5.758610284205961e-10,0.9,False,15,2.3719763696340055e-11,0.9999999999752802,2.1266588138996265e-22,0.0,0.0,0.0,0.0,False
2021-04-01,calm_bull,0.9999999999989999,5.1211998730368925e-11,0.9,False,16,0.0,0.0,0.9999999999989999,0.0,0.0,0.0,0.0,False
2021-04-05,calm_bull,0.9999999999794372,4.829365966129143e-10,0.9,False,17,1.9562743785051055e-11,0.9999999999794372,4.6731378660529797e-20,0.0,0.0,0.0,0.0,False
2021-04-06,calm_bull,0.9999999999989719,5.123746505776131e-11,0.9,False,18,2.7987279423939903e-14,0.9999999999989719,5.5675765684377664e-24,0.0,0.0,0.0,0.0,False
2021-04-07,calm_bull,0.9999999999989901,5.122089173358531e-11,0.9,False,19,9.8354837148024e-15,0.9999999999989901,2.090511889808971e-24,0.0,0.0,0.0,0.0,False
2021-04-08,calm_bull,0.9999999999989955,5.121604100455819e-11,0.9,False,20,4.4505177723951584e-15,0.9999999999989955,9.187089840079843e-25,0.0,0.0,0.0,0.0,False
2021-04-09,calm_bull,0.9999999999989979,5.1213817753754093e-11,0.9,False,21,2.018660851991872e-15,0.9999999999989979,4.778079585166829e-25,0.0,0.0,0.0,0.0,False
2021-04-12,calm_bull,0.9999999999989995,5.121240295778785e-11,0.9,False,22,4.464444418279618e-16,0.9999999999989995,1.549685150557416e-25,0.0,0.0,0.0,0.0,False
2021-04-13,calm_bull,0.9999999999989992,5.121260507149731e-11,0.9,False,23,7.103482997015515e-16,0.9999999999989992,1.935895783558241e-24,0.0,0.0,0.0,0.0,False
2021-04-14,calm_bull,0.9999999999989997,5.121220084407839e-11,0.9,False,24,3.110982955121156e-16,0.9999999999989997,1.210930700777944e-25,0.0,0.0,0.0,0.0,False
2021-04-15,calm_bull,0.9999999999989961,5.12154346634298e-11,0.9,False,25,3.687499055001637e-15,0.9999999999989961,1.2762370076331029e-23,0.0,0.0,0.0,0.0,False
2021-04-16,calm_bull,0.9999999999989981,5.121361564004463e-11,0.9,False,26,1.7195036822034222e-15,0.9999999999989981,4.981211827133576e-24,0.0,0.0,0.0,0.0,False
2021-04-19,calm_bull,0.9999999999989992,5.121260507149731e-11,0.9,False,27,5.768707154879338e-16,0.9999999999989992,1.7849757870202342e-24,0.0,0.0,0.0,0.0,False
2021-04-20,calm_bull,0.9999999999989986,5.1213211412625706e-11,0.9,False,28,1.4134348825550296e-15,0.9999999999989986,2.526703543845166e-25,0.0,0.0,0.0,0.0,False
2021-04-21,calm_bull,0.9999999999989988,5.1213009298916244e-11,0.9,False,29,1.0080918259082799e-15,0.9999999999989988,6.127116501352747e-25,0.0,0.0,0.0,0.0,False
2021-04-22,calm_bull,0.9999999999989935,5.1217860027943354e-11,0.9,False,30,6.538977226213502e-15,0.9999999999989935,7.273093541536018e-25,0.0,0.0,0.0,0.0,False
2021-04-23,calm_bull,0.9999999999989881,5.1222710756970484e-11,0.9,False,31,1.1674202742863125e-14,0.9999999999989881,9.066286036891306e-24,0.0,0.0,0.0,0.0,False
2021-04-26,calm_bull,0.9999999999989935,5.1217860027943354e-11,0.9,False,32,6.487340584260666e-15,0.9999999999989935,4.372404009251134e-24,0.0,0.0,0.0,0.0,False
2021-04-27,calm_bull,0.999999999998999,5.1212807185206775e-11,0.9,False,33,8.502915288431236e-16,0.999999999998999,3.7119187085928437e-25,0.0,0.0,0.0,0.0,False
2021-04-28,calm_bull,0.9999999999989995,5.121240295778785e-11,0.9,False,34,4.802475079398689e-16,0.9999999999989995,3.3196279754924456e-25,0.0,0.0,0.0,0.0,False
2021-04-29,calm_bull,0.9999999999989995,5.121240295778785e-11,0.9,False,35,4.258455699087007e-16,0.9999999999989995,5.266469155940308e-25,0.0,0.0,0.0,0.0,False
2021-04-30,calm_bull,0.9999999999989997,5.121220084407839e-11,0.9,False,36,3.293421460637352e-16,0.9999999999989997,4.2101994781898293e-26,0.0,0.0,0.0,0.0,False
2021-05-03,calm_bull,0.9999999999989997,5.121220084407839e-11,0.9,False,37,2.0567457595133476e-16,0.9999999999989997,2.1625901353193942e-26,0.0,0.0,0.0,0.0,False
2021-05-04,calm_bull,0.9999999999989986,5.1213211412625706e-11,0.9,False,38,1.2570551770959818e-15,0.9999999999989986,2.2469094200840688e-26,0.0,0.0,0.0,0.0,False
2021-05-05,calm_bull,0.999999999998999,5.1212807185206775e-11,0.9,False,39,8.115373375640263e-16,0.999999999998999,1.0318864265393568e-26,0.0,0.0,0.0,0.0,False
2021-05-06,calm_bull,0.9999999999989995,5.121240295778785e-11,0.9,False,40,3.3977443385111914e-16,0.9999999999989995,8.229836869246762e-27,0.0,0.0,0.0,0.0,False
2021-05-07,calm_bull,0.9999999999989999,5.1211998730368925e-11,0.9,False,41,1.026221609786093e-16,0.9999999999989999,8.550058298806844e-27,0.0,0.0,0.0,0.0,False
2021-05-10,calm_bull,0.9999999999989939,5.121745580052443e-11,0.9,False,42,5.983763589232518e-15,0.9999999999989939,1.2818177461220625e-26,0.0,0.0,0.0,0.0,False
2021-05-11,calm_bull,0.9999999963862451,6.723845133172777e-08,0.9,False,43,3.6127549183161315e-09,0.9999999963862451,6.40979892619464e-23,0.0,0.0,0.0,0.0,False
2021-05-12,calm_bull,0.9999999968455275,5.907983010920571e-08,0.9,False,44,0.9999999968455275,3.1532168558771665e-09,2.556465287793166e-13,0.0,0.0,0.0,0.0,False
2021-05-13,calm_bull,0.7421632690844507,0.5195481865183386,1.0,False,45,0.25783673091454873,0.7421632690844507,6.015679012516077e-16,0.0,0.0,0.0,0.0,False
2021-05-14,calm_bull,0.9999998681213067,2.0216708188815617e-06,1.0,False,46,1.3187769315130746e-07,0.9999998681213067,9.290370202920185e-22,0.0,0.0,0.0,0.0,False
2021-05-17,calm_bull,0.9999999993701503,1.272605242829258e-08,0.9,False,47,6.288495623459693e-10,0.9999999993701503,4.0853797262648546e-23,0.0,0.0,0.0,0.0,False
2021-05-18,calm_bull,0.9999992561997566,1.0231040353733005e-05,1.0,False,48,7.437992433924238e-07,0.9999992561997566,1.5598206774689707e-20,0.0,0.0,0.0,0.0,False
2021-05-19,calm_bull,0.9999997763042275,3.3216064845271254e-06,1.0,False,49,2.2369477247735464e-07,0.9999997763042275,6.873012379049031e-21,0.0,0.0,0.0,0.0,False
2021-05-20,calm_bull,0.9999999999658031,7.853737844054917e-10,0.9,False,50,3.3196893744003656e-11,0.9999999999658031,1.9810465827776887e-24,0.0,0.0,0.0,0.0,False
2021-05-21,calm_bull,0.9999999999960607,9.97738964182856e-11,0.9,False,51,2.9391326310370417e-12,0.9999999999960607,2.0216891750632705e-25,0.0,0.0,0.0,0.0,False
2021-05-24,calm_bull,0.9999999999989675,5.124150733195058e-11,0.9,False,52,3.233503016935759e-14,0.9999999999989675,1.0466939266863901e-26,0.0,0.0,0.0,0.0,False
2021-05-25,calm_bull,0.9999999999989011,5.130193933108014e-11,0.9,False,53,9.886392955171155e-14,0.9999999999989011,3.557658959790394e-26,0.0,0.0,0.0,0.0,False
2021-05-26,calm_bull,0.999999999998979,5.123099741905848e-11,0.9,False,54,2.0880643008770056e-14,0.999999999998979,4.9468045841745804e-26,0.0,0.0,0.0,0.0,False
2021-05-27,calm_bull,0.9999999999989941,5.121725368681497e-11,0.9,False,55,5.8081847676749946e-15,0.9999999999989941,9.092296421902725e-27,0.0,0.0,0.0,0.0,False
2021-05-28,calm_bull,0.9999999999988396,5.13579248286015e-11,0.9,False,56,1.6041295230896528e-13,0.9999999999988396,2.748793825895033e-24,0.0,0.0,0.0,0.0,False
2021-06-01,calm_bull,0.9999999999989999,5.1211998730368925e-11,0.9,False,57,0.0,0.0,0.9999999999989999,0.0,0.0,0.0,0.0,False
2021-06-02,calm_bull,0.9999999999989495,5.1257878542417117e-11,0.9,False,58,5.034038905727285e-14,0.9999999999989495,1.861825753693313e-24,0.0,0.0,0.0,0.0,False
2021-06-03,calm_bull,0.9999999999989959,5.121563677713926e-11,0.9,False,59,3.888050789182902e-15,0.9999999999989959,7.638162046877303e-27,0.0,0.0,0.0,0.0,False
2021-06-04,calm_bull,0.9999999999989992,5.121260507149731e-11,0.9,False,60,5.925000002515319e-16,0.9999999999989992,6.540791825717421e-27,0.0,0.0,0.0,0.0,False
2021-06-07,calm_bull,0.9999999999989988,5.1213009298916244e-11,0.9,False,61,1.1942145073718538e-15,0.9999999999989988,6.623830670525547e-27,0.0,0.0,0.0,0.0,False
2021-06-08,calm_bull,0.9999999999989968,5.1214828322301405e-11,0.9,False,62,3.136885588457999e-15,0.9999999999989968,1.7249337430382045e-26,0.0,0.0,0.0,0.0,False
2021-06-09,calm_bull,0.9999999999989975,5.121422198117302e-11,0.9,False,63,2.4364727474785184e-15,0.9999999999989975,1.9017706783522471e-26,0.0,0.0,0.0,0.0,False
2021-06-10,calm_bull,0.9999999999989988,5.1213009298916244e-11,0.9,False,64,1.0476760281758767e-15,0.9999999999989988,9.062181252440743e-26,0.0,0.0,0.0,0.0,False
2021-06-11,calm_bull,0.9999999999989995,5.121240295778785e-11,0.9,False,65,3.895371809818496e-16,0.9999999999989995,1.0597169313803047e-23,0.0,0.0,0.0,0.0,False
2021-06-14,calm_bull,0.9999999999989999,5.1211998730368925e-11,0.9,False,66,1.0079414665344219e-16,0.9999999999989999,3.870693945766544e-25,0.0,0.0,0.0,0.0,False
2021-06-15,calm_bull,0.9999999999989997,5.121220084407839e-11,0.9,False,67,1.1564371821723065e-16,0.9999999999989997,1.2715192966764594e-25,0.0,0.0,0.0,0.0,False
2021-06-16,calm_bull,0.9999999999989988,5.1213009298916244e-11,0.9,False,68,1.1258915796761743e-15,0.9999999999989988,2.4724343390131434e-25,0.0,0.0,0.0,0.0,False
2021-06-17,calm_bull,0.9999999999989677,5.1241305218241116e-11,0.9,False,69,3.2284291198556245e-14,0.9999999999989677,1.0093111852935777e-22,0.0,0.0,0.0,0.0,False
2021-06-18,calm_bull,0.9999769344986108,0.0002451634605635432,1.0,False,70,2.3065500386341798e-05,0.9999769344986108,2.9225142419654476e-15,0.0,0.0,0.0,0.0,False
2021-06-21,calm_bull,0.9999999999976339,6.127576886442832e-11,0.9,False,71,1.3661233597935868e-12,0.9999999999976339,2.2437668376751948e-23,0.0,0.0,0.0,0.0,False
2021-06-22,calm_bull,0.999999999998894,5.130840696978296e-11,0.9,False,72,1.0588504764474129e-13,0.999999999998894,4.031248176660534e-24,0.0,0.0,0.0,0.0,False
2021-06-23,calm_bull,0.9999999999988769,5.132396972541165e-11,0.9,False,73,1.2293401499947633e-13,0.9999999999988769,2.762958267878354e-24,0.0,0.0,0.0,0.0,False
2021-06-24,calm_bull,0.9999999999989948,5.121664734568658e-11,0.9,False,74,5.1774731060396725e-15,0.9999999999989948,5.494521441917927e-25,0.0,0.0,0.0,0.0,False
2021-06-25,calm_bull,0.999999999998999,5.1212807185206775e-11,0.9,False,75,8.923962017048013e-16,0.999999999998999,9.67137907952516e-25,0.0,0.0,0.0,0.0,False
2021-06-28,calm_bull,0.9999999999989995,5.121240295778785e-11,0.9,False,76,5.047841160772012e-16,0.9999999999989995,6.314726814792729e-25,0.0,0.0,0.0,0.0,False
2021-06-29,calm_bull,0.9999999999989995,5.121240295778785e-11,0.9,False,77,5.136285492932998e-16,0.9999999999989995,3.009332315774351e-25,0.0,0.0,0.0,0.0,False
2021-06-30,calm_bull,0.9999999999989784,5.123160376018687e-11,0.9,False,78,2.1483636600944685e-14,0.9999999999989784,1.7873852816594477e-22,0.0,0.0,0.0,0.0,False
2021-07-01,calm_bull,0.9999999999989999,5.1211998730368925e-11,0.9,False,79,0.0,0.0,0.9999999999989999,0.0,0.0,0.0,0.0,False
2021-07-02,calm_bull,0.9999999999989968,5.1214828322301405e-11,0.9,False,80,3.173783879335131e-15,0.9999999999989968,1.0109750100448708e-22,0.0,0.0,0.0,0.0,False
2021-07-06,calm_bull,0.9999999999989992,5.121260507149731e-11,0.9,False,81,7.72109204673676e-16,0.9999999999989992,8.0777148193835325e-25,0.0,0.0,0.0,0.0,False
2021-07-07,calm_bull,0.9999999999989995,5.121240295778785e-11,0.9,False,82,4.0444911568482875e-16,0.9999999999989995,2.8931112420898508e-24,0.0,0.0,0.0,0.0,False
2021-07-08,calm_bull,0.9999999999988713,5.132902256814823e-11,0.9,False,83,1.2847798268329152e-13,0.9999999999988713,1.1696109480877907e-22,0.0,0.0,0.0,0.0,False
2021-07-09,calm_bull,0.9999999999989997,5.121220084407839e-11,0.9,False,84,2.397371605511795e-16,0.9999999999989997,9.818753407209835e-26,0.0,0.0,0.0,0.0,False
2021-07-12,calm_bull,0.9999999999989997,5.121220084407839e-11,0.9,False,85,1.859198440115014e-16,0.9999999999989997,1.0389760617764508e-25,0.0,0.0,0.0,0.0,False
2021-07-13,calm_bull,0.9999999999989988,5.1213009298916244e-11,0.9,False,86,1.0124387277054268e-15,0.9999999999989988,5.542019763246328e-25,0.0,0.0,0.0,0.0,False
2021-07-14,calm_bull,0.9999999999989986,5.1213211412625706e-11,0.9,False,87,1.2586054560124073e-15,0.9999999999989986,1.3392136304056923e-24,0.0,0.0,0.0,0.0,False
2021-07-15,calm_bull,0.9999999999989988,5.1213009298916244e-11,0.9,False,88,1.2028412050112738e-15,0.9999999999989988,2.3804834367906556e-24,0.0,0.0,0.0,0.0,False
2021-07-16,calm_bull,0.9999999999870954,3.094665788533738e-10,0.9,False,89,1.1904548041548071e-11,0.9999999999870954,3.221114150735149e-22,0.0,0.0,0.0,0.0,False
2021-07-19,calm_bull,0.941221230952854,0.20352398958695744,1.0,False,90,0.05877876904138162,0.941221230952854,4.7641335086996296e-12,0.0,0.0,0.0,0.0,False
2021-07-20,calm_bull,0.9999999999746105,5.907657318464749e-10,0.9,False,91,2.4389457390520926e-11,0.9999999999746105,4.63538233823646e-23,0.0,0.0,0.0,0.0,False
2021-07-21,calm_bull,0.9999999999989866,5.122412555293673e-11,0.9,False,92,1.3364552414933932e-14,0.9999999999989866,5.432876723977113e-25,0.0,0.0,0.0,0.0,False
2021-07-22,calm_bull,0.9999999999989757,5.123402912470044e-11,0.9,False,93,2.410771822728955e-14,0.9999999999989757,1.033623038658443e-24,0.0,0.0,0.0,0.0,False
2021-07-23,calm_bull,0.9999999999989968,5.1214828322301405e-11,0.9,False,94,3.0489033377298746e-15,0.9999999999989968,6.416787320681377e-25,0.0,0.0,0.0,0.0,False
2021-07-26,calm_bull,0.9999999999989926,5.121866848278121e-11,0.9,False,95,7.30907264932886e-15,0.9999999999989926,1.177515137712419e-23,0.0,0.0,0.0,0.0,False
2021-07-27,calm_bull,0.9999999999989921,5.1219072710200135e-11,0.9,False,96,7.745962136216345e-15,0.9999999999989921,7.578518934621397e-24,0.0,0.0,0.0,0.0,False
2021-07-28,calm_bull,0.9999999999989988,5.1213009298916244e-11,0.9,False,97,1.0622671790343778e-15,0.9999999999989988,3.4455960564836393e-25,0.0,0.0,0.0,0.0,False
2021-07-29,calm_bull,0.9999999999989995,5.121240295778785e-11,0.9,False,98,5.111046274521887e-16,0.9999999999989995,2.7405675643343546e-25,0.0,0.0,0.0,0.0,False
2021-07-30,calm_bull,0.9999999999989986,5.1213211412625706e-11,0.9,False,99,1.3561224357392244e-15,0.9999999999989986,1.8683519563804387e-25,0.0,0.0,0.0,0.0,False
2021-08-02,calm_bull,0.999999999998952,5.125565529161302e-11,0.9,False,100,4.788561129000251e-14,0.999999999998952,9.417823919128136e-24,0.0,0.0,0.0,0.0,False
2021-08-03,calm_bull,0.9999999999989975,5.121422198117302e-11,0.9,False,101,2.450507671213448e-15,0.9999999999989975,7.963397053578124e-25,0.0,0.0,0.0,0.0,False
2021-08-04,calm_bull,0.9999999999989955,5.121604100455819e-11,0.9,False,102,4.396629270357251e-15,0.9999999999989955,1.8696899419969606e-25,0.0,0.0,0.0,0.0,False
2021-08-05,calm_bull,0.9999999999989986,5.1213211412625706e-11,0.9,False,103,1.407255641683099e-15,0.9999999999989986,3.6261220616696206e-26,0.0,0.0,0.0,0.0,False
2021-08-06,calm_bull,0.9999999999989997,5.121220084407839e-11,0.9,False,104,2.787363748998914e-16,0.9999999999989997,1.8454438550735055e-26,0.0,0.0,0.0,0.0,False
2021-08-09,calm_bull,0.9999999999989995,5.121240295778785e-11,0.9,False,105,3.397221179681909e-16,0.9999999999989995,1.2152910702068416e-26,0.0,0.0,0.0,0.0,False
2021-08-10,calm_bull,0.9999999999989995,5.121240295778785e-11,0.9,False,106,4.2660591733686863e-16,0.9999999999989995,2.367812813435895e-26,0.0,0.0,0.0,0.0,False
2021-08-11,calm_bull,0.9999999999989999,5.1211998730368925e-11,0.9,False,107,8.836586865088632e-17,0.9999999999989999,5.550542184073443e-26,0.0,0.0,0.0,0.0,False
2021-08-12,calm_bull,0.9999999999989999,5.1211998730368925e-11,0.9,False,108,9.178297345445977e-17,0.9999999999989999,1.463640674520978e-25,0.0,0.0,0.0,0.0,False
2021-08-13,calm_bull,0.9999999999989999,5.1211998730368925e-11,0.9,False,109,8.63730831197058e-17,0.9999999999989999,1.6280594942278826e-25,0.0,0.0,0.0,0.0,False
2021-08-16,calm_bull,0.9999999999989999,5.1211998730368925e-11,0.9,False,110,7.996982462717747e-17,0.9999999999989999,3.1322486567312753e-25,0.0,0.0,0.0,0.0,False
2021-08-17,calm_bull,0.9999999999989995,5.121240295778785e-11,0.9,False,111,4.475588973545637e-16,0.9999999999989995,7.488338079485316e-25,0.0,0.0,0.0,0.0,False
2021-08-18,calm_bull,0.9999999999484426,1.1631009317881122e-09,0.9,False,112,5.055731857056396e-11,0.9999999999484426,2.5273462469318236e-21,0.0,0.0,0.0,0.0,False
2021-08-19,calm_bull,0.9999999990999301,1.7890772066817745e-08,0.9,False,113,8.990699245569717e-10,0.9999999990999301,6.653813627944514e-20,0.0,0.0,0.0,0.0,False
2021-08-20,calm_bull,0.9999999999989719,5.123746505776131e-11,0.9,False,114,2.792092106123666e-14,0.9999999999989719,1.5391090271636276e-24,0.0,0.0,0.0,0.0,False
2021-08-23,calm_bull,0.9999999999989981,5.121361564004463e-11,0.9,False,115,1.6709190106935763e-15,0.9999999999989981,1.1970881888498204e-25,0.0,0.0,0.0,0.0,False
2021-08-24,calm_bull,0.9999999999989997,5.121220084407839e-11,0.9,False,116,2.3071392168985374e-16,0.9999999999989997,2.2513138127069857e-26,0.0,0.0,0.0,0.0,False
2021-08-25,calm_bull,0.9999999999989997,5.121220084407839e-11,0.9,False,117,2.301060132457731e-16,0.9999999999989997,2.6668293880902202e-25,0.0,0.0,0.0,0.0,False
2021-08-26,calm_bull,0.9999999999989992,5.121260507149731e-11,0.9,False,118,5.872196132821075e-16,0.9999999999989992,3.1340397208280385e-26,0.0,0.0,0.0,0.0,False
2021-08-27,calm_bull,0.9999999999989999,5.1211998730368925e-11,0.9,False,119,7.386811511483126e-17,0.9999999999989999,2.7195862949050516e-26,0.0,0.0,0.0,0.0,False
2021-08-30,calm_bull,0.9999999999989999,5.1211998730368925e-11,0.9,False,120,2.7887361156835764e-17,0.9999999999989999,2.0988282395029735e-26,0.0,0.0,0.0,0.0,False
2021-08-31,calm_bull,0.9999999999989986,5.1213211412625706e-11,0.9,False,121,1.3707849139733694e-15,0.9999999999989986,3.2669208520505976e-24,0.0,0.0,0.0,0.0,False
2021-09-01,stressed,0.9999999999989999,5.1211998730368925e-11,1.0,True,1,0.0,0.0,0.9999999999989999,0.0,0.0,0.0,0.0,False
2021-09-02,stressed,0.9999999999989979,5.1213817753754093e-11,1.0,False,2,1.9157994838643927e-15,0.9999999999989979,2.931817726086897e-23,0.0,0.0,0.0,0.0,False
2021-09-03,stressed,0.9999999999989999,5.1211998730368925e-11,1.0,False,3,6.718917981651897e-17,0.9999999999989999,7.431671429699158e-26,0.0,0.0,0.0,0.0,False
2021-09-07,calm_bull,0.9999999999989968,5.1214828322301405e-11,0.9,True,1,3.0428700764787636e-15,0.9999999999989968,6.023624411455376e-25,0.0,0.0,0.0,0.0,False
2021-09-08,calm_bull,0.9999999999989988,5.1213009298916244e-11,0.9,False,2,1.014306544747613e-15,0.9999999999989988,1.3686885815884546e-25,0.0,0.0,0.0,0.0,False
2021-09-09,calm_bull,0.9999999999989237,5.128132373271488e-11,0.9,False,3,7.623404214493404e-14,0.9999999999989237,7.913378504047238e-24,0.0,0.0,0.0,0.0,False
2021-09-10,calm_bull,0.999999992820049,1.2909748036078087e-07,0.9,False,4,7.178950952035965e-09,0.999999992820049,2.8470239789407497e-19,0.0,0.0,0.0,0.0,False
2021-09-13,calm_bull,0.999999999960314,9.055360188376374e-10,0.9,False,5,3.8685916223182556e-11,0.999999999960314,8.072312308581111e-22,0.0,0.0,0.0,0.0,False
2021-09-14,calm_bull,0.9999999941064924,1.070274829762603e-07,0.9,False,6,5.892507632535567e-09,0.9999999941064924,5.3688406015968586e-20,0.0,0.0,0.0,0.0,False
2021-09-15,calm_bull,0.9999999999984157,5.174375989996702e-11,0.9,False,7,5.842358624064754e-13,0.9999999999984157,3.1142479764176033e-24,0.0,0.0,0.0,0.0,False
2021-09-16,calm_bull,0.9999999999988325,5.136439246730433e-11,0.9,False,8,1.6737365449652777e-13,0.9999999999988325,7.318303968894902e-25,0.0,0.0,0.0,0.0,False
2021-09-17,calm_bull,0.9999972887144013,3.4101925272318885e-05,1.0,False,9,2.71128459877063e-06,0.9999972887144013,6.781955820314003e-20,0.0,0.0,0.0,0.0,False
2021-09-20,calm_bull,0.9999999999423603,1.2936827452079964e-09,0.9,False,10,0.9999999999423603,5.6622455728167425e-11,1.7186082557973387e-14,0.0,0.0,0.0,0.0,False
2021-09-21,calm_bull,0.9999999999989466,5.126050602064014e-11,0.9,False,11,0.9999999999989466,5.271466374168452e-14,6.646781298721072e-16,0.0,0.0,0.0,0.0,False
2021-09-22,crisis,0.998946340668166,0.007533550319614823,0.4,True,1,0.998946340668166,0.001053659330816675,1.726922069205979e-14,0.0,0.0,0.0,0.0,False
2021-09-23,crisis,0.9999849696783568,0.0001656167308718551,0.4,False,2,1.5030320643053684e-05,0.9999849696783568,1.7377988742197044e-19,0.0,0.0,0.0,0.0,False
2021-09-24,crisis,0.9999999988265327,2.3039883036056636e-08,0.36,False,3,1.172467320817494e-09,0.9999999988265327,4.015331934565195e-22,0.0,0.0,0.0,0.0,False
2021-09-27,calm_bull,0.9999988153543402,1.579302724574071e-05,1.0,True,1,1.1846446596383505e-06,0.9999988153543402,3.84884334107085e-20,0.0,0.0,0.0,0.0,False
2021-09-28,calm_bull,0.9999999999830054,4.025177975110889e-10,0.9,False,2,0.9999999999830054,1.5993731048297657e-11,9.944883561210337e-16,0.0,0.0,0.0,0.0,False
2021-09-29,calm_bull,0.9999999999984481,5.171425129838538e-11,0.9,False,3,0.9999999999984481,5.51839224735251e-13,4.541316381125371e-17,0.0,0.0,0.0,0.0,False
2021-09-30,crisis,0.9999999999989928,5.121846636907175e-11,0.36,True,1,0.9999999999989928,1.1676734574764979e-23,7.053616685314346e-15,0.0,0.0,0.0,0.0,False
2021-10-01,crisis,0.9999999999989999,5.1211998730368925e-11,0.36,False,2,0.0,0.0,0.9999999999989999,0.0,0.0,0.0,0.0,False
2021-10-04,crisis,0.9999999999989926,5.121866848278121e-11,0.36,False,3,0.9999999999989926,1.1071913662722066e-24,7.325239971455362e-15,0.0,0.0,0.0,0.0,False
2021-10-05,crisis,0.9999999999989744,5.123524180695722e-11,0.36,False,4,0.9999999999989744,2.5459233041902706e-14,1.8212732900954337e-17,0.0,0.0,0.0,0.0,False
2021-10-06,crisis,0.9999999997602901,5.057419404615427e-09,0.36,False,5,0.9999999997602901,2.3870990107198147e-10,1.792074893081693e-17,0.0,0.0,0.0,0.0,False
2021-10-07,crisis,0.9998372628409254,0.0014403089101040593,0.4,False,6,0.9998372628409254,0.00016273715807456116,6.020926668793143e-17,0.0,0.0,0.0,0.0,False
2021-10-08,crisis,0.9999418922850847,0.0005687565313994216,0.4,False,7,0.9999418922850847,5.8107713915146277e-05,2.5948686032827114e-17,0.0,0.0,0.0,0.0,False
2021-10-11,crisis,0.9999999920468237,1.422589789891474e-07,0.36,False,8,0.9999999920468237,7.952176129419961e-09,6.065062766381223e-17,0.0,0.0,0.0,0.0,False
2021-10-12,crisis,0.9999999991263662,1.7389186744025665e-08,0.36,False,9,0.9999999991263662,8.726338087738278e-10,2.0298004679354666e-17,0.0,0.0,0.0,0.0,False
2021-10-13,crisis,0.9996157941010649,0.003099960619563242,0.4,False,10,0.9996157941010649,0.00038420589793405793,9.495139097839162e-16,0.0,0.0,0.0,0.0,False
2021-10-14,crisis,0.9999290318056452,0.0006817187881261301,0.4,False,11,7.096819335458766e-05,0.9999290318056452,1.778349424074032e-19,0.0,0.0,0.0,0.0,False
2021-10-15,crisis,0.9999999993180277,1.3729344038846364e-08,0.36,False,12,6.809723162533368e-10,0.9999999993180277,4.920183479412645e-23,0.0,0.0,0.0,0.0,False
2021-10-18,calm_bull,0.9999999999364714,1.420242197478236e-09,0.9,True,1,6.252867104876964e-11,0.9999999999364714,2.0465694343167685e-23,0.0,0.0,0.0,0.0,False
2021-10-19,calm_bull,0.9999999999929867,1.7295488758344173e-10,0.9,False,2,6.013305942404076e-12,0.9999999999929867,6.393965464796887e-23,0.0,0.0,0.0,0.0,False
2021-10-20,calm_bull,0.9999999999941812,1.447463920837717e-10,0.9,False,3,4.818786937518146e-12,0.9999999999941812,1.548865277543496e-22,0.0,0.0,0.0,0.0,False
2021-10-21,calm_bull,0.9999999999986975,5.148727760265806e-11,0.9,False,4,3.025022993721453e-13,0.9999999999986975,4.836481428252603e-24,0.0,0.0,0.0,0.0,False
2021-10-22,calm_bull,0.9999999999989622,5.12463580609777e-11,0.9,False,5,3.778825067377482e-14,0.9999999999989622,2.1767418941009695e-25,0.0,0.0,0.0,0.0,False
2021-10-25,calm_bull,0.9999999999989813,5.1228976281963845e-11,0.9,False,6,1.874241296820907e-14,0.9999999999989813,1.1277373210468776e-25,0.0,0.0,0.0,0.0,False
2021-10-26,calm_bull,0.999999999998989,5.122190230213263e-11,0.9,False,7,1.0772591546008222e-14,0.999999999998989,4.2775109940655776e-26,0.0,0.0,0.0,0.0,False
2021-10-27,calm_bull,0.9999999999989881,5.1222710756970484e-11,0.9,False,8,1.1872258298950581e-14,0.9999999999989881,2.6529378880834116e-25,0.0,0.0,0.0,0.0,False
2021-10-28,calm_bull,0.9999999999989979,5.1213817753754093e-11,0.9,False,9,2.071637634928915e-15,0.9999999999989979,8.196389267353648e-26,0.0,0.0,0.0,0.0,False
2021-10-29,calm_bull,0.9999999999988756,5.1325182407668426e-11,0.9,False,10,1.2425123775028207e-13,0.9999999999988756,9.589732982239837e-23,0.0,0.0,0.0,0.0,False
2021-11-01,calm_bull,0.9999999999989999,5.1211998730368925e-11,0.9,False,11,0.0,0.0,0.9999999999989999,0.0,0.0,0.0,0.0,False
2021-11-02,calm_bull,0.9999999999989118,5.12922378730259e-11,0.9,False,12,8.807759115582845e-14,0.9999999999989118,1.4898571002290457e-21,0.0,0.0,0.0,0.0,False
2021-11-03,calm_bull,0.999999999998993,5.1218264255362285e-11,0.9,False,13,6.819988489023168e-15,0.999999999998993,1.9899640353670414e-22,0.0,0.0,0.0,0.0,False
2021-11-04,calm_bull,0.9999999999989968,5.1214828322301405e-11,0.9,False,14,3.0686437195110887e-15,0.9999999999989968,9.734838573363222e-23,0.0,0.0,0.0,0.0,False
2021-11-05,calm_bull,0.9999999999989939,5.121745580052443e-11,0.9,False,15,6.1024779267139306e-15,0.9999999999989939,1.0821210585169e-21,0.0,0.0,0.0,0.0,False
2021-11-08,calm_bull,0.9999999999989886,5.122230652955156e-11,0.9,False,16,1.1263492141544743e-14,0.9999999999989886,1.5827917702939012e-21,0.0,0.0,0.0,0.0,False
2021-11-09,calm_bull,0.9999999999989844,5.122614669003136e-11,0.9,False,17,1.548013468744105e-14,0.9999999999989844,1.999522391014203e-22,0.0,0.0,0.0,0.0,False
2021-11-10,calm_bull,0.9999999999989668,5.1242113673078965e-11,0.9,False,18,3.3085734732845065e-14,0.9999999999989668,3.1680163609762025e-24,0.0,0.0,0.0,0.0,False
2021-11-11,calm_bull,0.9999999999989895,5.1221498074713703e-11,0.9,False,19,1.0544919370398041e-14,0.9999999999989895,9.679890497416079e-25,0.0,0.0,0.0,0.0,False
2021-11-12,calm_bull,0.9999999999989992,5.121260507149731e-11,0.9,False,20,6.539486765648085e-16,0.9999999999989992,5.60907048212756e-26,0.0,0.0,0.0,0.0,False
2021-11-15,calm_bull,0.9999999999989992,5.121260507149731e-11,0.9,False,21,5.878549367119454e-16,0.9999999999989992,2.5888270440238174e-26,0.0,0.0,0.0,0.0,False
2021-11-16,calm_bull,0.999999999998999,5.1212807185206775e-11,0.9,False,22,8.05525949341568e-16,0.999999999998999,3.104712912865113e-26,0.0,0.0,0.0,0.0,False
2021-11-17,calm_bull,0.9999999999989992,5.121260507149731e-11,0.9,False,23,7.03759452992541e-16,0.9999999999989992,3.5325112685379614e-26,0.0,0.0,0.0,0.0,False
2021-11-18,calm_bull,0.9999999999989972,5.121442409488248e-11,0.9,False,24,2.6668076831713617e-15,0.9999999999989972,1.7920156499718867e-25,0.0,0.0,0.0,0.0,False
2021-11-19,calm_bull,0.9999999999989619,5.124656017468717e-11,0.9,False,25,3.787891640550311e-14,0.9999999999989619,3.345698580693251e-24,0.0,0.0,0.0,0.0,False
2021-11-22,calm_bull,0.999999999998832,5.136479669472326e-11,0.9,False,26,1.6784244429796118e-13,0.999999999998832,4.287736696168016e-24,0.0,0.0,0.0,0.0,False
2021-11-23,calm_bull,0.9999999999987261,5.146120493413729e-11,0.9,False,27,2.7367419464800213e-13,0.9999999999987261,8.74350726302823e-24,0.0,0.0,0.0,0.0,False
2021-11-24,calm_bull,0.9999999999923872,1.8702689238146464e-10,0.9,False,28,6.6127770443013895e-12,0.9999999999923872,7.545619231651691e-24,0.0,0.0,0.0,0.0,False
2021-11-26,calm_bull,0.9999994298077513,7.981086437048261e-06,1.0,False,29,0.9999994298077513,5.701811743007258e-07,1.0074444843544732e-11,0.0,0.0,0.0,0.0,False
2021-11-29,calm_bull,0.5317394210389188,0.6290945866162958,1.0,False,30,0.46826057896008094,0.5317394210389188,1.738213655146087e-16,0.0,0.0,0.0,0.0,False
2021-11-30,calm_bull,0.9999999999971447,7.170744447926983e-11,0.9,False,31,0.9999999999971447,7.00537652484162e-14,1.7852025285761616e-12,0.0,0.0,0.0,0.0,False
2021-12-01,calm_bull,0.9999999999989999,5.1211998730368925e-11,0.9,False,32,0.0,0.0,0.9999999999989999,0.0,0.0,0.0,0.0,False
2021-12-02,calm_bull,0.9999999999979989,5.21460857748494e-11,0.9,False,33,0.9999999999979989,9.810454931535455e-18,1.0009471238456025e-12,0.0,0.0,0.0,0.0,False
2021-12-03,calm_bull,0.9999999999988431,5.1354691009250085e-11,0.9,False,34,0.9999999999988431,1.7420605749058563e-23,1.5672980765886538e-13,0.0,0.0,0.0,0.0,False
2021-12-06,crisis,0.9999999828263851,2.951415568595579e-07,0.36,True,1,0.9999999828263851,1.717257946288015e-08,3.5252055955502474e-14,0.0,0.0,0.0,0.0,False
2021-12-07,crisis,0.9866489454929775,0.06452396065322112,0.4,False,2,0.013351054506021873,0.9866489454929775,6.70078145731017e-16,0.0,0.0,0.0,0.0,False
2021-12-08,crisis,0.9999719485902521,0.00029316174078738267,0.4,False,3,2.8051408747791564e-05,0.9999719485902521,5.055597930131614e-18,0.0,0.0,0.0,0.0,False
2021-12-09,calm_bull,0.9999966229403082,4.1800892255309425e-05,1.0,True,1,3.3770586917353707e-06,0.9999966229403082,5.595917630701954e-19,0.0,0.0,0.0,0.0,False
2021-12-10,calm_bull,0.9999998594815728,2.1459989204640595e-06,1.0,False,2,1.405174272066708e-07,0.9999998594815728,2.0507226243156556e-19,0.0,0.0,0.0,0.0,False
2021-12-13,calm_bull,0.999998984580315,1.3679473250126488e-05,1.0,False,3,1.0154186848360006e-06,0.999998984580315,1.1239827272952085e-19,0.0,0.0,0.0,0.0,False
2021-12-14,calm_bull,0.9994866488595154,0.004006530364088575,1.0,False,4,0.0005133511394845216,0.9994866488595154,1.4157494046837552e-17,0.0,0.0,0.0,0.0,False
2021-12-15,calm_bull,0.9999960142651904,4.8733791704215535e-05,1.0,False,5,3.985733809588092e-06,0.9999960142651904,5.165629555060426e-20,0.0,0.0,0.0,0.0,False
2021-12-16,calm_bull,0.9879820268332611,0.05923942095141712,1.0,False,6,0.012017973165738917,0.9879820268332611,2.0420535668612123e-17,0.0,0.0,0.0,0.0,False
2021-12-17,calm_bull,0.9999627808819795,0.00037939191156240263,1.0,False,7,0.9999627808819795,3.72191170202248e-05,2.8212834944078544e-16,0.0,0.0,0.0,0.0,False
2021-12-20,calm_bull,0.9999999999989166,5.12877913714177e-11,0.9,False,8,0.9999999999989166,8.32767736917244e-14,6.024667045156369e-18,0.0,0.0,0.0,0.0,False
2021-12-21,crisis,0.9966871370166049,0.020228816686577642,0.4,True,1,0.9966871370166049,0.0033128629823948753,2.0209194640981978e-16,0.0,0.0,0.0,0.0,False
2021-12-22,crisis,0.8887247530361613,0.3178312076551284,0.4,False,2,0.11127524696283853,0.8887247530361613,7.842965878836582e-17,0.0,0.0,0.0,0.0,False
2021-12-23,crisis,0.9988860156408563,0.007908384214081174,0.4,False,3,0.00111398435814365,0.9988860156408563,4.071217706179168e-18,0.0,0.0,0.0,0.0,False
2021-12-27,calm_bull,0.999982564344141,0.00018976474906775802,1.0,True,1,1.7435654858971186e-05,0.999982564344141,7.332487887263156e-18,0.0,0.0,0.0,0.0,False
2021-12-28,calm_bull,0.9999997564588102,3.5974428013302867e-06,1.0,False,2,2.4354018974745884e-07,0.9999997564588102,3.8116071756243586e-18,0.0,0.0,0.0,0.0,False
2021-12-29,calm_bull,0.9999999956268686,8.06067927690223e-08,0.9,False,3,4.3721313432913285e-09,0.9999999956268686,4.0249019041000744e-20,0.0,0.0,0.0,0.0,False
2021-12-30,calm_bull,0.9999999999448652,1.240189369041699e-09,0.9,False,4,5.4134777655573196e-11,0.9999999999448652,1.086245516738018e-21,0.0,0.0,0.0,0.0,False
2021-12-31,calm_bull,0.9999999999074636,2.035265414964528e-09,0.9,False,5,9.153647995585188e-11,0.9999999999074636,4.90108374657852e-21,0.0,0.0,0.0,0.0,False
2022-01-03,calm_bull,0.9999999999876169,2.975168427708388e-10,0.9,False,6,1.1383101824143477e-11,0.9999999999876169,3.7665896140008126e-22,0.0,0.0,0.0,0.0,False
2022-01-04,calm_bull,0.9999999999610956,8.884740132616224e-10,0.9,False,7,3.790443379678281e-11,0.9999999999610956,1.4145236892220299e-21,0.0,0.0,0.0,0.0,False
2022-01-05,calm_bull,0.9999983530223999,2.1462605298545077e-05,1.0,False,8,1.6469765999749483e-06,0.9999983530223999,3.2064555769277006e-20,0.0,0.0,0.0,0.0,False
2022-01-06,calm_bull,0.999999837528451,2.459797483562444e-06,1.0,False,9,1.624705490040174e-07,0.999999837528451,1.6901652405924692e-21,0.0,0.0,0.0,0.0,False
2022-01-07,calm_bull,0.9999982638913032,2.2540829944631877e-05,1.0,False,10,1.7361076967983982e-06,0.9999982638913032,9.261785339500456e-21,0.0,0.0,0.0,0.0,False
2022-01-10,calm_bull,0.9999804801770414,0.00021044200513417298,1.0,False,11,1.9519821958408865e-05,0.9999804801770414,1.0682326045201728e-19,0.0,0.0,0.0,0.0,False
2022-01-11,calm_bull,0.99999998772012,2.147910059141238e-07,0.9,False,12,1.227887997436761e-08,0.99999998772012,7.688950925134539e-23,0.0,0.0,0.0,0.0,False
2022-01-12,calm_bull,0.9999999999337523,1.478337662235138e-09,0.9,False,13,6.524761050460713e-11,0.9999999999337523,2.0055780508903043e-24,0.0,0.0,0.0,0.0,False
2022-01-13,calm_bull,0.9999278024989856,0.0006923988390289029,1.0,False,14,7.219750001429291e-05,0.9999278024989856,3.9495587977296206e-20,0.0,0.0,0.0,0.0,False
2022-01-14,calm_bull,0.9908143560061391,0.04753727879423239,1.0,False,15,0.009185643992860818,0.9908143560061391,6.841229750441339e-19,0.0,0.0,0.0,0.0,False
2022-01-18,calm_bull,0.999999999998411,5.1748004287865755e-11,0.9,False,16,0.999999999998411,5.888630569396743e-13,1.6619870561416062e-17,0.0,0.0,0.0,0.0,False
2022-01-19,calm_bull,0.9999999999989999,5.1211998730368925e-11,0.9,False,17,0.9999999999989999,3.0284085565702915e-25,2.00094583691624e-18,0.0,0.0,0.0,0.0,False
2022-01-20,crisis,0.9999999999989999,5.1211998730368925e-11,0.36,True,1,0.9999999999989999,7.002032272740863e-38,1.4192060081780644e-17,0.0,0.0,0.0,0.0,False
2022-01-21,crisis,0.9999999999989999,5.1211998730368925e-11,0.36,False,2,0.9999999999989999,3.1892401552004686e-63,8.012769076424886e-17,0.0,0.0,0.0,0.0,False
2022-01-24,crisis,0.9999999999989995,5.121240295778785e-11,0.36,False,3,0.9999999999989995,1.5510736597290565e-62,4.439912352200531e-16,0.0,0.0,0.0,0.0,False
2022-01-25,crisis,0.9999999999989992,5.121260507149731e-11,0.36,False,4,0.9999999999989992,2.800872488356839e-76,6.926283138725135e-16,0.0,0.0,0.0,0.0,False
2022-01-26,crisis,0.9999999999989984,5.121341352633517e-11,0.36,False,5,0.9999999999989984,1.4878729782114725e-81,1.6288983308392717e-15,0.0,0.0,0.0,0.0,False
2022-01-27,crisis,0.9999999999989995,5.121240295778785e-11,0.36,False,6,0.9999999999989995,1.717958016965677e-83,4.623408713037631e-16,0.0,0.0,0.0,0.0,False
2022-01-28,crisis,0.9999999999989999,5.1211998730368925e-11,0.36,False,7,0.9999999999989999,3.7004874627354366e-51,1.293967857940538e-17,0.0,0.0,0.0,0.0,False
2022-01-31,crisis,0.9999999999989997,5.121220084407839e-11,0.36,False,8,0.9999999999989997,5.299972138835661e-32,3.18971643325396e-16,0.0,0.0,0.0,0.0,False
2022-02-01,crisis,0.9999999999989999,5.1211998730368925e-11,0.36,False,9,0.0,0.0,0.9999999999989999,0.0,0.0,0.0,0.0,False
2022-02-02,crisis,0.9999999999989975,5.121422198117302e-11,0.36,False,10,0.9999999999989975,2.8346015528101194e-19,2.3836247899754007e-15,0.0,0.0,0.0,0.0,False
2022-02-03,crisis,0.9999999999989999,5.1211998730368925e-11,0.36,False,11,0.9999999999989999,3.9010171594152463e-44,2.301915206856929e-17,0.0,0.0,0.0,0.0,False
2022-02-04,crisis,0.9999999999989999,5.1211998730368925e-11,0.36,False,12,0.9999999999989999,1.8434346845510828e-33,1.0924294052366983e-18,0.0,0.0,0.0,0.0,False
2022-02-07,crisis,0.9999999999989999,5.1211998730368925e-11,0.36,False,13,0.9999999999989999,6.155666116029646e-35,3.7944100122102836e-19,0.0,0.0,0.0,0.0,False
2022-02-08,crisis,0.9999999999989999,5.1211998730368925e-11,0.36,False,14,0.9999999999989999,9.522449489832711e-27,3.712562550582849e-19,0.0,0.0,0.0,0.0,False
2022-02-09,crisis,0.9999999999989995,5.121240295778785e-11,0.36,False,15,0.9999999999989995,4.672084916862993e-16,1.1426263517652058e-18,0.0,0.0,0.0,0.0,False
2022-02-10,crisis,0.9999999999989999,5.1211998730368925e-11,0.36,False,16,0.9999999999989999,1.0463868524500192e-32,5.458679198725779e-19,0.0,0.0,0.0,0.0,False
2022-02-11,crisis,0.9999999999989999,5.1211998730368925e-11,0.36,False,17,0.9999999999989999,7.218161797344144e-59,2.1455104333403486e-17,0.0,0.0,0.0,0.0,False
2022-02-14,crisis,0.9999999999989999,5.1211998730368925e-11,0.36,False,18,0.9999999999989999,7.877321940989726e-62,4.830815294277775e-18,0.0,0.0,0.0,0.0,False
2022-02-15,crisis,0.9999999999989999,5.1211998730368925e-11,0.36,False,19,0.9999999999989999,4.0460913961333314e-45,3.885256367970468e-18,0.0,0.0,0.0,0.0,False
2022-02-16,crisis,0.9999999999989999,5.1211998730368925e-11,0.36,False,20,0.9999999999989999,1.52365696122192e-39,1.202224358818659e-18,0.0,0.0,0.0,0.0,False
2022-02-17,crisis,0.9999999999989999,5.1211998730368925e-11,0.36,False,21,0.9999999999989999,8.865147156912333e-66,7.835599393144117e-18,0.0,0.0,0.0,0.0,False
2022-02-18,crisis,0.9999999999989999,5.1211998730368925e-11,0.36,False,22,0.9999999999989999,1.8639243345921352e-69,6.1842898715588805e-18,0.0,0.0,0.0,0.0,False
2022-02-22,crisis,0.9999999999989999,5.1211998730368925e-11,0.36,False,23,0.9999999999989999,1.0760958673444464e-81,6.089358370128776e-18,0.0,0.0,0.0,0.0,False
2022-02-23,crisis,0.9999999999989997,5.121220084407839e-11,0.36,False,24,0.9999999999989997,5.224063950100545e-114,1.1754184955386644e-16,0.0,0.0,0.0,0.0,False
2022-02-24,crisis,0.9999999999989999,5.1211998730368925e-11,0.36,False,25,0.9999999999989999,1.4719077639513475e-92,4.523278255907708e-17,0.0,0.0,0.0,0.0,False
2022-02-25,crisis,0.9999999999989999,5.1211998730368925e-11,0.36,False,26,0.9999999999989999,1.3172622322965773e-61,4.376280396284354e-17,0.0,0.0,0.0,0.0,False
2022-02-28,crisis,0.9999999999989906,5.1220487506166385e-11,0.36,False,27,0.9999999999989906,4.702790674533115e-64,9.407480735255205e-15,0.0,0.0,0.0,0.0,False
2022-03-01,crisis,0.9999999999989999,5.1211998730368925e-11,0.36,False,28,0.0,0.0,0.9999999999989999,0.0,0.0,0.0,0.0,False
2022-03-02,crisis,0.9999999999989588,5.124938976661965e-11,0.36,False,29,0.9999999999989588,2.4607297163698753e-63,4.1057091962810904e-14,0.0,0.0,0.0,0.0,False
2022-03-03,crisis,0.9999999999989997,5.121220084407839e-11,0.36,False,30,0.9999999999989997,1.5296244198542964e-69,1.22007381670251e-16,0.0,0.0,0.0,0.0,False
2022-03-04,crisis,0.9999999999989995,5.121240295778785e-11,0.36,False,31,0.9999999999989995,1.1949985060316152e-80,5.147631604026019e-16,0.0,0.0,0.0,0.0,False
2022-03-07,crisis,0.9999999999987319,5.1455949977691234e-11,0.36,False,32,0.9999999999987319,3.751533500414596e-130,2.679472486645076e-13,0.0,0.0,0.0,0.0,False
2022-03-08,crisis,0.9999999999986677,5.151436083972615e-11,0.36,False,33,0.9999999999986677,1.8567752765323723e-140,3.321725007582765e-13,0.0,0.0,0.0,0.0,False
2022-03-09,crisis,0.9999999999989491,5.125828276983605e-11,0.36,False,34,0.9999999999989491,1.2630392584536488e-102,5.094781213041633e-14,0.0,0.0,0.0,0.0,False
2022-03-10,crisis,0.9999999999989813,5.1228976281963845e-11,0.36,False,35,0.9999999999989813,1.575577133007062e-107,1.8584844847526304e-14,0.0,0.0,0.0,0.0,False
2022-03-11,crisis,0.9999999999989582,5.1249996107748044e-11,0.36,False,36,0.9999999999989582,5.07656147843996e-128,4.1638539716970387e-14,0.0,0.0,0.0,0.0,False
2022-03-14,crisis,0.9999999999989977,5.121401986746356e-11,0.36,False,37,0.9999999999989977,8.384704361306984e-131,2.1594324137408096e-15,0.0,0.0,0.0,0.0,False
2022-03-15,crisis,0.9999999999989997,5.121220084407839e-11,0.36,False,38,0.9999999999989997,2.3969253057864786e-96,2.0713876264757132e-16,0.0,0.0,0.0,0.0,False
2022-03-16,crisis,0.9999999999989997,5.121220084407839e-11,0.36,False,39,0.9999999999989997,3.913116946038557e-68,2.515879218063305e-16,0.0,0.0,0.0,0.0,False
2022-03-17,crisis,0.9999999999989995,5.121240295778785e-11,0.36,False,40,0.9999999999989995,2.714741106855651e-54,3.5642931515428895e-16,0.0,0.0,0.0,0.0,False
2022-03-18,crisis,0.9999999999989992,5.121260507149731e-11,0.36,False,41,0.9999999999989992,2.938100011339865e-46,7.559192252575163e-16,0.0,0.0,0.0,0.0,False
2022-03-21,crisis,0.9999999999989995,5.121240295778785e-11,0.36,False,42,0.9999999999989995,1.6751416861279224e-43,5.504733366119152e-16,0.0,0.0,0.0,0.0,False
2022-03-22,crisis,0.9999999999989992,5.121260507149731e-11,0.36,False,43,0.9999999999989992,2.042048964562573e-33,6.166321384353452e-16,0.0,0.0,0.0,0.0,False
2022-03-23,crisis,0.9999999999989999,5.1211998730368925e-11,0.36,False,44,0.9999999999989999,2.991493280409582e-41,2.24908638131803e-17,0.0,0.0,0.0,0.0,False
2022-03-24,crisis,0.9999999999989997,5.121220084407839e-11,0.36,False,45,0.9999999999989997,4.610806066442218e-28,1.210813548210883e-16,0.0,0.0,0.0,0.0,False
2022-03-25,crisis,0.9999999999989999,5.1211998730368925e-11,0.36,False,46,0.9999999999989999,2.399027720599597e-24,6.789147533379574e-17,0.0,0.0,0.0,0.0,False
2022-03-28,crisis,0.9999999999989999,5.1211998730368925e-11,0.36,False,47,0.9999999999989999,1.0760188820893026e-18,4.042161165861171e-17,0.0,0.0,0.0,0.0,False
2022-03-29,crisis,0.999999999998967,5.12419115593695e-11,0.36,False,48,0.999999999998967,3.215309199206643e-14,5.582740226664083e-16,0.0,0.0,0.0,0.0,False
2022-03-30,crisis,0.999999999998997,5.121462620859194e-11,0.36,False,49,0.999999999998997,2.347535894403209e-15,4.935053157848503e-16,0.0,0.0,0.0,0.0,False
2022-03-31,crisis,0.9999999999989988,5.1213009298916244e-11,0.36,False,50,0.9999999999989988,1.0599469800158928e-21,1.1652213974798197e-15,0.0,0.0,0.0,0.0,False
2022-04-01,stressed,0.9999999999989999,5.1211998730368925e-11,1.0,True,1,0.0,0.0,0.9999999999989999,0.0,0.0,0.0,0.0,False
2022-04-04,stressed,0.9999999999989917,5.1219476937619066e-11,1.0,False,2,0.9999999999989917,4.116801749186337e-15,4.060307716941936e-15,0.0,0.0,0.0,0.0,False
2022-04-05,stressed,0.9999999999989999,5.1211998730368925e-11,0.585,False,3,0.9999999999989999,8.497809898805556e-20,1.0943310449046056e-17,0.0,0.0,0.0,0.0,False
2022-04-06,crisis,0.9999999999989999,5.1211998730368925e-11,0.36,True,1,0.9999999999989999,2.658446565038814e-26,3.042010275790152e-18,0.0,0.0,0.0,0.0,False
2022-04-07,crisis,0.9999999999989999,5.1211998730368925e-11,0.36,False,2,0.9999999999989999,5.128865990658632e-19,9.46030686833518e-19,0.0,0.0,0.0,0.0,False
2022-04-08,crisis,0.9999999999989999,5.1211998730368925e-11,0.36,False,3,0.9999999999989999,7.042559242735935e-21,6.493904125563439e-19,0.0,0.0,0.0,0.0,False
2022-04-11,crisis,0.9999999999989999,5.1211998730368925e-11,0.36,False,4,0.9999999999989999,1.0993449472321444e-39,9.834838149381872e-19,0.0,0.0,0.0,0.0,False
2022-04-12,crisis,0.9999999999989999,5.1211998730368925e-11,0.36,False,5,0.9999999999989999,8.463000740277278e-42,1.2026794742048082e-18,0.0,0.0,0.0,0.0,False
2022-04-13,crisis,0.9999999999989999,5.1211998730368925e-11,0.36,False,6,0.9999999999989999,1.8875362772619996e-24,1.3067641175381235e-18,0.0,0.0,0.0,0.0,False
2022-04-14,crisis,0.9999999999989999,5.1211998730368925e-11,0.36,False,7,0.9999999999989999,4.3084275098704697e-36,4.384287630029983e-19,0.0,0.0,0.0,0.0,False
2022-04-18,crisis,0.9999999999989999,5.1211998730368925e-11,0.36,False,8,0.9999999999989999,3.968934359804534e-34,3.256154655195331e-19,0.0,0.0,0.0,0.0,False
2022-04-19,crisis,0.9999999999989999,5.1211998730368925e-11,0.36,False,9,0.9999999999989999,2.4823843246184426e-21,6.406297417994598e-19,0.0,0.0,0.0,0.0,False
2022-04-20,crisis,0.9999999999989999,5.1211998730368925e-11,0.36,False,10,0.9999999999989999,8.787560467449516e-20,9.838806420072447e-19,0.0,0.0,0.0,0.0,False
2022-04-21,crisis,0.9999999999989999,5.1211998730368925e-11,0.36,False,11,0.9999999999989999,1.0638161931156866e-33,9.881967733735447e-20,0.0,0.0,0.0,0.0,False
2022-04-22,crisis,0.9999999999989999,5.1211998730368925e-11,0.36,False,12,0.9999999999989999,8.815912201664363e-72,4.243337142190052e-19,0.0,0.0,0.0,0.0,False
2022-04-25,crisis,0.9999999999989999,5.1211998730368925e-11,0.36,False,13,0.9999999999989999,3.059263102361814e-65,3.0446454286991755e-19,0.0,0.0,0.0,0.0,False
2022-04-26,crisis,0.9999999999989986,5.1213211412625706e-11,0.36,False,14,0.9999999999989986,2.3808933775481167e-121,1.4327459206025122e-15,0.0,0.0,0.0,0.0,False
2022-04-27,crisis,0.9999999999989992,5.121260507149731e-11,0.36,False,15,0.9999999999989992,4.6501138322209955e-116,6.417422835707073e-16,0.0,0.0,0.0,0.0,False
2022-04-28,crisis,0.9999999999989999,5.1211998730368925e-11,0.36,False,16,0.9999999999989999,6.092399204822631e-83,7.295830319367473e-17,0.0,0.0,0.0,0.0,False
2022-04-29,crisis,0.9999999999988252,5.137106221971662e-11,0.36,False,17,0.9999999999988252,3.8922777773168536e-146,1.7478517189151268e-13,0.0,0.0,0.0,0.0,False
2022-05-02,crisis,0.9999999999989762,5.1233624897281506e-11,0.36,False,18,0.9999999999989762,4.356642769899871e-134,2.3669950783524982e-14,0.0,0.0,0.0,0.0,False
2022-05-03,crisis,0.9999999999989995,5.121240295778785e-11,0.36,False,19,0.9999999999989995,3.4322795905267867e-119,5.542724537768905e-16,0.0,0.0,0.0,0.0,False
2022-05-04,crisis,0.9999999999989979,5.1213817753754093e-11,0.36,False,20,0.9999999999989979,1.468837420846148e-82,2.082972520664941e-15,0.0,0.0,0.0,0.0,False
2022-05-05,crisis,0.9999999999937191,1.556865745251748e-10,0.36,False,21,0.9999999999937191,2.0182180983933342e-143,5.280842568666382e-12,0.0,0.0,0.0,0.0,False
2022-05-06,crisis,0.9999999999988927,5.130961965203975e-11,0.36,False,22,0.9999999999988927,6.165511836863006e-144,1.0728746616358684e-13,0.0,0.0,0.0,0.0,False
2022-05-09,crisis,0.9999999876717566,2.1559280261025435e-07,0.36,False,23,0.9999999876717566,3.431069538934814e-213,1.2327243423370144e-08,0.0,0.0,0.0,0.0,False
2022-05-10,crisis,0.9999999956734797,7.97899237755146e-08,0.36,False,24,0.9999999956734797,7.270768083855547e-208,4.325520147679811e-09,0.0,0.0,0.0,0.0,False
2022-05-11,crisis,0.9999999950340666,9.095782907769168e-08,0.36,False,25,0.9999999950340666,1.7069424484844676e-234,4.964933307022338e-09,0.0,0.0,0.0,0.0,False
2022-05-12,crisis,0.9999999997735374,4.789918500357683e-09,0.36,False,26,0.9999999997735374,2.980223774234775e-227,2.2546255149214317e-10,0.0,0.0,0.0,0.0,False
2022-05-13,crisis,0.9999999999752043,5.77549668237672e-10,0.36,False,27,0.9999999999752043,2.6658589773586764e-184,2.3795594256068083e-11,0.0,0.0,0.0,0.0,False
2022-05-16,crisis,0.9999999999968141,8.147002929222465e-11,0.36,False,28,0.9999999999968141,5.575802376199751e-184,2.185816569302171e-12,0.0,0.0,0.0,0.0,False
2022-05-17,crisis,0.9999999999975455,6.346889985547676e-11,0.36,False,29,0.9999999999975455,1.6272941061279727e-152,1.45441762408073e-12,0.0,0.0,0.0,0.0,False
2022-05-18,crisis,0.9999989584519133,1.4007381538122783e-05,0.4,False,30,0.9999989584519133,5.140694206068197e-242,1.04154708654427e-06,0.0,0.0,0.0,0.0,False
2022-05-19,crisis,0.999999413278263,8.197103772153435e-06,0.4,False,31,0.999999413278263,1.003186326410798e-251,5.867207369194971e-07,0.0,0.0,0.0,0.0,False
2022-05-20,crisis,0.9999999612008891,6.37997960891338e-07,0.36,False,32,0.9999999612008891,1.0288641656098396e-245,3.8798110777334725e-08,0.0,0.0,0.0,0.0,False
2022-05-23,crisis,0.9999999990206383,1.939104756338383e-08,0.36,False,33,0.9999999990206383,2.2028518434838405e-204,9.783616159844545e-10,0.0,0.0,0.0,0.0,False
2022-05-24,crisis,0.9999999953798554,8.492830439571515e-08,0.36,False,34,0.9999999953798554,1.83038245207599e-218,4.619144648711148e-09,0.0,0.0,0.0,0.0,False
2022-05-25,crisis,0.9999999999826219,4.112088800774286e-10,0.36,False,35,0.9999999999826219,8.812665193858365e-187,1.6378043356880655e-11,0.0,0.0,0.0,0.0,False
2022-05-26,crisis,0.9999999999787549,4.982404205679443e-10,0.36,False,36,0.9999999999787549,2.322810512712994e-156,2.0245083933707962e-11,0.0,0.0,0.0,0.0,False
2022-05-27,crisis,0.9999999999826428,4.1073455714495306e-10,0.36,False,37,0.9999999999826428,7.868960849465125e-123,1.6357057005305914e-11,0.0,0.0,0.0,0.0,False
2022-05-31,crisis,0.9999999999706219,6.792047779052571e-10,0.36,False,38,0.9999999999706219,2.897447050273036e-119,2.837810140800834e-11,0.0,0.0,0.0,0.0,False
2022-06-01,crisis,0.9999999999989999,5.1211998730368925e-11,0.36,False,39,0.0,0.0,0.9999999999989999,0.0,0.0,0.0,0.0,False
2022-06-02,crisis,0.9999999999728327,6.302531780295227e-10,0.36,False,40,0.9999999999728327,2.9770785209189553e-107,2.6167291637700723e-11,0.0,0.0,0.0,0.0,False
2022-06-03,crisis,0.9999999999989395,5.126697365934297e-11,0.36,False,41,0.9999999999989395,8.341222438354788e-132,6.030051154150372e-14,0.0,0.0,0.0,0.0,False
2022-06-06,crisis,0.999999999998999,5.1212807185206775e-11,0.36,False,42,0.999999999998999,4.5053022968955815e-116,9.199197505286828e-16,0.0,0.0,0.0,0.0,False
2022-06-07,crisis,0.9999999999989975,5.121422198117302e-11,0.36,False,43,0.9999999999989975,8.664298705389026e-102,2.3831111335245268e-15,0.0,0.0,0.0,0.0,False
2022-06-08,crisis,0.9999999999989997,5.121220084407839e-11,0.36,False,44,0.9999999999989997,8.68145677800721e-112,3.161268562677458e-16,0.0,0.0,0.0,0.0,False
2022-06-09,crisis,0.9999999999989981,5.121361564004463e-11,0.36,False,45,0.9999999999989981,2.178545516574233e-156,1.8142790539335272e-15,0.0,0.0,0.0,0.0,False
2022-06-10,crisis,0.9999999999989639,5.1244741151301996e-11,0.36,False,46,0.9999999999989639,3.3890912289315464e-215,3.605577274376823e-14,0.0,0.0,0.0,0.0,False
2022-06-13,crisis,0.9999999942000863,1.0541243291276499e-07,0.36,False,47,0.9999999942000863,1.03378793e-315,5.798913672363191e-09,0.0,0.0,0.0,0.0,False
2022-06-14,crisis,0.9999999982805794,3.3158172699620435e-08,0.36,False,48,0.9999999982805794,7.757e-321,1.7184206008950406e-09,0.0,0.0,0.0,0.0,False
2022-06-15,crisis,0.999999999849836,3.233875757685929e-09,0.36,False,49,0.999999999849836,2.6039363924525487e-286,1.4916398784927974e-10,0.0,0.0,0.0,0.0,False
2022-06-16,crisis,0.9999339377123053,0.0006389004300438888,0.4,False,50,0.9999339377123053,0.0,6.606228669459773e-05,0.0,0.0,0.0,0.0,False
2022-06-17,crisis,0.9999999348152087,1.041083400086552e-06,0.4,False,51,0.9999999348152087,0.0,6.518379134866366e-08,0.0,0.0,0.0,0.0,False
2022-06-21,crisis,0.9999999994121412,1.1914940203079627e-08,0.36,False,52,0.9999999994121412,6.188113970164792e-298,5.868588138765415e-10,0.0,0.0,0.0,0.0,False
2022-06-22,crisis,0.9999999986381609,2.6552791899472746e-08,0.36,False,53,0.9999999986381609,2.248449961964802e-300,1.3608390744187137e-09,0.0,0.0,0.0,0.0,False
2022-06-23,crisis,0.9999999997057616,6.151817546828455e-09,0.36,False,54,0.9999999997057616,6.684156326427485e-276,2.932383868379976e-10,0.0,0.0,0.0,0.0,False
2022-06-24,crisis,0.999999999985161,3.5362026100584944e-10,0.36,False,55,0.999999999985161,2.3903657275052187e-213,1.3838902794528363e-11,0.0,0.0,0.0,0.0,False
2022-06-27,crisis,0.9999999999927841,1.7771602131158837e-10,0.36,False,56,0.9999999999927841,1.4454564715166577e-220,6.2158823173908295e-12,0.0,0.0,0.0,0.0,False
2022-06-28,crisis,0.9999999998938296,2.321234562484307e-09,0.36,False,57,0.9999999998938296,1.2417140192729693e-264,1.0517036609615276e-10,0.0,0.0,0.0,0.0,False
2022-06-29,crisis,0.9999999997136941,5.993227363906788e-09,0.36,False,58,0.9999999997136941,4.096265388818108e-260,2.8530578422420226e-10,0.0,0.0,0.0,0.0,False
2022-06-30,crisis,0.9999999559361773,7.194640943182845e-07,0.36,False,59,0.9999999559361773,3.004461834196162e-271,4.4062822612981576e-08,0.0,0.0,0.0,0.0,False
2022-07-01,crisis,0.9999999999989999,5.1211998730368925e-11,0.36,False,60,0.0,0.0,0.9999999999989999,0.0,0.0,0.0,0.0,False
2022-07-05,crisis,0.9999999883142147,2.04927405786463e-07,0.36,False,61,0.9999999883142147,1.574511373403098e-240,1.1684785341110365e-08,0.0,0.0,0.0,0.0,False
2022-07-06,crisis,0.9999999999812843,4.413980477342614e-10,0.36,False,62,0.9999999999812843,3.4166138004940637e-218,1.7715642665219255e-11,0.0,0.0,0.0,0.0,False
2022-07-07,crisis,0.9999999999984404,5.1721325278216595e-11,0.36,False,63,0.9999999999984404,5.560730652668714e-175,5.596202807765913e-13,0.0,0.0,0.0,0.0,False
2022-07-08,crisis,0.9999999999985867,5.1588132343680265e-11,0.36,False,64,0.9999999999985867,8.321112844262915e-176,4.13182384843386e-13,0.0,0.0,0.0,0.0,False
2022-07-11,crisis,0.9999999999985238,5.164533052345839e-11,0.36,False,65,0.9999999999985238,2.0572775526713134e-194,4.760001568435958e-13,0.0,0.0,0.0,0.0,False
2022-07-12,crisis,0.9999999999987244,5.146282184381299e-11,0.36,False,66,0.9999999999987244,5.37902842868739e-203,2.756393581911973e-13,0.0,0.0,0.0,0.0,False
2022-07-13,crisis,0.9999999999989124,5.1291631531897506e-11,0.36,False,67,0.9999999999989124,6.958194057492162e-207,8.743782868186625e-14,0.0,0.0,0.0,0.0,False
2022-07-14,crisis,0.9999999999988973,5.1305375264141014e-11,0.36,False,68,0.9999999999988973,8.49229634815405e-204,1.0260612350845101e-13,0.0,0.0,0.0,0.0,False
2022-07-15,crisis,0.9999999999989897,5.122129596100424e-11,0.36,False,69,0.9999999999989897,1.4506809546049701e-158,1.0323228904333574e-14,0.0,0.0,0.0,0.0,False
2022-07-18,crisis,0.9999999999989913,5.121988116503799e-11,0.36,False,70,0.9999999999989913,3.2104018926394523e-173,8.730788883027774e-15,0.0,0.0,0.0,0.0,False
2022-07-19,crisis,0.999999999998985,5.122554034890298e-11,0.36,False,71,0.999999999998985,1.7957123123649383e-122,1.4937432298732773e-14,0.0,0.0,0.0,0.0,False
2022-07-20,crisis,0.9999999999989726,5.1236858716632923e-11,0.36,False,72,0.9999999999989726,2.204798916090438e-113,2.732365919696207e-14,0.0,0.0,0.0,0.0,False
2022-07-21,crisis,0.9999999999989795,5.123059319163955e-11,0.36,False,73,0.9999999999989795,1.0728750759342843e-89,2.044662209022069e-14,0.0,0.0,0.0,0.0,False
2022-07-22,crisis,0.9999999999989946,5.121684945939604e-11,0.36,False,74,0.9999999999989946,1.8134268279552928e-89,5.382570073638394e-15,0.0,0.0,0.0,0.0,False
2022-07-25,crisis,0.9999999999989984,5.121341352633517e-11,0.36,False,75,0.9999999999989984,8.311092082606714e-87,1.530659619632262e-15,0.0,0.0,0.0,0.0,False
2022-07-26,crisis,0.9999999999989997,5.121220084407839e-11,0.36,False,76,0.9999999999989997,1.1168847042301514e-99,2.0500884607085288e-16,0.0,0.0,0.0,0.0,False
2022-07-27,crisis,0.9999999999989997,5.121220084407839e-11,0.36,False,77,0.9999999999989997,1.271510739404924e-69,2.4426773097123395e-16,0.0,0.0,0.0,0.0,False
2022-07-28,crisis,0.9999999999989977,5.121401986746356e-11,0.36,False,78,0.9999999999989977,1.832075092623884e-55,2.2272566541148346e-15,0.0,0.0,0.0,0.0,False
2022-07-29,crisis,0.9999999999967313,8.349420004185926e-11,0.36,False,79,0.9999999999967313,1.1370202212719171e-43,2.2687020038806873e-12,0.0,0.0,0.0,0.0,False
2022-08-01,stressed,0.9999999999989999,5.1211998730368925e-11,0.585,True,1,0.0,0.0,0.9999999999989999,0.0,0.0,0.0,0.0,False
2022-08-02,stressed,0.9999999999987628,5.1427856172075824e-11,0.585,False,2,0.9999999999987628,3.5970290025045098e-50,2.371170954486874e-13,0.0,0.0,0.0,0.0,False
2022-08-03,stressed,0.9999999999989955,5.121604100455819e-11,0.585,False,3,0.9999999999989955,2.9144111833690383e-38,4.538079719550262e-15,0.0,0.0,0.0,0.0,False
2022-08-04,crisis,0.9999999999989979,5.1213817753754093e-11,0.36,True,1,0.9999999999989979,3.48432912124821e-35,2.0622392430203187e-15,0.0,0.0,0.0,0.0,False
2022-08-05,crisis,0.9999999999989997,5.121220084407839e-11,0.36,False,2,0.9999999999989997,1.5004365081832653e-33,3.101664300446568e-16,0.0,0.0,0.0,0.0,False
2022-08-08,crisis,0.999999999998999,5.1212807185206775e-11,0.36,False,3,0.999999999998999,4.880276068558783e-34,9.662724300753257e-16,0.0,0.0,0.0,0.0,False
2022-08-09,crisis,0.9999999999989995,5.121240295778785e-11,0.36,False,4,0.9999999999989995,1.8316163042895003e-35,5.00870095127577e-16,0.0,0.0,0.0,0.0,False
2022-08-10,crisis,0.9999999999989886,5.122230652955156e-11,0.36,False,5,0.9999999999989886,2.7801087998845185e-27,1.143326373451506e-14,0.0,0.0,0.0,0.0,False
2022-08-11,crisis,0.9999999999989821,5.1228167827125995e-11,0.36,False,6,0.9999999999989821,2.347467708492226e-28,1.7718578331102106e-14,0.0,0.0,0.0,0.0,False
2022-08-12,crisis,0.999999999998558,5.161420501220104e-11,0.36,False,7,0.999999999998558,2.7770804955640046e-24,4.418199274312111e-13,0.0,0.0,0.0,0.0,False
2022-08-15,crisis,0.9999999999988369,5.136035019311506e-11,0.36,False,8,0.9999999999988369,6.786935724626521e-21,1.6292374866826796e-13,0.0,0.0,0.0,0.0,False
2022-08-16,crisis,0.9999999999982034,5.193698060621392e-11,0.36,False,9,0.9999999999982034,2.0117026303490208e-20,7.964735179728966e-13,0.0,0.0,0.0,0.0,False
2022-08-17,crisis,0.9999999999989886,5.122230652955156e-11,0.36,False,10,0.9999999999989886,8.87905560364174e-18,1.14268525334915e-14,0.0,0.0,0.0,0.0,False
2022-08-18,crisis,0.9999999999989797,5.123039107793009e-11,0.36,False,11,0.9999999999989797,1.787430301551719e-15,1.8434265176344714e-14,0.0,0.0,0.0,0.0,False
2022-08-19,crisis,0.9999999999989995,5.121240295778785e-11,0.36,False,12,0.9999999999989995,1.3644980226278977e-21,3.511952579587737e-16,0.0,0.0,0.0,0.0,False
2022-08-22,crisis,0.9999999999989999,5.1211998730368925e-11,0.36,False,13,0.9999999999989999,2.945076373833807e-41,2.1867662065777644e-17,0.0,0.0,0.0,0.0,False
2022-08-23,crisis,0.9999999999989999,5.1211998730368925e-11,0.36,False,14,0.9999999999989999,1.2138142081814057e-43,1.5839166290681022e-17,0.0,0.0,0.0,0.0,False
2022-08-24,crisis,0.9999999999989999,5.1211998730368925e-11,0.36,False,15,0.9999999999989999,2.2773406757917612e-39,1.5617475609859984e-17,0.0,0.0,0.0,0.0,False
2022-08-25,crisis,0.9999999999989999,5.1211998730368925e-11,0.36,False,16,0.9999999999989999,3.269684673449528e-27,1.8019070292847052e-17,0.0,0.0,0.0,0.0,False
2022-08-26,crisis,0.9999999999989999,5.1211998730368925e-11,0.36,False,17,0.9999999999989999,1.6041994163676174e-67,1.5035327586335557e-17,0.0,0.0,0.0,0.0,False
2022-08-29,crisis,0.9999999999989999,5.1211998730368925e-11,0.36,False,18,0.9999999999989999,1.921082157570266e-73,7.971752914161363e-18,0.0,0.0,0.0,0.0,False
2022-08-30,crisis,0.9999999999989999,5.1211998730368925e-11,0.36,False,19,0.9999999999989999,8.915330007661134e-89,1.027581476717401e-17,0.0,0.0,0.0,0.0,False
2022-08-31,crisis,0.9999999999989984,5.121341352633517e-11,0.36,False,20,0.9999999999989984,5.1403369972739534e-98,1.4688215161246478e-15,0.0,0.0,0.0,0.0,False
2022-09-01,crisis,0.9999999999989999,5.1211998730368925e-11,0.36,False,21,0.0,0.0,0.9999999999989999,0.0,0.0,0.0,0.0,False
2022-09-02,crisis,0.9999999999989979,5.1213817753754093e-11,0.36,False,22,0.9999999999989979,6.031391142919764e-104,2.0006157412684163e-15,0.0,0.0,0.0,0.0,False
2022-09-06,crisis,0.9999999999989999,5.1211998730368925e-11,0.36,False,23,0.9999999999989999,8.684597588524542e-112,1.1097021228819377e-17,0.0,0.0,0.0,0.0,False
2022-09-07,crisis,0.9999999999989999,5.1211998730368925e-11,0.36,False,24,0.9999999999989999,2.3225200345427537e-84,1.4085451352795511e-18,0.0,0.0,0.0,0.0,False
2022-09-08,crisis,0.9999999999989999,5.1211998730368925e-11,0.36,False,25,0.9999999999989999,1.9905054904870957e-74,1.375318137883506e-18,0.0,0.0,0.0,0.0,False
2022-09-09,crisis,0.9999999999989999,5.1211998730368925e-11,0.36,False,26,0.9999999999989999,1.8636364414155523e-57,2.5731987729723096e-18,0.0,0.0,0.0,0.0,False
2022-09-12,crisis,0.9999999999989999,5.1211998730368925e-11,0.36,False,27,0.9999999999989999,4.440348793777829e-47,1.3703705561994976e-17,0.0,0.0,0.0,0.0,False
2022-09-13,crisis,0.9999999999989977,5.121401986746356e-11,0.36,False,28,0.9999999999989977,5.127704876034138e-117,2.3027663675993152e-15,0.0,0.0,0.0,0.0,False
2022-09-14,crisis,0.9999999999989995,5.121240295778785e-11,0.36,False,29,0.9999999999989995,2.3812081544408e-109,3.48032388806081e-16,0.0,0.0,0.0,0.0,False
2022-09-15,crisis,0.9999999999989992,5.121260507149731e-11,0.36,False,30,0.9999999999989992,1.6902202711580438e-127,5.853332370418409e-16,0.0,0.0,0.0,0.0,False
2022-09-16,crisis,0.9999999999989992,5.121260507149731e-11,0.36,False,31,0.9999999999989992,1.1499398903581214e-146,5.842310279147109e-16,0.0,0.0,0.0,0.0,False
2022-09-19,crisis,0.9999999999989997,5.121220084407839e-11,0.36,False,32,0.9999999999989997,1.3874004938277406e-133,1.689307087773e-16,0.0,0.0,0.0,0.0,False
2022-09-20,crisis,0.9999999999989999,5.1211998730368925e-11,0.36,False,33,0.9999999999989999,8.331044470182647e-144,5.640982925084427e-17,0.0,0.0,0.0,0.0,False
2022-09-21,crisis,0.9999999999989997,5.121220084407839e-11,0.36,False,34,0.9999999999989997,3.2027864858240996e-174,2.818821248483218e-16,0.0,0.0,0.0,0.0,False
2022-09-22,crisis,0.9999999999989988,5.1213009298916244e-11,0.36,False,35,0.9999999999989988,2.251751169664534e-189,1.1372174218138472e-15,0.0,0.0,0.0,0.0,False
2022-09-23,crisis,0.9999999999989337,5.127222861578902e-11,0.36,False,36,0.9999999999989337,9.246232565277475e-227,6.625443268697008e-14,0.0,0.0,0.0,0.0,False
2022-09-26,crisis,0.9999999999860997,3.322301022697593e-10,0.36,False,37,0.9999999999860997,1.7380607243414272e-251,1.2900364981704701e-11,0.0,0.0,0.0,0.0,False
2022-09-27,crisis,0.9999999999985705,5.160288664447109e-11,0.36,False,38,0.9999999999985705,6.7539131593266496e-248,4.29376761885437e-13,0.0,0.0,0.0,0.0,False
2022-09-28,crisis,0.9999999999989984,5.121341352633517e-11,0.36,False,39,0.9999999999989984,3.844265637444047e-200,1.5956418893282677e-15,0.0,0.0,0.0,0.0,False
2022-09-29,crisis,0.9999999999989315,5.127424975288365e-11,0.36,False,40,0.9999999999989315,4.718066784839452e-242,6.843259130515433e-14,0.0,0.0,0.0,0.0,False
2022-09-30,crisis,0.9999999999985374,5.163300158718113e-11,0.36,False,41,0.9999999999985374,1.404273789983747e-274,4.624436741443988e-13,0.0,0.0,0.0,0.0,False
2022-10-03,crisis,0.9999999999989515,5.125605951903195e-11,0.36,False,42,0.9999999999989515,4.3684139108731986e-221,4.8314326069364554e-14,0.0,0.0,0.0,0.0,False
2022-10-04,crisis,0.9999999999989531,5.12546447230657e-11,0.36,False,43,0.9999999999989531,8.557501838154946e-159,4.681654743992537e-14,0.0,0.0,0.0,0.0,False
2022-10-05,crisis,0.9999999999989879,5.1222912870679947e-11,0.36,False,44,0.9999999999989879,2.1615992807013328e-156,1.191490072490882e-14,0.0,0.0,0.0,0.0,False
2022-10-06,crisis,0.9999999999989893,5.1221700188423166e-11,0.36,False,45,0.9999999999989893,6.598206387335979e-174,1.0584561495411796e-14,0.0,0.0,0.0,0.0,False
2022-10-07,crisis,0.9999999999936989,1.561641046552473e-10,0.36,False,46,0.9999999999936989,1.3698492395468864e-232,5.301047411760166e-12,0.0,0.0,0.0,0.0,False
2022-10-10,crisis,0.9999999999872008,3.070553876482503e-10,0.36,False,47,0.9999999999872008,2.358344468137566e-241,1.1799260033334656e-11,0.0,0.0,0.0,0.0,False
2022-10-11,crisis,0.9999999999962015,9.636802995819128e-11,0.36,False,48,0.9999999999962015,4.421162914442131e-254,2.798345383835682e-12,0.0,0.0,0.0,0.0,False
2022-10-12,crisis,0.9999999999989175,5.1286982916579845e-11,0.36,False,49,0.9999999999989175,5.256955744053176e-249,8.239171044972744e-14,0.0,0.0,0.0,0.0,False
2022-10-13,crisis,0.9999999999989972,5.121442409488248e-11,0.36,False,50,0.9999999999989972,8.371722064437607e-197,2.7556915344191693e-15,0.0,0.0,0.0,0.0,False
2022-10-14,crisis,0.9999999999989175,5.1286982916579845e-11,0.36,False,51,0.9999999999989175,2.36737558112326e-244,8.230971691567774e-14,0.0,0.0,0.0,0.0,False
2022-10-17,crisis,0.9999999999989246,5.128051527787702e-11,0.36,False,52,0.9999999999989246,2.034377384244826e-196,7.535226660032783e-14,0.0,0.0,0.0,0.0,False
2022-10-18,crisis,0.9999999999989646,5.12441348101736e-11,0.36,False,53,0.9999999999989646,6.56349608204601e-175,3.5208421216359835e-14,0.0,0.0,0.0,0.0,False
2022-10-19,crisis,0.9999999999989451,5.1261920816606384e-11,0.36,False,54,0.9999999999989451,4.16360188321691e-177,5.477858468354266e-14,0.0,0.0,0.0,0.0,False
2022-10-20,crisis,0.9999999999989848,5.122574246261244e-11,0.36,False,55,0.9999999999989848,2.7886553975455097e-175,1.519616919451027e-14,0.0,0.0,0.0,0.0,False
2022-10-21,crisis,0.9999999999989599,5.124837919807234e-11,0.36,False,56,0.9999999999989599,4.863843262094676e-137,3.9922230921246676e-14,0.0,0.0,0.0,0.0,False
2022-10-24,crisis,0.9999999999989784,5.123160376018687e-11,0.36,False,57,0.9999999999989784,6.410113048058352e-116,2.154492449293265e-14,0.0,0.0,0.0,0.0,False
2022-10-25,crisis,0.999999999998977,5.1232816442443656e-11,0.36,False,58,0.999999999998977,1.6934861945323446e-95,2.2946605641883543e-14,0.0,0.0,0.0,0.0,False
2022-10-26,crisis,0.9999999999989935,5.1217860027943354e-11,0.36,False,59,0.9999999999989935,3.683508641222411e-102,6.3513457034908895e-15,0.0,0.0,0.0,0.0,False
2022-10-27,crisis,0.9999999999989961,5.12154346634298e-11,0.36,False,60,0.9999999999989961,2.1121901107769294e-107,3.841050357225432e-15,0.0,0.0,0.0,0.0,False
2022-10-28,crisis,0.9999999999989735,5.1236050261795074e-11,0.36,False,61,0.9999999999989735,8.051909120437535e-79,2.6437869907443247e-14,0.0,0.0,0.0,0.0,False
2022-10-31,crisis,0.9999999999987501,5.143937665351524e-11,0.36,False,62,0.9999999999987501,7.520680865138248e-82,2.497419825348293e-13,0.0,0.0,0.0,0.0,False
2022-11-01,crisis,0.9999999999989999,5.1211998730368925e-11,0.36,False,63,0.0,0.0,0.9999999999989999,0.0,0.0,0.0,0.0,False
2022-11-02,crisis,0.9999999999989948,5.121664734568658e-11,0.36,False,64,0.9999999999989948,6.689472530489274e-120,5.199116219738322e-15,0.0,0.0,0.0,0.0,False
2022-11-03,crisis,0.9999999999989997,5.121220084407839e-11,0.36,False,65,0.9999999999989997,1.7144453005132136e-136,1.7646013584008254e-16,0.0,0.0,0.0,0.0,False
2022-11-04,crisis,0.9999999999989995,5.121240295778785e-11,0.36,False,66,0.9999999999989995,1.864059368767141e-114,4.482283569460097e-16,0.0,0.0,0.0,0.0,False
2022-11-07,crisis,0.999999999998999,5.1212807185206775e-11,0.36,False,67,0.999999999998999,2.2687819112730864e-97,9.802028219199341e-16,0.0,0.0,0.0,0.0,False
2022-11-08,crisis,0.9999999999989988,5.1213009298916244e-11,0.36,False,68,0.9999999999989988,1.6722375684395546e-90,1.035140654278959e-15,0.0,0.0,0.0,0.0,False
2022-11-09,crisis,0.9999999999989988,5.1213009298916244e-11,0.36,False,69,0.9999999999989988,7.233175433322645e-120,1.0387165654916008e-15,0.0,0.0,0.0,0.0,False
2022-11-10,crisis,0.9999999993259552,1.3576992116968653e-08,0.36,False,70,0.9999999993259552,3.867975738774511e-73,6.730448296120256e-10,0.0,0.0,0.0,0.0,False
2022-11-11,crisis,0.9999999991166499,1.757362111197846e-08,0.36,False,71,0.9999999991166499,4.35151661048205e-61,8.823500391939449e-10,0.0,0.0,0.0,0.0,False
2022-11-14,crisis,0.9999999999638501,8.282146177515474e-10,0.36,False,72,0.9999999999638501,2.9360263038218265e-64,3.5149839100585886e-11,0.0,0.0,0.0,0.0,False
2022-11-15,crisis,0.9999999999654455,7.932252957592462e-10,0.36,False,73,0.9999999999654455,6.334268926690856e-55,3.355446382851195e-11,0.0,0.0,0.0,0.0,False
2022-11-16,crisis,0.9999999999931505,1.6910159330994933e-10,0.36,False,74,0.9999999999931505,2.1718550295911614e-54,5.849547813985255e-12,0.0,0.0,0.0,0.0,False
2022-11-17,crisis,0.9999999999989948,5.121664734568658e-11,0.36,False,75,0.9999999999989948,1.17557533378403e-44,5.0272079878463185e-15,0.0,0.0,0.0,0.0,False
2022-11-18,crisis,0.9999999999989864,5.122432766664619e-11,0.36,False,76,0.9999999999989864,1.4208083351270416e-40,1.3510385205547132e-14,0.0,0.0,0.0,0.0,False
2022-11-21,crisis,0.9999999999989337,5.127222861578902e-11,0.36,False,77,0.9999999999989337,1.5658912490573882e-41,6.613480273395408e-14,0.0,0.0,0.0,0.0,False
2022-11-22,crisis,0.9999999999981517,5.1984073100518856e-11,0.36,False,78,0.9999999999981517,6.0808990774622435e-33,8.481474546155831e-13,0.0,0.0,0.0,0.0,False
2022-11-23,crisis,0.9999999999983948,5.1762758588656575e-11,0.36,False,79,0.9999999999983948,2.5118178245483957e-24,6.051002932395754e-13,0.0,0.0,0.0,0.0,False
2022-11-25,crisis,0.9999999999989133,5.1290823077059656e-11,0.36,False,80,0.9999999999989133,2.7118100582622117e-22,8.65652088482566e-14,0.0,0.0,0.0,0.0,False
2022-11-28,crisis,0.9999999999989972,5.121442409488248e-11,0.36,False,81,0.9999999999989972,4.695049184388003e-33,2.75148554977885e-15,0.0,0.0,0.0,0.0,False
2022-11-29,crisis,0.9999999999989995,5.121240295778785e-11,0.36,False,82,0.9999999999989995,6.057781299106088e-32,5.103515717216643e-16,0.0,0.0,0.0,0.0,False
2022-11-30,crisis,0.9999999999948711,1.283370851375483e-10,0.36,False,83,0.9999999999948711,1.3529783071183692e-19,4.1289746855866854e-12,0.0,0.0,0.0,0.0,False
2022-12-01,stressed,0.9999999999989999,5.1211998730368925e-11,1.0,True,1,0.0,0.0,0.9999999999989999,0.0,0.0,0.0,0.0,False
2022-12-02,stressed,0.9999999999801638,4.666181267344772e-10,1.0,False,2,0.9999999999801638,1.896427511289331e-17,1.883622755527764e-11,0.0,0.0,0.0,0.0,False
2022-12-05,stressed,0.9999999999989926,5.121866848278121e-11,0.585,False,3,0.9999999999989926,1.7390680071337753e-27,7.27112454195712e-15,0.0,0.0,0.0,0.0,False
2022-12-06,crisis,0.9999999999989926,5.121866848278121e-11,0.36,True,1,0.9999999999989926,8.44896845694383e-40,7.36208606474299e-15,0.0,0.0,0.0,0.0,False
2022-12-07,crisis,0.9999999999988858,5.131588517703311e-11,0.36,False,2,0.9999999999988858,2.0628308636843833e-42,1.1415021751923083e-13,0.0,0.0,0.0,0.0,False
2022-12-08,crisis,0.999999999998934,5.1272026502079556e-11,0.36,False,3,0.999999999998934,1.344317874425997e-35,6.60532626914195e-14,0.0,0.0,0.0,0.0,False
2022-12-09,crisis,0.9999999999989957,5.1215838890848724e-11,0.36,False,4,0.9999999999989957,4.059956799622352e-37,4.115418271982953e-15,0.0,0.0,0.0,0.0,False
2022-12-12,crisis,0.9999999999989999,5.1211998730368925e-11,0.36,False,5,0.9999999999989999,1.7734874393166927e-20,7.161364587100234e-17,0.0,0.0,0.0,0.0,False
2022-12-13,crisis,0.9999999999989886,5.122230652955156e-11,0.36,False,6,0.9999999999989886,1.099351979810476e-14,2.807360388060339e-16,0.0,0.0,0.0,0.0,False
2022-12-14,crisis,0.9999999999989997,5.121220084407839e-11,0.36,False,7,0.9999999999989997,4.147806694843216e-17,1.2343947079336423e-16,0.0,0.0,0.0,0.0,False
2022-12-15,crisis,0.9999999999989999,5.1211998730368925e-11,0.36,False,8,0.9999999999989999,8.630703446825181e-41,4.215922137699226e-18,0.0,0.0,0.0,0.0,False
2022-12-16,crisis,0.9999999999989999,5.1211998730368925e-11,0.36,False,9,0.9999999999989999,3.3767060140402416e-58,1.696499403119812e-18,0.0,0.0,0.0,0.0,False
2022-12-19,crisis,0.9999999999989999,5.1211998730368925e-11,0.36,False,10,0.9999999999989999,7.669426489240821e-69,1.3885905536275437e-18,0.0,0.0,0.0,0.0,False
2022-12-20,crisis,0.9999999999989999,5.1211998730368925e-11,0.36,False,11,0.9999999999989999,5.3280468747072276e-67,2.1021111010436e-18,0.0,0.0,0.0,0.0,False
2022-12-21,crisis,0.9999999999989999,5.1211998730368925e-11,0.36,False,12,0.9999999999989999,3.29795361516276e-49,6.6132075110291365e-18,0.0,0.0,0.0,0.0,False
2022-12-22,crisis,0.9999999999989999,5.1211998730368925e-11,0.36,False,13,0.9999999999989999,1.3861490063127278e-64,3.2998054809987497e-18,0.0,0.0,0.0,0.0,False
2022-12-23,crisis,0.9999999999989999,5.1211998730368925e-11,0.36,False,14,0.9999999999989999,8.45827448855218e-56,2.6722333186252526e-18,0.0,0.0,0.0,0.0,False
2022-12-27,crisis,0.9999999999989999,5.1211998730368925e-11,0.36,False,15,0.9999999999989999,9.148523160858622e-60,4.86209866089117e-18,0.0,0.0,0.0,0.0,False
2022-12-28,crisis,0.9999999999989999,5.1211998730368925e-11,0.36,False,16,0.9999999999989999,5.375301741169224e-75,8.802116734141207e-18,0.0,0.0,0.0,0.0,False
2022-12-29,crisis,0.9999999999989999,5.1211998730368925e-11,0.36,False,17,0.9999999999989999,1.5072971111958903e-53,3.341698447808675e-18,0.0,0.0,0.0,0.0,False
2022-12-30,crisis,0.9999999999989999,5.1211998730368925e-11,0.36,False,18,0.9999999999989999,3.1471322765363307e-56,4.819781958130046e-18,0.0,0.0,0.0,0.0,False
2023-01-03,crisis,0.9999999999989999,5.1211998730368925e-11,0.36,False,19,0.9999999999989999,1.3980159849658258e-61,8.701740173300116e-19,0.0,0.0,0.0,0.0,False
2023-01-04,crisis,0.9999999999989999,5.1211998730368925e-11,0.36,False,20,0.9999999999989999,8.954247996522698e-52,7.636759643706566e-19,0.0,0.0,0.0,0.0,False
2023-01-05,crisis,0.9999999999989999,5.1211998730368925e-11,0.36,False,21,0.9999999999989999,6.353531283807699e-62,4.546973241175139e-19,0.0,0.0,0.0,0.0,False
2023-01-06,crisis,0.9999999999989999,5.1211998730368925e-11,0.36,False,22,0.9999999999989999,3.0496177516827837e-37,9.165492617603527e-19,0.0,0.0,0.0,0.0,False
2023-01-09,crisis,0.9999999999989999,5.1211998730368925e-11,0.36,False,23,0.9999999999989999,1.3027721062145833e-37,2.209777711068384e-18,0.0,0.0,0.0,0.0,False
2023-01-10,crisis,0.9999999999989999,5.1211998730368925e-11,0.36,False,24,0.9999999999989999,9.678865238505021e-32,5.356874674000368e-18,0.0,0.0,0.0,0.0,False
2023-01-11,crisis,0.9999999999989999,5.1211998730368925e-11,0.36,False,25,0.9999999999989999,3.1311998130948434e-22,2.1951796156339936e-17,0.0,0.0,0.0,0.0,False
2023-01-12,crisis,0.9999999999989997,5.121220084407839e-11,0.36,False,26,0.9999999999989997,9.703042304509938e-20,3.2179765057853013e-16,0.0,0.0,0.0,0.0,False
2023-01-13,crisis,0.9999999999989988,5.1213009298916244e-11,0.36,False,27,0.9999999999989988,9.249768273728341e-16,1.3532790705888055e-16,0.0,0.0,0.0,0.0,False
2023-01-17,crisis,0.9999999999989995,5.121240295778785e-11,0.36,False,28,0.9999999999989995,2.1231101597286343e-16,1.6541913508111444e-16,0.0,0.0,0.0,0.0,False
2023-01-18,crisis,0.9999999999989999,5.1211998730368925e-11,0.36,False,29,0.9999999999989999,5.384284008099673e-26,1.762943740887684e-17,0.0,0.0,0.0,0.0,False
2023-01-19,crisis,0.9999999999989999,5.1211998730368925e-11,0.36,False,30,0.9999999999989999,1.9445145111429497e-31,1.0881699408656867e-17,0.0,0.0,0.0,0.0,False
2023-01-20,crisis,0.9999999999989999,5.1211998730368925e-11,0.36,False,31,0.9999999999989999,1.125623618201574e-18,5.833254473547296e-17,0.0,0.0,0.0,0.0,False
2023-01-23,crisis,0.9999999999974412,6.605038918992009e-11,0.36,False,32,0.9999999999974412,1.5585955906150135e-12,2.3814661371221746e-16,0.0,0.0,0.0,0.0,False
2023-01-24,crisis,0.99999999999831,5.183996602567155e-11,0.36,False,33,0.99999999999831,6.895251207287632e-13,4.1911508090163073e-16,0.0,0.0,0.0,0.0,False
2023-01-25,crisis,0.9999999999780165,5.147470419483791e-10,0.36,False,34,0.9999999999780165,2.0982041168844107e-11,1.5442749079459092e-15,0.0,0.0,0.0,0.0,False
2023-01-26,crisis,0.9999998062698897,2.902016252518656e-06,0.4,False,35,0.9999998062698897,1.937291044303628e-07,5.781246386430847e-15,0.0,0.0,0.0,0.0,False
2023-01-27,crisis,0.999978239869219,0.00023244260033059965,0.4,False,36,0.999978239869219,2.176012977291048e-05,7.900363722140619e-15,0.0,0.0,0.0,0.0,False
2023-01-30,crisis,0.9999999999410809,1.3214830955934761e-09,0.36,False,37,0.9999999999410809,5.791821134288256e-11,9.252118674192924e-16,0.0,0.0,0.0,0.0,False
2023-01-31,crisis,0.9996101850134809,0.003140073773042928,0.4,False,38,0.9996101850134809,0.00038981498447567345,1.0435329439499289e-12,0.0,0.0,0.0,0.0,False
2023-02-01,crisis,0.9999999999989999,5.1211998730368925e-11,0.36,False,39,0.0,0.0,0.9999999999989999,0.0,0.0,0.0,0.0,False
2023-02-02,crisis,0.9999507217670454,0.0004897268508306573,0.4,False,40,4.9278231948041535e-05,0.9999507217670454,6.608114227434285e-15,0.0,0.0,0.0,0.0,False
2023-02-03,crisis,0.9998956160356951,0.0009660475323240348,0.4,False,41,0.00010438396330474739,0.9998956160356951,6.189016159798902e-17,0.0,0.0,0.0,0.0,False
2023-02-06,calm_bull,0.9989084675493817,0.007769234324668548,1.0,True,1,0.001091532449618103,0.9989084675493817,2.2447117644295184e-16,0.0,0.0,0.0,0.0,False
2023-02-07,calm_bull,0.9999956081268851,5.331175518695363e-05,1.0,False,2,4.391872114888133e-06,0.9999956081268851,3.4454821000695936e-20,0.0,0.0,0.0,0.0,False
2023-02-08,calm_bull,0.854379507858742,0.3777825580401743,1.0,False,3,0.14562049214025788,0.854379507858742,1.7510665409607188e-16,0.0,0.0,0.0,0.0,False
2023-02-09,calm_bull,0.994936323946287,0.02895991358355809,1.0,False,4,0.994936323946287,0.005063676052712846,2.4460696396243995e-16,0.0,0.0,0.0,0.0,False
2023-02-10,calm_bull,0.9519435846582758,0.17545062776154985,1.0,False,5,0.9519435846582758,0.04805641534072381,2.3635311610036947e-16,0.0,0.0,0.0,0.0,False
2023-02-13,calm_bull,0.9998480641247,0.0013542106563165408,1.0,False,6,0.00015193587430002538,0.9998480641247,2.4969609882878704e-20,0.0,0.0,0.0,0.0,False
2023-02-14,calm_bull,0.9999998073050197,2.8874501603102202e-06,1.0,False,7,1.9269398029737797e-07,0.9999998073050197,2.553636854469638e-22,0.0,0.0,0.0,0.0,False
2023-02-15,calm_bull,0.999999999388993,1.23624078451097e-08,0.9,False,8,6.100070342643417e-10,0.999999999388993,3.711249732784499e-24,0.0,0.0,0.0,0.0,False
2023-02-16,calm_bull,0.999784573969424,0.001851628441917235,1.0,False,9,0.00021542602957594064,0.999784573969424,1.7458814458704632e-19,0.0,0.0,0.0,0.0,False
2023-02-17,calm_bull,0.9985991080106006,0.009652791902797447,1.0,False,10,0.0014008919883994452,0.9985991080106006,2.3913462026623233e-20,0.0,0.0,0.0,0.0,False
2023-02-21,crisis,0.9999999999974656,6.544994168462439e-11,0.36,True,1,0.9999999999974656,1.534345438269651e-12,1.8931170928846716e-18,0.0,0.0,0.0,0.0,False
2023-02-22,crisis,0.9999999999989995,5.121240295778785e-11,0.36,False,2,0.9999999999989995,3.5158152439156466e-16,8.152475383082074e-20,0.0,0.0,0.0,0.0,False
2023-02-23,crisis,0.9999999999985707,5.160268453076163e-11,0.36,False,3,0.9999999999985707,4.292263315054844e-13,6.015314103691267e-20,0.0,0.0,0.0,0.0,False
2023-02-24,crisis,0.9999999999989999,5.1211998730368925e-11,0.36,False,4,0.9999999999989999,6.995157995057492e-21,2.562439631537459e-20,0.0,0.0,0.0,0.0,False
2023-02-27,crisis,0.9999999999989999,5.1211998730368925e-11,0.36,False,5,0.9999999999989999,4.7290584855291836e-17,1.5126514971563212e-20,0.0,0.0,0.0,0.0,False
2023-02-28,crisis,0.999999999998999,5.1212807185206775e-11,0.36,False,6,0.999999999998999,9.67624435461862e-16,2.8766268246642612e-18,0.0,0.0,0.0,0.0,False
2023-03-01,crisis,0.9999999999989999,5.1211998730368925e-11,0.36,False,7,0.0,0.0,0.9999999999989999,0.0,0.0,0.0,0.0,False
2023-03-02,crisis,0.9999999999799155,4.721966056758119e-10,0.36,False,8,0.9999999999799155,1.9084461732962718e-11,6.471784333240974e-18,0.0,0.0,0.0,0.0,False
2023-03-03,crisis,0.9997948128655224,0.0017727188752934455,0.4,False,9,0.9997948128655224,0.00020518713347762962,1.6062345538989946e-19,0.0,0.0,0.0,0.0,False
2023-03-06,crisis,0.9999521428306342,0.0004768790340484183,0.4,False,10,0.9999521428306342,4.785716836584692e-05,8.530909345828925e-20,0.0,0.0,0.0,0.0,False
2023-03-07,crisis,0.9999999999989984,5.121341352633517e-11,0.36,False,11,0.9999999999989984,1.475409036648254e-15,8.248842342564059e-21,0.0,0.0,0.0,0.0,False
2023-03-08,crisis,0.9999999999977529,5.83108193539697e-11,0.36,False,12,0.9999999999977529,1.2470852118755454e-12,9.598839909073925e-21,0.0,0.0,0.0,0.0,False
2023-03-09,crisis,0.9999999999989999,5.1211998730368925e-11,0.36,False,13,0.9999999999989999,1.929484402334679e-33,1.365974197052806e-20,0.0,0.0,0.0,0.0,False
2023-03-10,crisis,0.9999999999989999,5.1211998730368925e-11,0.36,False,14,0.9999999999989999,8.99119794370045e-52,2.3039351806245656e-19,0.0,0.0,0.0,0.0,False
2023-03-13,crisis,0.9999999999989999,5.1211998730368925e-11,0.36,False,15,0.9999999999989999,1.4630905375932255e-54,5.99142380014302e-18,0.0,0.0,0.0,0.0,False
2023-03-14,crisis,0.9999999999989999,5.1211998730368925e-11,0.36,False,16,0.9999999999989999,1.4787526994516753e-33,2.5097240662297664e-19,0.0,0.0,0.0,0.0,False
2023-03-15,crisis,0.9999999999989999,5.1211998730368925e-11,0.36,False,17,0.9999999999989999,2.0527904784500234e-44,2.3958692154447687e-17,0.0,0.0,0.0,0.0,False
2023-03-16,crisis,0.9999999999989999,5.1211998730368925e-11,0.36,False,18,0.9999999999989999,7.956825835041876e-26,2.828823703239191e-18,0.0,0.0,0.0,0.0,False
2023-03-17,crisis,0.9999999999989999,5.1211998730368925e-11,0.36,False,19,0.9999999999989999,6.314569548253091e-43,6.800091786740123e-17,0.0,0.0,0.0,0.0,False
2023-03-20,crisis,0.9999999999989999,5.1211998730368925e-11,0.36,False,20,0.9999999999989999,1.2878396042466679e-30,3.3078419680861564e-17,0.0,0.0,0.0,0.0,False
2023-03-21,crisis,0.9999999999989999,5.1211998730368925e-11,0.36,False,21,0.9999999999989999,1.2910769408390568e-19,4.817560728841473e-18,0.0,0.0,0.0,0.0,False
2023-03-22,crisis,0.9999999999989999,5.1211998730368925e-11,0.36,False,22,0.9999999999989999,1.6660827277630732e-32,3.999271092506536e-17,0.0,0.0,0.0,0.0,False
2023-03-23,crisis,0.9999999999989999,5.1211998730368925e-11,0.36,False,23,0.9999999999989999,2.6104564349311654e-30,1.0117743452123592e-16,0.0,0.0,0.0,0.0,False
2023-03-24,crisis,0.9999999999989997,5.121220084407839e-11,0.36,False,24,0.9999999999989997,4.5376259279062686e-24,2.474670165932151e-16,0.0,0.0,0.0,0.0,False
2023-03-27,crisis,0.9999999999989999,5.1211998730368925e-11,0.36,False,25,0.9999999999989999,1.5874721636632956e-20,3.916196784553364e-17,0.0,0.0,0.0,0.0,False
2023-03-28,crisis,0.9999999999989999,5.1211998730368925e-11,0.36,False,26,0.9999999999989999,6.626789469875745e-22,3.2725838580256905e-17,0.0,0.0,0.0,0.0,False
2023-03-29,crisis,0.9999999999598592,9.154515451551602e-10,0.36,False,27,0.9999999999598592,3.914036595821383e-11,1.6007895708146225e-16,0.0,0.0,0.0,0.0,False
2023-03-30,crisis,0.9999941118021258,6.990380268031238e-05,0.4,False,28,0.9999941118021258,5.888196871432885e-06,2.6115241977730834e-15,0.0,0.0,0.0,0.0,False
2023-03-31,crisis,0.7874659099105966,0.4708620677706828,0.4,False,29,0.7874659099105966,0.2125340900883814,2.171272739937384e-14,0.0,0.0,0.0,0.0,False
2023-04-03,crisis,0.6909464117055218,0.5628385315363643,0.4,False,30,0.30905358829347457,0.6909464117055218,3.5690399695280625e-15,0.0,0.0,0.0,0.0,False
2023-04-04,crisis,0.7421712858316358,0.5195404714987161,0.4,False,31,0.2578287141673612,0.7421712858316358,3.0294946775897106e-15,0.0,0.0,0.0,0.0,False
2023-04-05,crisis,0.9582289224811585,0.15795604308203773,0.4,False,32,0.04177107751784058,0.9582289224811585,7.809900068885578e-16,0.0,0.0,0.0,0.0,False
2023-04-06,calm_bull,0.99981370774112,0.0016258592523840378,1.0,True,1,0.00018629225787990367,0.99981370774112,3.960461043639115e-18,0.0,0.0,0.0,0.0,False
2023-04-10,calm_bull,0.9999999924924737,1.346821322825419e-07,0.9,False,2,7.50652629755854e-09,0.9999999924924737,4.597617115769908e-22,0.0,0.0,0.0,0.0,False
2023-04-11,calm_bull,0.9999999994275568,1.1616488653186861e-08,0.9,False,3,5.714431806968832e-10,0.9999999994275568,1.1379494568769662e-23,0.0,0.0,0.0,0.0,False
2023-04-12,calm_bull,0.9999999937486148,1.1319069020282414e-07,0.9,False,4,6.250385100425455e-09,0.9999999937486148,1.1399595740105957e-22,0.0,0.0,0.0,0.0,False
2023-04-13,calm_bull,0.9999999999959543,1.0234650417934863e-10,0.9,False,5,3.0456507055316294e-12,0.9999999999959543,1.5177894941248131e-25,0.0,0.0,0.0,0.0,False
2023-04-14,calm_bull,0.9999999999861086,3.3202591616825405e-10,0.9,False,6,1.2891415967422246e-11,0.9999999999861086,4.1242714929438136e-25,0.0,0.0,0.0,0.0,False
2023-04-17,calm_bull,0.9999999999972835,6.99506493252843e-11,0.9,False,7,1.716495538633481e-12,0.9999999999972835,7.309609164588068e-26,0.0,0.0,0.0,0.0,False
2023-04-18,calm_bull,0.9999999999982647,5.188119722240206e-11,0.9,False,8,7.351860160387645e-13,0.9999999999982647,1.4961178837397826e-25,0.0,0.0,0.0,0.0,False
2023-04-19,calm_bull,0.9999999999988034,5.139086936324403e-11,0.9,False,9,1.9658619445679296e-13,0.9999999999988034,2.945725298088514e-26,0.0,0.0,0.0,0.0,False
2023-04-20,calm_bull,0.999999999998817,5.137854042696676e-11,0.9,False,10,1.829319103986014e-13,0.999999999998817,5.391895980862903e-27,0.0,0.0,0.0,0.0,False
2023-04-21,calm_bull,0.9999999999987679,5.1423207556758176e-11,0.9,False,11,2.320422533644034e-13,0.9999999999987679,8.73963354097957e-26,0.0,0.0,0.0,0.0,False
2023-04-24,calm_bull,0.9999999999986817,5.150162767602995e-11,0.9,False,12,3.182245037409813e-13,0.9999999999986817,1.8417446186666106e-25,0.0,0.0,0.0,0.0,False
2023-04-25,calm_bull,0.9999962455085307,4.611062740690579e-05,1.0,False,13,3.7544904690916048e-06,0.9999962455085307,3.712943771044573e-21,0.0,0.0,0.0,0.0,False
2023-04-26,calm_bull,0.9981994891395566,0.011994723088096017,1.0,False,14,0.0018005108594435003,0.9981994891395566,2.2501294901277435e-18,0.0,0.0,0.0,0.0,False
2023-04-27,calm_bull,0.9999999993389946,1.3326212641352658e-08,0.9,False,15,6.600054095310312e-10,0.9999999993389946,6.44998290782573e-25,0.0,0.0,0.0,0.0,False
2023-04-28,calm_bull,0.999999999713288,6.001353263218486e-09,0.9,False,16,2.8571200034729923e-10,0.999999999713288,8.397794219847558e-24,0.0,0.0,0.0,0.0,False
2023-05-01,calm_bull,0.9999999999989999,5.1211998730368925e-11,0.9,False,17,0.0,0.0,0.9999999999989999,0.0,0.0,0.0,0.0,False
2023-05-02,calm_bull,0.9999995326577085,6.626025249358874e-06,1.0,False,18,4.6734129148003747e-07,0.9999995326577085,1.6295808194468112e-21,0.0,0.0,0.0,0.0,False
2023-05-03,calm_bull,0.9997438174429895,0.002161528909303097,1.0,False,19,0.00025618255601042415,0.9997438174429895,4.21579895276994e-21,0.0,0.0,0.0,0.0,False
2023-05-04,calm_bull,0.9510307083327958,0.1779236690728119,1.0,False,20,0.04896929166620415,0.9510307083327958,7.029952395079723e-18,0.0,0.0,0.0,0.0,False
2023-05-05,calm_bull,0.9999996375694955,5.22244803264263e-06,1.0,False,21,3.624295043861593e-07,0.9999996375694955,7.130164091600443e-24,0.0,0.0,0.0,0.0,False
2023-05-08,calm_bull,0.9999999670045072,5.474331470610357e-07,0.9,False,22,3.299449284302606e-08,0.9999999670045072,9.555701332642415e-24,0.0,0.0,0.0,0.0,False
2023-05-09,calm_bull,0.9999999130527062,1.3658554766714246e-06,1.0,False,23,8.694629379733478e-08,0.9999999130527062,1.5986495446528973e-23,0.0,0.0,0.0,0.0,False
2023-05-10,calm_bull,0.9999999983574939,3.174363900637572e-08,0.9,False,24,1.6415061600844476e-09,0.9999999983574939,6.588910043010138e-25,0.0,0.0,0.0,0.0,False
2023-05-11,calm_bull,0.9999999987932642,2.3662188257165354e-08,0.9,False,25,1.2057358796083983e-09,0.9999999987932642,5.967833046621851e-25,0.0,0.0,0.0,0.0,False
2023-05-12,calm_bull,0.9999999973156342,5.0674315327602564e-08,0.9,False,26,2.683365845553129e-09,0.9999999973156342,1.6130094778526686e-24,0.0,0.0,0.0,0.0,False
2023-05-15,calm_bull,0.9999999996204185,7.846608650056922e-09,0.9,False,27,3.7858139670174876e-10,0.9999999996204185,1.8711177512009752e-25,0.0,0.0,0.0,0.0,False
2023-05-16,calm_bull,0.9999990071974497,1.3395137319582025e-05,1.0,False,28,9.928015503479084e-07,0.9999990071974497,3.0186518207743123e-22,0.0,0.0,0.0,0.0,False
2023-05-17,calm_bull,0.9999999995580716,9.073356617771255e-09,0.9,False,29,4.409284469870861e-10,0.9999999995580716,1.8504530298200472e-25,0.0,0.0,0.0,0.0,False
2023-05-18,calm_bull,0.9999999999803709,4.61960700809945e-10,0.9,False,30,1.862908068943434e-11,0.9999999999803709,1.707160619743676e-26,0.0,0.0,0.0,0.0,False
2023-05-19,calm_bull,0.9999999999575236,9.663434049737955e-10,0.9,False,31,4.1476349194781945e-11,0.9999999999575236,3.061984832550774e-26,0.0,0.0,0.0,0.0,False
2023-05-22,calm_bull,0.9999999999725915,6.356034581052281e-10,0.9,False,32,2.6408566037973398e-11,0.9999999999725915,1.401929465381948e-26,0.0,0.0,0.0,0.0,False
2023-05-23,calm_bull,0.9999999896612785,1.824582353641777e-07,0.9,False,33,1.033772154657559e-08,0.9999999896612785,1.4546314334097009e-24,0.0,0.0,0.0,0.0,False
2023-05-24,calm_bull,0.9999884224334815,0.0001303219051214562,1.0,False,34,1.157756551847906e-05,0.9999884224334815,1.7029187132008674e-21,0.0,0.0,0.0,0.0,False
2023-05-25,calm_bull,0.9999999609791088,6.414423299742718e-07,0.9,False,35,3.9019891173770784e-08,0.9999999609791088,1.3207271301746049e-23,0.0,0.0,0.0,0.0,False
2023-05-26,calm_bull,0.9999999998433127,3.3680933415434964e-09,0.9,False,36,1.556871781692713e-10,0.9999999998433127,8.926676530354834e-26,0.0,0.0,0.0,0.0,False
2023-05-30,calm_bull,0.9999999994385473,1.140347848459904e-08,0.9,False,37,5.60452683463242e-10,0.9999999994385473,2.615086635597672e-25,0.0,0.0,0.0,0.0,False
2023-05-31,calm_bull,0.9999999358409859,1.0256269183749847e-06,1.0,False,38,6.415801408679063e-08,0.9999999358409859,4.466660606266954e-22,0.0,0.0,0.0,0.0,False
2023-06-01,calm_bull,0.9999999999989999,5.1211998730368925e-11,0.9,False,39,0.0,0.0,0.9999999999989999,0.0,0.0,0.0,0.0,False
2023-06-02,calm_bull,0.9999999999825095,4.1374886671631825e-10,0.9,False,40,1.6490419345102765e-11,0.9999999999825095,5.388361382517225e-24,0.0,0.0,0.0,0.0,False
2023-06-05,calm_bull,0.9999999999988634,5.1336298661688916e-11,0.9,False,41,1.3648299975007892e-13,0.9999999999988634,5.227008873348396e-27,0.0,0.0,0.0,0.0,False
2023-06-06,calm_bull,0.999999999998977,5.1232816442443656e-11,0.9,False,42,2.2872515951397976e-14,0.999999999998977,1.2264316971585447e-27,0.0,0.0,0.0,0.0,False
2023-06-07,calm_bull,0.9999999999989679,5.124110310453165e-11,0.9,False,43,3.207413178572778e-14,0.9999999999989679,2.5861818866063136e-27,0.0,0.0,0.0,0.0,False
2023-06-08,calm_bull,0.9999999999989895,5.1221498074713703e-11,0.9,False,44,1.0385125342969152e-14,0.9999999999989895,2.192693276289495e-27,0.0,0.0,0.0,0.0,False
2023-06-09,calm_bull,0.9999999999989972,5.121442409488248e-11,0.9,False,45,2.560716166957177e-15,0.9999999999989972,2.862207681883999e-28,0.0,0.0,0.0,0.0,False
2023-06-12,calm_bull,0.9999999999989968,5.1214828322301405e-11,0.9,False,46,3.0591414892974353e-15,0.9999999999989968,4.164000583608756e-28,0.0,0.0,0.0,0.0,False
2023-06-13,calm_bull,0.999999999998995,5.121644523197712e-11,0.9,False,47,4.942320043581632e-15,0.999999999998995,1.9176573589599577e-27,0.0,0.0,0.0,0.0,False
2023-06-14,calm_bull,0.9999999999989984,5.121341352633517e-11,0.9,False,48,1.5601207538014093e-15,0.9999999999989984,7.92704666145653e-28,0.0,0.0,0.0,0.0,False
2023-06-15,calm_bull,0.9999999999989899,5.122109384729477e-11,0.9,False,49,1.0051474932731117e-14,0.9999999999989899,2.639587232849122e-26,0.0,0.0,0.0,0.0,False
2023-06-16,calm_bull,0.9999999999989977,5.121401986746356e-11,0.9,False,50,2.179407837684223e-15,0.9999999999989977,1.1207540292080847e-27,0.0,0.0,0.0,0.0,False
2023-06-20,calm_bull,0.9999999999989988,5.1213009298916244e-11,0.9,False,51,1.0180787928806029e-15,0.9999999999989988,6.282920594206009e-29,0.0,0.0,0.0,0.0,False
2023-06-21,calm_bull,0.9999999999989888,5.122210441584209e-11,0.9,False,52,1.112415947560092e-14,0.9999999999989888,5.704089786679201e-28,0.0,0.0,0.0,0.0,False
2023-06-22,calm_bull,0.9999999999989946,5.121684945939604e-11,0.9,False,53,5.424828965606359e-15,0.9999999999989946,3.488222747790319e-28,0.0,0.0,0.0,0.0,False
2023-06-23,calm_bull,0.999999999995165,1.213148829666555e-10,0.9,False,54,3.835075242305753e-12,0.999999999995165,1.9090003645880228e-25,0.0,0.0,0.0,0.0,False
2023-06-26,calm_bull,0.9999999999856104,3.433890654014633e-10,0.9,False,55,1.3389663712729978e-11,0.9999999999856104,6.970134514966409e-25,0.0,0.0,0.0,0.0,False
2023-06-27,calm_bull,0.9999999999989955,5.121604100455819e-11,0.9,False,56,4.472268540602041e-15,0.9999999999989955,5.5355244650637635e-28,0.0,0.0,0.0,0.0,False
2023-06-28,calm_bull,0.9999999999989984,5.121341352633517e-11,0.9,False,57,1.5850361403126975e-15,0.9999999999989984,1.241286251138789e-28,0.0,0.0,0.0,0.0,False
2023-06-29,calm_bull,0.9999999999989992,5.121260507149731e-11,0.9,False,58,7.303911125927012e-16,0.9999999999989992,1.3204755963095687e-28,0.0,0.0,0.0,0.0,False
2023-06-30,calm_bull,0.9999999999989972,5.121442409488248e-11,0.9,False,59,2.745501893723601e-15,0.9999999999989972,6.861175443618523e-27,0.0,0.0,0.0,0.0,False
2023-07-03,calm_bull,0.9999999999989972,5.121442409488248e-11,0.9,False,60,2.7542467335487822e-15,0.9999999999989972,1.771321204469571e-26,0.0,0.0,0.0,0.0,False
2023-07-05,calm_bull,0.9999999999989997,5.121220084407839e-11,0.9,False,61,2.2020186799197384e-16,0.9999999999989997,1.9994794780713695e-28,0.0,0.0,0.0,0.0,False
2023-07-06,calm_bull,0.9999999999989981,5.121361564004463e-11,0.9,False,62,1.7143871410215297e-15,0.9999999999989981,2.9252854564241233e-28,0.0,0.0,0.0,0.0,False
2023-07-07,calm_bull,0.9999999999989952,5.1216243118267655e-11,0.9,False,63,4.633005601411622e-15,0.9999999999989952,3.982730801356352e-28,0.0,0.0,0.0,0.0,False
2023-07-10,calm_bull,0.9999999999989975,5.121422198117302e-11,0.9,False,64,2.4237347401090754e-15,0.9999999999989975,5.819353742368026e-28,0.0,0.0,0.0,0.0,False
2023-07-11,calm_bull,0.9999999999989981,5.121361564004463e-11,0.9,False,65,1.7554609733458647e-15,0.9999999999989981,1.5713111539414464e-27,0.0,0.0,0.0,0.0,False
2023-07-12,calm_bull,0.9999999999989988,5.1213009298916244e-11,0.9,False,66,1.1491717008261955e-15,0.9999999999989988,3.79627252951486e-27,0.0,0.0,0.0,0.0,False
2023-07-13,calm_bull,0.9999999999989986,5.1213211412625706e-11,0.9,False,67,1.2866151164209009e-15,0.9999999999989986,2.1819878665299283e-26,0.0,0.0,0.0,0.0,False
2023-07-14,calm_bull,0.9999999999989997,5.121220084407839e-11,0.9,False,68,2.9722698987918674e-16,0.9999999999989997,1.1762680939972582e-27,0.0,0.0,0.0,0.0,False
2023-07-17,calm_bull,0.9999999999989995,5.121240295778785e-11,0.9,False,69,4.4093562035392015e-16,0.9999999999989995,1.7520820075595374e-27,0.0,0.0,0.0,0.0,False
2023-07-18,calm_bull,0.9999999999989995,5.121240295778785e-11,0.9,False,70,4.427326164369983e-16,0.9999999999989995,2.4228735741316886e-27,0.0,0.0,0.0,0.0,False
2023-07-19,calm_bull,0.9999999999989997,5.121220084407839e-11,0.9,False,71,3.2824347081661944e-16,0.9999999999989997,1.5059402035952859e-27,0.0,0.0,0.0,0.0,False
2023-07-20,calm_bull,0.9999999999989997,5.121220084407839e-11,0.9,False,72,2.5685672045588676e-16,0.9999999999989997,2.2207739066422822e-28,0.0,0.0,0.0,0.0,False
2023-07-21,calm_bull,0.9999999999989997,5.121220084407839e-11,0.9,False,73,2.6483350937988627e-16,0.9999999999989997,2.5479718102815614e-28,0.0,0.0,0.0,0.0,False
2023-07-24,calm_bull,0.9999999999989995,5.121240295778785e-11,0.9,False,74,3.411464103203418e-16,0.9999999999989995,8.342694885915335e-28,0.0,0.0,0.0,0.0,False
2023-07-25,calm_bull,0.9999999999989988,5.1213009298916244e-11,0.9,False,75,1.0189685346136557e-15,0.9999999999989988,9.214462635235792e-27,0.0,0.0,0.0,0.0,False
2023-07-26,calm_bull,0.9999999999989992,5.121260507149731e-11,0.9,False,76,5.782559001464769e-16,0.9999999999989992,3.9072902504856995e-27,0.0,0.0,0.0,0.0,False
2023-07-27,calm_bull,0.9999999999989995,5.121240295778785e-11,0.9,False,77,5.344075984767999e-16,0.9999999999989995,1.6308548578128414e-28,0.0,0.0,0.0,0.0,False
2023-07-28,calm_bull,0.9999999999989997,5.121220084407839e-11,0.9,False,78,3.0623709374523134e-16,0.9999999999989997,1.6910821008026495e-28,0.0,0.0,0.0,0.0,False
2023-07-31,calm_bull,0.9999999999989719,5.123746505776131e-11,0.9,False,79,2.794013499845751e-14,0.9999999999989719,1.3036746685724672e-25,0.0,0.0,0.0,0.0,False
2023-08-01,stressed,0.9999999999989999,5.1211998730368925e-11,1.0,True,1,0.0,0.0,0.9999999999989999,0.0,0.0,0.0,0.0,False
2023-08-02,stressed,0.9999999926567567,1.3188302265881494e-07,1.0,False,2,7.342243169034208e-09,0.9999999926567567,1.2687054108624903e-21,0.0,0.0,0.0,0.0,False
2023-08-03,stressed,0.9999999993853259,1.2433216390019172e-08,1.0,False,3,6.136739013045489e-10,0.9999999993853259,1.575055222455373e-23,0.0,0.0,0.0,0.0,False
2023-08-04,calm_bull,0.9999998527707192,2.242234552590849e-06,1.0,True,1,1.4722828073401137e-07,0.9999998527707192,4.474755152018342e-21,0.0,0.0,0.0,0.0,False
2023-08-07,calm_bull,0.9999999999745757,5.915402412475921e-10,0.9,False,2,2.442427643333684e-11,0.9999999999745757,9.294923071797971e-25,0.0,0.0,0.0,0.0,False
2023-08-08,calm_bull,0.9999999995529971,9.172828652484094e-09,0.9,False,3,4.4600268934781353e-10,0.9999999995529971,4.6365398539518556e-24,0.0,0.0,0.0,0.0,False
2023-08-09,calm_bull,0.9999999958853383,7.607122941004546e-08,0.9,False,4,4.113661549550877e-09,0.9999999958853383,1.4379155010894964e-23,0.0,0.0,0.0,0.0,False
2023-08-10,calm_bull,0.999999961285308,6.366865895523074e-07,0.9,False,5,3.871369205515701e-08,0.999999961285308,1.3646204607583838e-22,0.0,0.0,0.0,0.0,False
2023-08-11,calm_bull,0.999999812997815,2.8072509298904523e-06,1.0,False,6,1.8700118479971493e-07,0.999999812997815,9.717514427382267e-22,0.0,0.0,0.0,0.0,False
2023-08-14,calm_bull,0.9999986485567464,1.7854631561849566e-05,1.0,False,7,1.3514422535526817e-06,0.9999986485567464,3.233619875515496e-22,0.0,0.0,0.0,0.0,False
2023-08-15,calm_bull,0.9430216310137426,0.19895203537238496,1.0,False,8,0.9430216310137426,0.05697836898525739,3.5521879356130875e-17,0.0,0.0,0.0,0.0,False
2023-08-16,calm_bull,0.9999999858824337,2.451411460645866e-07,0.9,False,9,0.9999999858824337,1.4116566307154359e-08,3.901413394944051e-18,0.0,0.0,0.0,0.0,False
2023-08-17,crisis,0.9999999999989999,5.1211998730368925e-11,0.36,True,1,0.9999999999989999,1.0406618178243459e-17,5.8727449314480135e-18,0.0,0.0,0.0,0.0,False
2023-08-18,crisis,0.9999999999989992,5.121260507149731e-11,0.36,False,2,0.9999999999989992,6.522450458101069e-16,4.979265938797867e-18,0.0,0.0,0.0,0.0,False
2023-08-21,crisis,0.9999999999963434,9.292891364272123e-11,0.36,False,3,0.9999999999963434,2.656453725967299e-12,7.770469292403285e-18,0.0,0.0,0.0,0.0,False
2023-08-22,crisis,0.9999999999976508,6.085253149339926e-11,0.36,False,4,0.9999999999976508,1.3491017726781422e-12,4.8391019013869015e-18,0.0,0.0,0.0,0.0,False
2023-08-23,crisis,0.9998487871029237,0.001348423286674106,0.4,False,5,0.9998487871029237,0.00015121289607639837,3.197340904127971e-18,0.0,0.0,0.0,0.0,False
2023-08-24,crisis,0.9999999999989699,5.1239284081146485e-11,0.36,False,6,0.9999999999989699,2.9998546675064155e-14,1.097776841529306e-18,0.0,0.0,0.0,0.0,False
2023-08-25,crisis,0.9999975162580904,3.1438108694148835e-05,0.4,False,7,0.9999975162580904,2.483740909597585e-06,3.003260922146686e-18,0.0,0.0,0.0,0.0,False
2023-08-28,crisis,0.9323958544256189,0.22519050456405404,0.4,False,8,0.9323958544256189,0.06760414557338094,3.6818043403468923e-17,0.0,0.0,0.0,0.0,False
2023-08-29,crisis,0.9998804470162068,0.0010916668588991489,0.4,False,9,0.00011955298279311396,0.9998804470162068,4.780369138225673e-20,0.0,0.0,0.0,0.0,False
2023-08-30,crisis,0.9999999994435191,1.130705084631457e-08,0.36,False,10,5.554806957672691e-10,0.9999999994435191,6.3478011920363506e-24,0.0,0.0,0.0,0.0,False
2023-08-31,calm_bull,0.9999999974918534,4.7503211639821414e-08,0.9,True,1,2.5071466518777274e-09,0.9999999974918534,1.7151567564118996e-21,0.0,0.0,0.0,0.0,False
2023-09-01,calm_bull,0.9999999999989999,5.1211998730368925e-11,0.9,False,2,0.0,0.0,0.9999999999989999,0.0,0.0,0.0,0.0,False
2023-09-05,calm_bull,0.9999999918070468,1.4632612761092582e-07,0.9,False,3,8.191953173591238e-09,0.9999999918070468,1.4274128001791014e-21,0.0,0.0,0.0,0.0,False
2023-09-06,calm_bull,0.9999994663461385,7.501743212255111e-06,1.0,False,4,5.336528615671007e-07,0.9999994663461385,5.1979811403074655e-21,0.0,0.0,0.0,0.0,False
2023-09-07,calm_bull,0.9999829550017755,0.0001858645233642339,1.0,False,5,1.7044997224545828e-05,0.9999829550017755,1.6348426994646917e-19,0.0,0.0,0.0,0.0,False
2023-09-08,calm_bull,0.9999990554964107,1.278635287297908e-05,1.0,False,6,9.445025894133443e-07,0.9999990554964107,1.1657785922125375e-20,0.0,0.0,0.0,0.0,False
2023-09-11,calm_bull,0.9999999978476123,4.106598102779424e-08,0.9,False,7,2.1513876838937744e-09,0.9999999978476123,4.8364385479445994e-23,0.0,0.0,0.0,0.0,False
2023-09-12,calm_bull,0.9999997979082829,3.0194970985483394e-06,1.0,False,8,2.0209071707746104e-07,0.9999997979082829,1.74985298165838e-21,0.0,0.0,0.0,0.0,False
2023-09-13,calm_bull,0.9999998260550861,2.622698047629185e-06,1.0,False,9,1.7394391390171537e-07,0.9999998260550861,3.2904845073323403e-21,0.0,0.0,0.0,0.0,False
2023-09-14,calm_bull,0.9999999999959588,1.0223486027957589e-10,0.9,False,10,3.041018204718853e-12,0.9999999999959588,2.2505022721241144e-25,0.0,0.0,0.0,0.0,False
2023-09-15,calm_bull,0.9999753576297631,0.0002604406881635034,1.0,False,11,2.4642369236856214e-05,0.9999753576297631,7.196195505475025e-20,0.0,0.0,0.0,0.0,False
2023-09-18,calm_bull,0.9998257850266424,0.001531085033861178,1.0,False,12,0.00017421497235737844,0.9998257850266424,8.264969499672372e-20,0.0,0.0,0.0,0.0,False
2023-09-19,calm_bull,0.9544451207304803,0.16858791197508724,1.0,False,13,0.045554879268519595,0.9544451207304803,1.62967236317994e-17,0.0,0.0,0.0,0.0,False
2023-09-20,calm_bull,0.9999521815770138,0.00047652819572014196,1.0,False,14,0.9999521815770138,4.7818421985958894e-05,1.0227533633282555e-16,0.0,0.0,0.0,0.0,False
2023-09-21,calm_bull,0.9999999999989999,5.1211998730368925e-11,0.9,False,15,0.9999999999989999,1.8944678048554783e-26,1.0712798655613507e-17,0.0,0.0,0.0,0.0,False
2023-09-22,crisis,0.9999999999989999,5.1211998730368925e-11,0.36,True,1,0.9999999999989999,4.355821788500862e-27,7.994863854752585e-18,0.0,0.0,0.0,0.0,False
2023-09-25,crisis,0.9999999999989999,5.1211998730368925e-11,0.36,False,2,0.9999999999989999,2.008849687236903e-22,3.047199270105077e-17,0.0,0.0,0.0,0.0,False
2023-09-26,crisis,0.9999999999989997,5.121220084407839e-11,0.36,False,3,0.9999999999989997,1.3995133945808021e-41,1.3441011406834075e-16,0.0,0.0,0.0,0.0,False
2023-09-27,crisis,0.9999999999989999,5.1211998730368925e-11,0.36,False,4,0.9999999999989999,6.022813271359557e-40,6.712356373171634e-17,0.0,0.0,0.0,0.0,False
2023-09-28,crisis,0.9999999999989997,5.121220084407839e-11,0.36,False,5,0.9999999999989997,2.000017944617288e-32,1.3645146370322537e-16,0.0,0.0,0.0,0.0,False
2023-09-29,crisis,0.9999999999989997,5.121220084407839e-11,0.36,False,6,0.9999999999989997,1.1552848457714054e-35,1.3269318543287735e-16,0.0,0.0,0.0,0.0,False
2023-10-02,crisis,0.9999999999989995,5.121240295778785e-11,0.36,False,7,0.9999999999989995,1.1311354779631809e-38,5.46683769280269e-16,0.0,0.0,0.0,0.0,False
2023-10-03,crisis,0.9999999999989784,5.123160376018687e-11,0.36,False,8,0.9999999999989784,2.1602574618717526e-57,2.1512071312109218e-14,0.0,0.0,0.0,0.0,False
2023-10-04,crisis,0.9999999999989868,5.1223923439227265e-11,0.36,False,9,0.9999999999989868,1.42483771811372e-47,1.3097212704751835e-14,0.0,0.0,0.0,0.0,False
2023-10-05,crisis,0.9999999999989886,5.122230652955156e-11,0.36,False,10,0.9999999999989886,4.3253657094346825e-47,1.1279369283308794e-14,0.0,0.0,0.0,0.0,False
2023-10-06,crisis,0.9999999999989979,5.1213817753754093e-11,0.36,False,11,0.9999999999989979,1.1552391345122726e-32,1.904442384211227e-15,0.0,0.0,0.0,0.0,False
2023-10-09,crisis,0.9999999999989861,5.122452978035566e-11,0.36,False,12,0.9999999999989861,5.175285513929243e-27,1.3759941859439296e-14,0.0,0.0,0.0,0.0,False
2023-10-10,crisis,0.9999999999989957,5.1215838890848724e-11,0.36,False,13,0.9999999999989957,1.997724833819747e-21,4.28732851945869e-15,0.0,0.0,0.0,0.0,False
2023-10-11,crisis,0.9999999999989984,5.121341352633517e-11,0.36,False,14,0.9999999999989984,1.0398143548245944e-16,1.6375951794437238e-15,0.0,0.0,0.0,0.0,False
2023-10-12,crisis,0.999999999998999,5.1212807185206775e-11,0.36,False,15,0.999999999998999,1.5133511488348264e-22,8.05796411710201e-16,0.0,0.0,0.0,0.0,False
2023-10-13,crisis,0.9999999999989972,5.121442409488248e-11,0.36,False,16,0.9999999999989972,2.5292185230247643e-30,2.645717970886157e-15,0.0,0.0,0.0,0.0,False
2023-10-16,crisis,0.9999999999989981,5.121361564004463e-11,0.36,False,17,0.9999999999989981,4.043036202545534e-18,1.8017821264752356e-15,0.0,0.0,0.0,0.0,False
2023-10-17,crisis,0.9999999999989986,5.1213211412625706e-11,0.36,False,18,0.9999999999989986,7.009631383678342e-18,1.2851147815678877e-15,0.0,0.0,0.0,0.0,False
2023-10-18,crisis,0.9999999999989972,5.121442409488248e-11,0.36,False,19,0.9999999999989972,2.668950229529666e-32,2.6566782169597896e-15,0.0,0.0,0.0,0.0,False
2023-10-19,crisis,0.9999999999989371,5.126919691014707e-11,0.36,False,20,0.9999999999989371,4.2081540061095793e-44,6.29347133983798e-14,0.0,0.0,0.0,0.0,False
2023-10-20,crisis,0.9999999999987941,5.139935813904149e-11,0.36,False,21,0.9999999999987941,8.118485316094989e-56,2.0586258756454662e-13,0.0,0.0,0.0,0.0,False
2023-10-23,crisis,0.9999999999986136,5.1563676584835204e-11,0.36,False,22,0.9999999999986136,4.778902374627393e-58,3.8630864400058354e-13,0.0,0.0,0.0,0.0,False
2023-10-24,crisis,0.9999999999989841,5.122634880374082e-11,0.36,False,23,0.9999999999989841,1.1003021667117192e-45,1.5798572491818068e-14,0.0,0.0,0.0,0.0,False
2023-10-25,crisis,0.9999999999989932,5.121806214165282e-11,0.36,False,24,0.9999999999989932,2.1713083069534793e-59,6.701173810601609e-15,0.0,0.0,0.0,0.0,False
2023-10-26,crisis,0.9999999999989742,5.123544392066668e-11,0.36,False,25,0.9999999999989742,1.7907731739140727e-75,2.569068735345511e-14,0.0,0.0,0.0,0.0,False
2023-10-27,crisis,0.9999999999989615,5.1246964402106095e-11,0.36,False,26,0.9999999999989615,9.574173107741257e-81,3.83047695812231e-14,0.0,0.0,0.0,0.0,False
2023-10-30,crisis,0.9999999999989904,5.122068961987585e-11,0.36,False,27,0.9999999999989904,2.5290186648292945e-58,9.595219679497335e-15,0.0,0.0,0.0,0.0,False
2023-10-31,crisis,0.9999999999989164,5.128799348512716e-11,0.36,False,28,0.9999999999989164,4.7390797853200295e-46,8.351627361240033e-14,0.0,0.0,0.0,0.0,False
2023-11-01,crisis,0.9999999999989999,5.1211998730368925e-11,0.36,False,29,0.0,0.0,0.9999999999989999,0.0,0.0,0.0,0.0,False
2023-11-02,crisis,0.999999999998906,5.129749282947194e-11,0.36,False,30,0.999999999998906,2.4383710553464756e-15,9.153146185709915e-14,0.0,0.0,0.0,0.0,False
2023-11-03,crisis,0.9999999999946046,1.3445222604710904e-10,0.36,False,31,0.9999999999946046,4.385172137467872e-12,1.0228364615955675e-14,0.0,0.0,0.0,0.0,False
2023-11-06,crisis,0.9999999982732752,3.3292304381011204e-08,0.36,False,32,0.9999999982732752,1.7257228149437905e-09,1.8466892313576945e-15,0.0,0.0,0.0,0.0,False
2023-11-07,crisis,0.9999994573681233,7.6197093320738795e-06,0.4,False,33,0.9999994573681233,5.426308760890927e-07,5.173165326637795e-16,0.0,0.0,0.0,0.0,False
2023-11-08,crisis,0.9999924743507527,8.76625711632377e-05,0.4,False,34,0.9999924743507527,7.525648247060805e-06,3.323288542023652e-16,0.0,0.0,0.0,0.0,False
2023-11-09,crisis,0.9999992079211818,1.0849774386795682e-05,0.4,False,35,0.9999992079211818,7.920778175614894e-07,3.893429276226141e-16,0.0,0.0,0.0,0.0,False
2023-11-10,crisis,0.939979474913981,0.2066461449892304,0.4,False,36,0.060020525085018636,0.939979474913981,1.3232360747293706e-16,0.0,0.0,0.0,0.0,False
2023-11-13,crisis,0.9961843112595581,0.022807476689884743,0.4,False,37,0.0038156887394418058,0.9961843112595581,1.1039922153084894e-17,0.0,0.0,0.0,0.0,False
2023-11-14,calm_bull,0.9999999426213296,9.230729026976954e-07,0.9,True,1,5.7377670372965044e-08,0.9999999426213296,1.350835884034984e-20,0.0,0.0,0.0,0.0,False
2023-11-15,calm_bull,0.9999999952067795,8.794907168100582e-08,0.9,False,2,4.792220512349377e-09,0.9999999952067795,2.7737868713814842e-21,0.0,0.0,0.0,0.0,False
2023-11-16,calm_bull,0.9999999983635305,3.1632482228304115e-08,0.9,False,3,1.6354695168450691e-09,0.9999999983635305,9.928028464219587e-21,0.0,0.0,0.0,0.0,False
2023-11-17,calm_bull,0.9999999976816218,4.407564250462775e-08,0.9,False,4,2.317378091994438e-09,0.9999999976816218,1.557541018230136e-19,0.0,0.0,0.0,0.0,False
2023-11-20,calm_bull,0.9999999528278343,7.672888601487653e-07,0.9,False,5,4.717116544352433e-08,0.9999999528278343,1.3940021516409753e-16,0.0,0.0,0.0,0.0,False
2023-11-21,calm_bull,0.9999999980715588,3.698681874163461e-08,0.9,False,6,1.9274411502949963e-09,0.9999999980715588,1.8846656523386735e-18,0.0,0.0,0.0,0.0,False
2023-11-22,calm_bull,0.9999999998369165,3.4994585921336888e-09,0.9,False,7,1.6208349890020504e-10,0.9999999998369165,1.5213693426789784e-19,0.0,0.0,0.0,0.0,False
2023-11-24,calm_bull,0.9999999990115329,1.9562948825657437e-08,0.9,False,8,9.874671316320786e-10,0.9999999990115329,4.0288473061829906e-17,0.0,0.0,0.0,0.0,False
2023-11-27,calm_bull,0.9999999966420796,6.270327050031068e-08,0.9,False,9,3.356919830530686e-09,0.9999999966420796,5.069836924189544e-16,0.0,0.0,0.0,0.0,False
2023-11-28,calm_bull,0.999999959296929,6.675300876659577e-07,0.9,False,10,4.070203658119647e-08,0.999999959296929,3.431166010239813e-14,0.0,0.0,0.0,0.0,False
2023-11-29,calm_bull,0.999999954069002,7.482144867477653e-07,0.9,False,11,4.592993422727516e-08,0.999999954069002,6.383950433352905e-14,0.0,0.0,0.0,0.0,False
2023-11-30,calm_bull,0.9999998605350158,2.130863280082057e-06,1.0,False,12,1.394637753846029e-07,0.9999998605350158,2.0879190101724532e-13,0.0,0.0,0.0,0.0,False
2023-12-01,calm_bull,0.9999999999989999,5.1211998730368925e-11,0.9,False,13,0.0,0.0,0.9999999999989999,0.0,0.0,0.0,0.0,False
2023-12-04,calm_bull,0.9999999999186864,1.7984866008946095e-09,0.9,False,14,8.031353741618601e-11,0.9999999999186864,4.84262715488608e-18,0.0,0.0,0.0,0.0,False
2023-12-05,calm_bull,0.9999999999960176,1.0081732074506242e-10,0.9,False,15,2.98231980742134e-12,0.9999999999960176,1.7653639553737544e-20,0.0,0.0,0.0,0.0,False
2023-12-06,calm_bull,0.999999999990381,2.337813524401621e-10,0.9,False,16,8.618933066117546e-12,0.999999999990381,2.8723822984770687e-20,0.0,0.0,0.0,0.0,False
2023-12-07,calm_bull,0.9999999999980795,5.2049760056094414e-11,0.9,False,17,9.20394305153563e-13,0.9999999999980795,2.0981549861499797e-21,0.0,0.0,0.0,0.0,False
2023-12-08,calm_bull,0.9999999999984484,5.1714049184675917e-11,0.9,False,18,5.516516151046276e-13,0.9999999999984484,9.078931944287091e-22,0.0,0.0,0.0,0.0,False
2023-12-11,calm_bull,0.9999999999981035,5.202793177547238e-11,0.9,False,19,8.962935466320443e-13,0.9999999999981035,2.9591445423527804e-20,0.0,0.0,0.0,0.0,False
2023-12-12,calm_bull,0.9999999999986744,5.150829742844225e-11,0.9,False,20,3.255213330396399e-13,0.9999999999986744,2.3265765382402632e-20,0.0,0.0,0.0,0.0,False
2023-12-13,calm_bull,0.9999999999826696,4.1012989882250393e-10,0.9,False,21,1.633031652347381e-11,0.9999999999826696,8.084418733606329e-17,0.0,0.0,0.0,0.0,False
2023-12-14,calm_bull,0.9999999999965805,8.716848726159648e-11,0.9,False,22,2.419437208732995e-12,0.9999999999965805,6.171814820289414e-18,0.0,0.0,0.0,0.0,False
2023-12-15,calm_bull,0.9999999999982128,5.192849183041646e-11,0.9,False,23,7.871508951300014e-13,0.9999999999982128,1.6220556150672674e-19,0.0,0.0,0.0,0.0,False
2023-12-18,calm_bull,0.9999999999984543,5.1708592114520406e-11,0.9,False,24,5.455829303662412e-13,0.9999999999984543,7.802205402376228e-20,0.0,0.0,0.0,0.0,False
2023-12-19,calm_bull,0.9999999999984763,5.1688582857283544e-11,0.9,False,25,5.235195070655993e-13,0.9999999999984763,1.1101866607031591e-19,0.0,0.0,0.0,0.0,False
2023-12-20,calm_bull,0.999999999998793,5.140036870758881e-11,0.9,False,26,2.0695118499210745e-13,0.999999999998793,9.043414764858749e-23,0.0,0.0,0.0,0.0,False
2023-12-21,calm_bull,0.9999999999988469,5.1351255076189205e-11,0.9,False,27,1.530838607892726e-13,0.9999999999988469,2.720644629472321e-22,0.0,0.0,0.0,0.0,False
2023-12-22,calm_bull,0.9999999999989693,5.123989042227487e-11,0.9,False,28,3.063353565385706e-14,0.9999999999989693,1.0438524730017336e-22,0.0,0.0,0.0,0.0,False
2023-12-26,calm_bull,0.9999999999989497,5.1257676428707654e-11,0.9,False,29,5.027861873515004e-14,0.9999999999989497,8.478657522814205e-22,0.0,0.0,0.0,0.0,False
2023-12-27,calm_bull,0.9999999999988538,5.1344989551195845e-11,0.9,False,30,1.460697604869369e-13,0.9999999999988538,2.0409777482745108e-21,0.0,0.0,0.0,0.0,False
2023-12-28,calm_bull,0.9999999999988254,5.1370860106007155e-11,0.9,False,31,1.7456657174683497e-13,0.9999999999988254,3.826196205518693e-20,0.0,0.0,0.0,0.0,False
2023-12-29,calm_bull,0.9999999999989948,5.121664734568658e-11,0.9,False,32,5.033364243550617e-15,0.9999999999989948,1.5946078154978239e-22,0.0,0.0,0.0,0.0,False
2024-01-02,calm_bull,0.9999999999989977,5.121401986746356e-11,0.9,False,33,2.3090909021912273e-15,0.9999999999989977,7.616311677907521e-24,0.0,0.0,0.0,0.0,False
2024-01-03,calm_bull,0.9999999999985523,5.1619459968647086e-11,0.9,False,34,4.4774986687523317e-13,0.9999999999985523,1.604231429024776e-23,0.0,0.0,0.0,0.0,False
2024-01-04,calm_bull,0.9999999999952279,1.19808363453209e-10,0.9,False,35,3.77213292360434e-12,0.9999999999952279,1.3514643777482899e-22,0.0,0.0,0.0,0.0,False
2024-01-05,calm_bull,0.9999999999981712,5.196628709408609e-11,0.9,False,36,8.286193764832912e-13,0.9999999999981712,3.384183234218312e-23,0.0,0.0,0.0,0.0,False
2024-01-08,calm_bull,0.9999999999989935,5.1217860027943354e-11,0.9,False,37,6.351625262204814e-15,0.9999999999989935,3.6594194370109176e-25,0.0,0.0,0.0,0.0,False
2024-01-09,calm_bull,0.9999999999989946,5.121684945939604e-11,0.9,False,38,5.3762663914721035e-15,0.9999999999989946,1.0069868347894509e-25,0.0,0.0,0.0,0.0,False
2024-01-10,calm_bull,0.9999999999989972,5.121442409488248e-11,0.9,False,39,2.5629577255987085e-15,0.9999999999989972,1.68230240650492e-25,0.0,0.0,0.0,0.0,False
2024-01-11,calm_bull,0.9999999999989961,5.12154346634298e-11,0.9,False,40,3.868056660754786e-15,0.9999999999989961,1.3798700796398482e-25,0.0,0.0,0.0,0.0,False
2024-01-12,calm_bull,0.9999999999989944,5.1217051573105505e-11,0.9,False,41,5.478979444128215e-15,0.9999999999989944,1.6944379794833612e-25,0.0,0.0,0.0,0.0,False
2024-01-16,calm_bull,0.9999999999988789,5.132215070202648e-11,0.9,False,42,1.2096588332117847e-13,0.9999999999988789,8.161578456607943e-25,0.0,0.0,0.0,0.0,False
2024-01-17,calm_bull,0.9999999990579673,1.8685503361346813e-08,0.9,False,43,9.410324777725574e-10,0.9999999990579673,6.798651752396305e-21,0.0,0.0,0.0,0.0,False
2024-01-18,calm_bull,0.9999999999804876,4.593358760869625e-10,0.9,False,44,1.8512376933173447e-11,0.9999999999804876,2.543470253146315e-22,0.0,0.0,0.0,0.0,False
2024-01-19,calm_bull,0.9999999999987881,5.1404815209197007e-11,0.9,False,45,2.1186729003175475e-13,0.9999999999987881,3.736436897712531e-24,0.0,0.0,0.0,0.0,False
2024-01-22,calm_bull,0.9999999999989706,5.123867774001809e-11,0.9,False,46,2.938703465890967e-14,0.9999999999989706,6.101850169324342e-25,0.0,0.0,0.0,0.0,False
2024-01-23,calm_bull,0.9999999999989762,5.1233624897281506e-11,0.9,False,47,2.3813488528205815e-14,0.9999999999989762,9.722595521503761e-24,0.0,0.0,0.0,0.0,False
2024-01-24,calm_bull,0.9999999999989404,5.1266165204505114e-11,0.9,False,48,5.960140497473103e-14,0.9999999999989404,3.3332237142275344e-23,0.0,0.0,0.0,0.0,False
2024-01-25,calm_bull,0.9999999999989813,5.1228976281963845e-11,0.9,False,49,1.854542571090738e-14,0.9999999999989813,1.354738828250086e-23,0.0,0.0,0.0,0.0,False
2024-01-26,calm_bull,0.9999999999989806,5.122958262309223e-11,0.9,False,50,1.9304491432456874e-14,0.9999999999989806,1.6460893000246461e-23,0.0,0.0,0.0,0.0,False
2024-01-29,calm_bull,0.999999999998946,5.126111236176853e-11,0.9,False,51,5.393900683861401e-14,0.999999999998946,1.1607974018976564e-22,0.0,0.0,0.0,0.0,False
2024-01-30,calm_bull,0.9999999999989844,5.122614669003136e-11,0.9,False,52,1.556348405291291e-14,0.9999999999989844,1.5644078201882702e-23,0.0,0.0,0.0,0.0,False
2024-01-31,calm_bull,0.9999999969351194,5.7486659518302575e-08,0.9,False,53,3.063880581197804e-09,0.9999999969351194,7.61308955200405e-20,0.0,0.0,0.0,0.0,False
2024-02-01,calm_bull,0.9999999999989999,5.1211998730368925e-11,0.9,False,54,0.0,0.0,0.9999999999989999,0.0,0.0,0.0,0.0,False
2024-02-02,calm_bull,0.9999999999985225,5.164654320571517e-11,0.9,False,55,4.774580840015987e-13,0.9999999999985225,1.7087687032922242e-22,0.0,0.0,0.0,0.0,False
2024-02-05,calm_bull,0.9999999999989595,5.1248783425491263e-11,0.9,False,56,4.034825623502339e-14,0.9999999999989595,1.6847577807779393e-24,0.0,0.0,0.0,0.0,False
2024-02-06,calm_bull,0.9999999999989713,5.1238071398889704e-11,0.9,False,57,2.868669403706132e-14,0.9999999999989713,3.744531087583384e-24,0.0,0.0,0.0,0.0,False
2024-02-07,calm_bull,0.9999999999989957,5.1215838890848724e-11,0.9,False,58,4.192184480652026e-15,0.9999999999989957,1.7428518339100048e-24,0.0,0.0,0.0,0.0,False
2024-02-08,calm_bull,0.999999999998999,5.1212807185206775e-11,0.9,False,59,9.962388144814405e-16,0.999999999998999,6.904555546738045e-26,0.0,0.0,0.0,0.0,False
2024-02-09,calm_bull,0.9999999999989992,5.121260507149731e-11,0.9,False,60,6.699060360581394e-16,0.9999999999989992,2.9731021734079354e-26,0.0,0.0,0.0,0.0,False
2024-02-12,calm_bull,0.9999999999989986,5.1213211412625706e-11,0.9,False,61,1.330781198411257e-15,0.9999999999989986,8.640073200846196e-26,0.0,0.0,0.0,0.0,False
2024-02-13,calm_bull,0.9999999999968632,8.026744194388529e-11,0.9,False,62,2.136625261876181e-12,0.9999999999968632,8.45747737219959e-25,0.0,0.0,0.0,0.0,False
2024-02-14,calm_bull,0.9999999999989915,5.121967905132853e-11,0.9,False,63,8.52334465491036e-15,0.9999999999989915,1.2228643974367647e-26,0.0,0.0,0.0,0.0,False
2024-02-15,calm_bull,0.9999999999989955,5.121604100455819e-11,0.9,False,64,4.480499191111137e-15,0.9999999999989955,1.9478568517269573e-26,0.0,0.0,0.0,0.0,False
2024-02-16,calm_bull,0.9999999999989944,5.1217051573105505e-11,0.9,False,65,5.535245649643782e-15,0.9999999999989944,4.915568855054181e-27,0.0,0.0,0.0,0.0,False
2024-02-20,calm_bull,0.9999999999989213,5.128354698351897e-11,0.9,False,66,7.869011228096351e-14,0.9999999999989213,7.939101019722216e-27,0.0,0.0,0.0,0.0,False
2024-02-21,calm_bull,0.9999999999989968,5.1214828322301405e-11,0.9,False,67,3.106352748246065e-15,0.9999999999989968,9.499251378766038e-28,0.0,0.0,0.0,0.0,False
2024-02-22,calm_bull,0.9999999999989466,5.126050602064014e-11,0.9,False,68,5.33239480018323e-14,0.9999999999989466,7.120210422524216e-26,0.0,0.0,0.0,0.0,False
2024-02-23,calm_bull,0.9999999999989886,5.122230652955156e-11,0.9,False,69,1.1413003498402936e-14,0.9999999999989886,1.0206885065537171e-26,0.0,0.0,0.0,0.0,False
2024-02-26,calm_bull,0.9999999999989919,5.1219274823909604e-11,0.9,False,70,7.928849153008389e-15,0.9999999999989919,2.1041480117684675e-27,0.0,0.0,0.0,0.0,False
2024-02-27,calm_bull,0.9999999999989932,5.121806214165282e-11,0.9,False,71,6.66276103613028e-15,0.9999999999989932,4.399539765929235e-27,0.0,0.0,0.0,0.0,False
2024-02-28,calm_bull,0.9999999999989928,5.121846636907175e-11,0.9,False,72,7.195370994348885e-15,0.9999999999989928,2.1642576449481366e-27,0.0,0.0,0.0,0.0,False
2024-02-29,calm_bull,0.9999999999989124,5.1291631531897506e-11,0.9,False,73,8.750889957469874e-14,0.9999999999989124,5.531767952078879e-25,0.0,0.0,0.0,0.0,False
2024-03-01,stressed,0.9999999999989999,5.1211998730368925e-11,1.0,True,1,0.0,0.0,0.9999999999989999,0.0,0.0,0.0,0.0,False
2024-03-04,stressed,0.9999999999989657,5.1243124241626284e-11,1.0,False,2,3.4206259051881436e-14,0.9999999999989657,1.6812509339993976e-24,0.0,0.0,0.0,0.0,False
2024-03-05,stressed,0.9999999999989981,5.121361564004463e-11,1.0,False,3,1.865778089739605e-15,0.9999999999989981,4.652460551845157e-28,0.0,0.0,0.0,0.0,False
2024-03-06,calm_bull,0.9999999999989979,5.1213817753754093e-11,0.9,True,1,1.9803737095215523e-15,0.9999999999989979,5.330362698159975e-27,0.0,0.0,0.0,0.0,False
2024-03-07,calm_bull,0.9999999999989935,5.1217860027943354e-11,0.9,False,2,6.376611908162046e-15,0.9999999999989935,2.7491696923816787e-26,0.0,0.0,0.0,0.0,False
2024-03-08,calm_bull,0.9999999999989959,5.121563677713926e-11,0.9,False,3,3.905720919317896e-15,0.9999999999989959,5.1911527260557495e-27,0.0,0.0,0.0,0.0,False
2024-03-11,calm_bull,0.9999999999989952,5.1216243118267655e-11,0.9,False,4,4.55939845208914e-15,0.9999999999989952,5.338284929922795e-27,0.0,0.0,0.0,0.0,False
2024-03-12,calm_bull,0.999999999998999,5.1212807185206775e-11,0.9,False,5,9.739754584601137e-16,0.999999999998999,3.234618858691329e-27,0.0,0.0,0.0,0.0,False
2024-03-13,calm_bull,0.9999999999989995,5.121240295778785e-11,0.9,False,6,3.445410510708854e-16,0.9999999999989995,6.91800295772317e-28,0.0,0.0,0.0,0.0,False
2024-03-14,calm_bull,0.9999999999989997,5.121220084407839e-11,0.9,False,7,2.231795454527457e-16,0.9999999999989997,5.516583084594893e-28,0.0,0.0,0.0,0.0,False
2024-03-15,calm_bull,0.9999999999989981,5.121361564004463e-11,0.9,False,8,1.7137781616237155e-15,0.9999999999989981,4.2190335215399085e-28,0.0,0.0,0.0,0.0,False
2024-03-18,calm_bull,0.999999999998999,5.1212807185206775e-11,0.9,False,9,8.336344097725301e-16,0.999999999998999,2.215057869769466e-28,0.0,0.0,0.0,0.0,False
2024-03-19,calm_bull,0.9999999999989995,5.121240295778785e-11,0.9,False,10,3.533298063903184e-16,0.9999999999989995,3.9750073260447164e-28,0.0,0.0,0.0,0.0,False
2024-03-20,calm_bull,0.9999999999989992,5.121260507149731e-11,0.9,False,11,7.520309245247308e-16,0.9999999999989992,9.107905113124104e-27,0.0,0.0,0.0,0.0,False
2024-03-21,calm_bull,0.9999999999989988,5.1213009298916244e-11,0.9,False,12,1.1210925033308425e-15,0.9999999999989988,3.176393920311068e-26,0.0,0.0,0.0,0.0,False
2024-03-22,calm_bull,0.9999999999989999,5.1211998730368925e-11,0.9,False,13,1.1094420328777735e-16,0.9999999999989999,5.1870639999488925e-27,0.0,0.0,0.0,0.0,False
2024-03-25,calm_bull,0.9999999999989999,5.1211998730368925e-11,0.9,False,14,8.62962028796657e-17,0.9999999999989999,1.0834795706381602e-27,0.0,0.0,0.0,0.0,False
2024-03-26,calm_bull,0.9999999999989999,5.1211998730368925e-11,0.9,False,15,8.150968281231555e-17,0.9999999999989999,5.200496992364031e-28,0.0,0.0,0.0,0.0,False
2024-03-27,calm_bull,0.9999999999989997,5.121220084407839e-11,0.9,False,16,1.4996722913326327e-16,0.9999999999989997,1.3466010880255306e-26,0.0,0.0,0.0,0.0,False
2024-03-28,calm_bull,0.9999999999989957,5.1215838890848724e-11,0.9,False,17,4.115343940010669e-15,0.9999999999989957,3.775723074275102e-24,0.0,0.0,0.0,0.0,False
2024-04-01,calm_bull,0.9999999999989999,5.1211998730368925e-11,0.9,False,18,0.0,0.0,0.9999999999989999,0.0,0.0,0.0,0.0,False
2024-04-02,calm_bull,0.9999999999989597,5.12485813117818e-11,0.9,False,19,4.015031418321224e-14,0.9999999999989597,7.477474462513109e-25,0.0,0.0,0.0,0.0,False
2024-04-03,calm_bull,0.9999999999989986,5.1213211412625706e-11,0.9,False,20,1.2687882311862651e-15,0.9999999999989986,3.6363314759487426e-27,0.0,0.0,0.0,0.0,False
2024-04-04,calm_bull,0.9999999998900968,2.3992406688146328e-09,0.9,False,21,1.0890322207599536e-10,0.9999999998900968,5.714687644477522e-23,0.0,0.0,0.0,0.0,False
2024-04-05,calm_bull,0.9999999999984011,5.175709940479161e-11,0.9,False,22,5.988884659822606e-13,0.9999999999984011,4.80350889637677e-25,0.0,0.0,0.0,0.0,False
2024-04-08,calm_bull,0.9999999999989815,5.122877416825438e-11,0.9,False,23,1.8428497349401432e-14,0.9999999999989815,1.843328672179193e-26,0.0,0.0,0.0,0.0,False
2024-04-09,calm_bull,0.9999999999989992,5.121260507149731e-11,0.9,False,24,6.030560104705352e-16,0.9999999999989992,9.723931578925746e-28,0.0,0.0,0.0,0.0,False
2024-04-10,calm_bull,0.9999999999830838,4.00763289054371e-10,0.9,False,25,1.591623541262916e-11,0.9999999999830838,1.1884897887940474e-24,0.0,0.0,0.0,0.0,False
2024-04-11,calm_bull,0.9999999999916107,2.0517775017636914e-10,0.9,False,26,7.389114335558938e-12,0.9999999999916107,1.516968879432747e-25,0.0,0.0,0.0,0.0,False
2024-04-12,calm_bull,0.9496572769257369,0.18161378574039105,1.0,False,27,0.050342723073263165,0.9496572769257369,3.3666687138291546e-17,0.0,0.0,0.0,0.0,False
2024-04-15,calm_bull,0.9999999879309028,2.112944861419553e-07,0.9,False,28,0.9999999879309028,1.2068096590880946e-08,5.156168861326383e-16,0.0,0.0,0.0,0.0,False
2024-04-16,calm_bull,0.9999999999951401,1.2190642770262617e-10,0.9,False,29,0.9999999999951401,3.859795176285161e-12,7.517334628139558e-17,0.0,0.0,0.0,0.0,False
2024-04-17,crisis,0.999999999998999,5.1212807185206775e-11,0.36,True,1,0.999999999998999,9.471938760342684e-16,8.173054707077564e-17,0.0,0.0,0.0,0.0,False
2024-04-18,crisis,0.9999999999989997,5.121220084407839e-11,0.36,False,2,0.9999999999989997,2.424717203438616e-17,1.7315874736512507e-16,0.0,0.0,0.0,0.0,False
2024-04-19,crisis,0.9999999999989997,5.121220084407839e-11,0.36,False,3,0.9999999999989997,1.927886451916163e-21,2.1216324680164527e-16,0.0,0.0,0.0,0.0,False
2024-04-22,crisis,0.9999999999869259,3.1334580034440266e-10,0.36,False,4,0.9999999999869259,1.20740194706029e-11,1.4945251699833876e-16,0.0,0.0,0.0,0.0,False
2024-04-23,crisis,0.9922697706431912,0.04122420353094626,0.4,False,5,0.9922697706431912,0.007730229355808834,1.0161320071235655e-16,0.0,0.0,0.0,0.0,False
2024-04-24,crisis,0.9848932957821137,0.07129779940646261,0.4,False,6,0.9848932957821137,0.01510670421688628,1.3002339630667963e-16,0.0,0.0,0.0,0.0,False
2024-04-25,crisis,0.979600461291131,0.09065072479703316,0.4,False,7,0.979600461291131,0.020399538707867135,1.909557086332176e-15,0.0,0.0,0.0,0.0,False
2024-04-26,crisis,0.9926244445716277,0.039649291012775235,0.4,False,8,0.007375555427372277,0.9926244445716277,2.3048471385610648e-17,0.0,0.0,0.0,0.0,False
2024-04-29,crisis,0.9997001902917533,0.0024867097072772083,0.4,False,9,0.0002998097072467318,0.9997001902917533,1.341654486746696e-19,0.0,0.0,0.0,0.0,False
2024-04-30,crisis,0.9999340125036124,0.0006382451513074301,0.4,False,10,0.9999340125036124,6.598749537943927e-05,8.259689232199384e-15,0.0,0.0,0.0,0.0,False
2024-05-01,crisis,0.9999999999989999,5.1211998730368925e-11,0.36,False,11,0.0,0.0,0.9999999999989999,0.0,0.0,0.0,0.0,False
2024-05-02,crisis,0.9703273775885525,0.12161007548862471,0.4,False,12,0.02967262241044693,0.9703273775885525,6.941156924776721e-16,0.0,0.0,0.0,0.0,False
2024-05-03,crisis,0.9999999676672934,5.370341458431325e-07,0.36,False,13,3.233170662228647e-08,0.9999999676672934,3.429554444898315e-23,0.0,0.0,0.0,0.0,False
2024-05-06,calm_bull,0.999999999996309,9.376426516487843e-11,0.9,True,1,2.6908940405185896e-12,0.999999999996309,9.229459043261256e-26,0.0,0.0,0.0,0.0,False
2024-05-07,calm_bull,0.9999999999975169,6.417973989760676e-11,0.9,False,2,1.4830801215007567e-12,0.9999999999975169,1.7677511600222874e-25,0.0,0.0,0.0,0.0,False
2024-05-08,calm_bull,0.9999999999959894,1.0149885472537436e-10,0.9,False,3,3.010539167208974e-12,0.9999999999959894,3.4461166449394703e-25,0.0,0.0,0.0,0.0,False
2024-05-09,calm_bull,0.9999999999988936,5.1308811197201894e-11,0.9,False,4,1.0626013164304227e-13,0.9999999999988936,7.570411841444991e-26,0.0,0.0,0.0,0.0,False
2024-05-10,calm_bull,0.9999999999989726,5.1236858716632923e-11,0.9,False,5,2.7417288896126573e-14,0.9999999999989726,1.418029460235642e-26,0.0,0.0,0.0,0.0,False
2024-05-13,calm_bull,0.9999999999989968,5.1214828322301405e-11,0.9,False,6,3.1271907774457702e-15,0.9999999999989968,2.716669342096343e-27,0.0,0.0,0.0,0.0,False
2024-05-14,calm_bull,0.999999999998999,5.1212807185206775e-11,0.9,False,7,7.990218504528167e-16,0.999999999998999,1.2026398763915501e-26,0.0,0.0,0.0,0.0,False
2024-05-15,calm_bull,0.9999999999989984,5.121341352633517e-11,0.9,False,8,1.5510838455831968e-15,0.9999999999989984,8.844964084939879e-26,0.0,0.0,0.0,0.0,False
2024-05-16,calm_bull,0.9999999999989986,5.1213211412625706e-11,0.9,False,9,1.2489063073707247e-15,0.9999999999989986,3.476001878798736e-26,0.0,0.0,0.0,0.0,False
2024-05-17,calm_bull,0.999999999998999,5.1212807185206775e-11,0.9,False,10,9.385499518777464e-16,0.999999999998999,3.734811449145933e-26,0.0,0.0,0.0,0.0,False
2024-05-20,calm_bull,0.999999999998999,5.1212807185206775e-11,0.9,False,11,7.919839333559936e-16,0.999999999998999,7.061269733076772e-26,0.0,0.0,0.0,0.0,False
2024-05-21,calm_bull,0.9999999999989997,5.121220084407839e-11,0.9,False,12,2.8840454997364695e-16,0.9999999999989997,1.896303378359454e-26,0.0,0.0,0.0,0.0,False
2024-05-22,calm_bull,0.9999999999989995,5.121240295778785e-11,0.9,False,13,4.0437802306928585e-16,0.9999999999989995,1.3342755512422307e-26,0.0,0.0,0.0,0.0,False
2024-05-23,calm_bull,0.9999999999989775,5.1232412215024725e-11,0.9,False,14,2.2513931776342546e-14,0.9999999999989775,4.439785396504065e-26,0.0,0.0,0.0,0.0,False
2024-05-24,calm_bull,0.9999999999989968,5.1214828322301405e-11,0.9,False,15,3.1409134642223024e-15,0.9999999999989968,1.615775623588877e-26,0.0,0.0,0.0,0.0,False
2024-05-28,calm_bull,0.9999999999989775,5.1232412215024725e-11,0.9,False,16,2.2415151559513405e-14,0.9999999999989775,2.9333477240187346e-26,0.0,0.0,0.0,0.0,False
2024-05-29,calm_bull,0.9999999999204165,1.7618642426795368e-09,0.9,False,17,7.858349969598332e-11,0.9999999999204165,1.2582006078384142e-23,0.0,0.0,0.0,0.0,False
2024-05-30,calm_bull,0.9999999999686238,7.23310878655691e-10,0.9,False,18,3.0376180231102865e-11,0.9999999999686238,1.471270947021841e-23,0.0,0.0,0.0,0.0,False
2024-05-31,calm_bull,0.9999999999989915,5.121967905132853e-11,0.9,False,19,8.38974629155271e-15,0.9999999999989915,2.4857241212404078e-26,0.0,0.0,0.0,0.0,False
2024-06-03,calm_bull,0.999999999998967,5.12419115593695e-11,0.9,False,20,3.279843492028981e-14,0.999999999998967,1.7417557295801088e-25,0.0,0.0,0.0,0.0,False
2024-06-04,calm_bull,0.9999999999988003,5.1393698955176516e-11,0.9,False,21,1.995180041326285e-13,0.9999999999988003,1.1084850660628798e-24,0.0,0.0,0.0,0.0,False
2024-06-05,calm_bull,0.9999999999989386,5.1267782114180826e-11,0.9,False,22,6.125767454908493e-14,0.9999999999989386,1.2331931068636636e-24,0.0,0.0,0.0,0.0,False
2024-06-06,calm_bull,0.999999999998902,5.1301130876242284e-11,0.9,False,23,9.783276337805632e-14,0.999999999998902,3.1457273930782675e-24,0.0,0.0,0.0,0.0,False
2024-06-07,calm_bull,0.9999999999989138,5.1290418849640725e-11,0.9,False,24,8.621551516482636e-14,0.9999999999989138,1.2846121101297196e-24,0.0,0.0,0.0,0.0,False
2024-06-10,calm_bull,0.9999999999989662,5.124272001420736e-11,0.9,False,25,3.378602417415574e-14,0.9999999999989662,8.21492480116267e-25,0.0,0.0,0.0,0.0,False
2024-06-11,calm_bull,0.9999999999987124,5.147373598412401e-11,0.9,False,26,2.875484803700159e-13,0.9999999999987124,2.0278889079545215e-23,0.0,0.0,0.0,0.0,False
2024-06-12,calm_bull,0.9999999999989961,5.12154346634298e-11,0.9,False,27,3.839180071624862e-15,0.9999999999989961,6.241376830467798e-25,0.0,0.0,0.0,0.0,False
2024-06-13,calm_bull,0.9999999999989628,5.1245751719849314e-11,0.9,False,28,3.7171487010204936e-14,0.9999999999989628,2.5824505427582996e-23,0.0,0.0,0.0,0.0,False
2024-06-14,calm_bull,0.9999999999970208,7.640610658580997e-11,0.9,False,29,1.9789827413118232e-12,0.9999999999970208,3.059877915763688e-21,0.0,0.0,0.0,0.0,False
2024-06-17,calm_bull,0.9999999999987301,5.145756688736694e-11,0.9,False,30,2.696741037284974e-13,0.9999999999987301,4.48954916106292e-22,0.0,0.0,0.0,0.0,False
2024-06-18,calm_bull,0.9999999999988824,5.131891688267506e-11,0.9,False,31,1.1741244446039954e-13,0.9999999999988824,2.8856092519088957e-22,0.0,0.0,0.0,0.0,False
2024-06-20,calm_bull,0.999999999998894,5.130840696978296e-11,0.9,False,32,1.0595491177900737e-13,0.999999999998894,6.291817558024684e-23,0.0,0.0,0.0,0.0,False
2024-06-21,calm_bull,0.99999999999895,5.125747431499819e-11,0.9,False,33,4.9978499483713696e-14,0.99999999999895,2.337511672871143e-24,0.0,0.0,0.0,0.0,False
2024-06-24,calm_bull,0.9999999999989835,5.1226955144869214e-11,0.9,False,34,1.6505040477774605e-14,0.9999999999989835,2.9364074287403524e-25,0.0,0.0,0.0,0.0,False
2024-06-25,calm_bull,0.9999999999989861,5.122452978035566e-11,0.9,False,35,1.3708117392932673e-14,0.9999999999989861,6.856919250115881e-25,0.0,0.0,0.0,0.0,False
2024-06-26,calm_bull,0.9999999999989024,5.130072664882336e-11,0.9,False,36,9.740255171465317e-14,0.9999999999989024,5.675653668011693e-24,0.0,0.0,0.0,0.0,False
2024-06-27,calm_bull,0.9999999999989602,5.1248177084362876e-11,0.9,False,37,3.9841053413806117e-14,0.9999999999989602,2.8778343438760085e-24,0.0,0.0,0.0,0.0,False
2024-06-28,calm_bull,0.9999999999987168,5.146969370993475e-11,0.9,False,38,2.8317222321764107e-13,0.9999999999987168,7.158531726344644e-23,0.0,0.0,0.0,0.0,False
2024-07-01,calm_bull,0.9999999999989999,5.1211998730368925e-11,0.9,False,39,0.0,0.0,0.9999999999989999,0.0,0.0,0.0,0.0,False
2024-07-02,calm_bull,0.999999999998378,5.177811923057579e-11,0.9,False,40,6.220509048414759e-13,0.999999999998378,8.602051598139414e-21,0.0,0.0,0.0,0.0,False
2024-07-03,calm_bull,0.9999999999989795,5.123059319163955e-11,0.9,False,41,2.034903964406047e-14,0.9999999999989795,5.831932173200425e-23,0.0,0.0,0.0,0.0,False
2024-07-05,calm_bull,0.9999999999989633,5.124534749243038e-11,0.9,False,42,3.654485359349154e-14,0.9999999999989633,1.1436521133391618e-22,0.0,0.0,0.0,0.0,False
2024-07-08,calm_bull,0.9999999999989471,5.126010179322121e-11,0.9,False,43,5.292956605349233e-14,0.9999999999989471,1.4934578773111467e-22,0.0,0.0,0.0,0.0,False
2024-07-09,calm_bull,0.9999999999989331,5.127283495691741e-11,0.9,False,44,6.693477175357379e-14,0.9999999999989331,2.7343477264187324e-22,0.0,0.0,0.0,0.0,False
2024-07-10,calm_bull,0.9999999999989913,5.121988116503799e-11,0.9,False,45,8.697560185467466e-15,0.9999999999989913,4.09036927782478e-23,0.0,0.0,0.0,0.0,False
2024-07-11,calm_bull,0.9999999999989995,5.121240295778785e-11,0.9,False,46,5.075683581226093e-16,0.9999999999989995,3.963427465702838e-26,0.0,0.0,0.0,0.0,False
2024-07-12,calm_bull,0.9999999999989997,5.121220084407839e-11,0.9,False,47,2.7784109431468305e-16,0.9999999999989997,6.334572401355134e-26,0.0,0.0,0.0,0.0,False
2024-07-15,calm_bull,0.999999999998999,5.1212807185206775e-11,0.9,False,48,8.119563042284424e-16,0.999999999998999,1.0070132667051903e-25,0.0,0.0,0.0,0.0,False
2024-07-16,calm_bull,0.999999999998999,5.1212807185206775e-11,0.9,False,49,9.045701896502609e-16,0.999999999998999,3.7232324593041595e-25,0.0,0.0,0.0,0.0,False
2024-07-17,calm_bull,0.999999999998989,5.122190230213263e-11,0.9,False,50,1.098603153212685e-14,0.999999999998989,9.513086943515039e-26,0.0,0.0,0.0,0.0,False
2024-07-18,calm_bull,0.9999999999974918,6.480033571461143e-11,0.9,False,51,1.5081178857793472e-12,0.9999999999974918,1.9509348615974764e-24,0.0,0.0,0.0,0.0,False
2024-07-19,calm_bull,0.9999999882610898,2.0581052000419614e-07,0.9,False,52,1.1737909988266589e-08,0.9999999882610898,6.79341905244844e-21,0.0,0.0,0.0,0.0,False
2024-07-22,calm_bull,0.9999999999988793,5.132174647460755e-11,0.9,False,53,1.2046429027801566e-13,0.9999999999988793,8.600143113052475e-26,0.0,0.0,0.0,0.0,False
2024-07-23,calm_bull,0.9999999995928983,8.389169472168502e-09,0.9,False,54,4.061016641614988e-10,0.9999999995928983,7.078684557889258e-24,0.0,0.0,0.0,0.0,False
2024-07-24,calm_bull,0.9999674592152282,0.00033568233138408105,1.0,False,55,0.9999674592152282,3.25407837710754e-05,6.744638766800612e-16,0.0,0.0,0.0,0.0,False
2024-07-25,calm_bull,0.9999998161321604,2.7630276983763405e-06,1.0,False,56,0.9999998161321604,1.8386683810182782e-07,1.2442438683478568e-15,0.0,0.0,0.0,0.0,False
2024-07-26,calm_bull,0.6885686449003895,0.5645678103519273,1.0,False,57,0.3114313550986101,0.6885686449003895,4.588500090780649e-16,0.0,0.0,0.0,0.0,False
2024-07-29,calm_bull,0.6929835503033784,0.5613378166600136,1.0,False,58,0.3070164496956213,0.6929835503033784,1.9036245763983563e-16,0.0,0.0,0.0,0.0,False
2024-07-30,crisis,0.5555993656801064,0.6252904722416158,0.4,True,1,0.5555993656801064,0.44440063431878857,1.0501085331919097e-13,0.0,0.0,0.0,0.0,False
2024-07-31,crisis,0.9999580392643052,0.0004231454032228468,0.4,False,2,4.1960734694874035e-05,0.9999580392643052,3.281984120354491e-17,0.0,0.0,0.0,0.0,False
2024-08-01,crisis,0.9999999999989999,5.1211998730368925e-11,0.36,False,3,0.0,0.0,0.9999999999989999,0.0,0.0,0.0,0.0,False
2024-08-02,crisis,0.9999999148116866,1.3398086395078644e-06,0.4,False,4,0.9999999148116866,8.293415639754267e-32,8.518731327300494e-08,0.0,0.0,0.0,0.0,False
2024-08-05,crisis,0.9999999948826941,9.359032229964646e-08,0.36,False,5,5.116305840008025e-09,5.952642432635864e-132,0.9999999948826941,0.0,0.0,0.0,0.0,False
2024-08-06,crisis,0.9999993853633932,8.561098218447762e-06,0.4,False,6,0.9999993853633932,3.025083945152446e-66,6.146356067801209e-07,0.0,0.0,0.0,0.0,False
2024-08-07,crisis,0.999999991472928,1.519829081550926e-07,0.36,False,7,0.999999991472928,9.612034776983426e-76,8.526072060960641e-09,0.0,0.0,0.0,0.0,False
2024-08-08,crisis,0.9999999999985241,5.164512840974893e-11,0.36,False,8,0.9999999999985241,3.1346971917986613e-42,4.759129045374822e-13,0.0,0.0,0.0,0.0,False
2024-08-09,crisis,0.9999999999989986,5.1213211412625706e-11,0.36,False,9,0.9999999999989986,2.6897116498079207e-31,1.2384877340738836e-15,0.0,0.0,0.0,0.0,False
2024-08-12,crisis,0.9999999999989921,5.1219072710200135e-11,0.36,False,10,0.9999999999989921,1.130215296853514e-31,7.848988353846279e-15,0.0,0.0,0.0,0.0,False
2024-08-13,crisis,0.9999999999989959,5.121563677713926e-11,0.36,False,11,0.9999999999989959,6.207468035542856e-20,3.990277410987726e-15,0.0,0.0,0.0,0.0,False
2024-08-14,crisis,0.999999999998995,5.121644523197712e-11,0.36,False,12,0.999999999998995,7.072657754927735e-18,4.802711677261449e-15,0.0,0.0,0.0,0.0,False
2024-08-15,crisis,0.9999998969700237,1.6025799903763092e-06,0.4,False,13,0.9999998969700237,1.0302897415572222e-07,1.9053801302994818e-15,0.0,0.0,0.0,0.0,False
2024-08-16,crisis,0.9999580671116822,0.00042288992129938457,0.4,False,14,0.9999580671116822,4.193288731525167e-05,2.4082025095717206e-15,0.0,0.0,0.0,0.0,False
2024-08-19,crisis,0.9931036092006132,0.037496592751516754,0.4,False,15,0.9931036092006132,0.006896390798335594,5.1095056966088496e-14,0.0,0.0,0.0,0.0,False
2024-08-20,crisis,0.9369085425664176,0.21426155631292995,0.4,False,16,0.9369085425664176,0.0630914574325516,3.078740716033322e-14,0.0,0.0,0.0,0.0,False
2024-08-21,crisis,0.7628082848529782,0.4986483445323503,0.4,False,17,0.7628082848529782,0.23719171514579504,2.267516076141221e-13,0.0,0.0,0.0,0.0,False
2024-08-22,crisis,0.9984624534601633,0.010464041974831187,0.4,False,18,0.0015375465388365102,0.9984624534601633,7.564436251648221e-17,0.0,0.0,0.0,0.0,False
2024-08-23,crisis,0.9999996525925536,5.019360691823418e-06,0.4,False,19,3.474064462575578e-07,0.9999996525925536,1.3986395305403825e-18,0.0,0.0,0.0,0.0,False
2024-08-26,calm_bull,0.9999999354926785,1.0308768997593137e-06,1.0,True,1,6.450632146566483e-08,0.9999999354926785,1.1115641694656542e-19,0.0,0.0,0.0,0.0,False
2024-08-27,calm_bull,0.9999999861851966,2.4015668800575893e-07,0.9,False,2,1.3813803426717982e-08,0.9999999861851966,2.8697775967953426e-20,0.0,0.0,0.0,0.0,False
2024-08-28,calm_bull,0.9999999430508634,9.165524129983919e-07,0.9,False,3,5.694813663208689e-08,0.9999999430508634,2.1917224255939613e-20,0.0,0.0,0.0,0.0,False
2024-08-29,calm_bull,0.999999998068541,3.704194025275568e-08,0.9,False,4,1.9304590085680713e-09,0.999999998068541,2.635129743729258e-22,0.0,0.0,0.0,0.0,False
2024-08-30,calm_bull,0.9999999962934014,6.888014458365821e-08,0.9,False,5,3.7055984866356743e-09,0.9999999962934014,2.201415950776511e-22,0.0,0.0,0.0,0.0,False
2024-09-03,calm_bull,0.8925977877174535,0.31043647694302484,1.0,False,6,0.10740221228154626,0.8925977877174535,2.0772927627532217e-16,0.0,0.0,0.0,0.0,False
2024-09-04,calm_bull,0.8411172429135239,0.398514187284517,1.0,False,7,0.15888275708543612,0.8411172429135239,3.9960865260287536e-14,0.0,0.0,0.0,0.0,False
2024-09-05,calm_bull,0.8682122020808902,0.35478500021733,1.0,False,8,0.13178779791810985,0.8682122020808902,3.1678606423132605e-17,0.0,0.0,0.0,0.0,False
2024-09-06,calm_bull,0.9999999999932867,1.6586414014672615e-10,0.9,False,9,0.9999999999932867,5.7120493286123625e-12,1.2044848816630345e-15,0.0,0.0,0.0,0.0,False
2024-09-09,calm_bull,0.9983101121022778,0.011355390011015924,1.0,False,10,0.9983101121022778,0.0016898878967206129,1.3503970732282753e-15,0.0,0.0,0.0,0.0,False
2024-09-10,calm_bull,0.9891059775907218,0.05467847750126649,1.0,False,11,0.010894022408278064,0.9891059775907218,7.159236720709906e-18,0.0,0.0,0.0,0.0,False
2024-09-11,calm_bull,0.9999999446198342,8.927095949439092e-07,0.9,False,12,5.537916579358278e-08,0.9999999446198342,3.0362632422965497e-22,0.0,0.0,0.0,0.0,False
2024-09-12,calm_bull,0.9999999999876356,2.970902277309981e-10,0.9,False,13,1.136450520429785e-11,0.9999999999876356,4.175533245137342e-25,0.0,0.0,0.0,0.0,False
2024-09-13,calm_bull,0.9999999999950987,1.228994436414931e-10,0.9,False,14,3.901319458716815e-12,0.9999999999950987,3.8661734834818516e-24,0.0,0.0,0.0,0.0,False
2024-09-16,calm_bull,0.9999999999984646,5.169929488388509e-11,0.9,False,15,5.354222244302201e-13,0.9999999999984646,2.5497456018615883e-25,0.0,0.0,0.0,0.0,False
2024-09-17,calm_bull,0.9999999999984888,5.167726448955359e-11,0.9,False,16,5.110362875227274e-13,0.9999999999984888,1.8310191221997092e-25,0.0,0.0,0.0,0.0,False
2024-09-18,calm_bull,0.9999999999976117,6.182303914372598e-11,0.9,False,17,1.3881306070364012e-12,0.9999999999976117,1.735955410356119e-25,0.0,0.0,0.0,0.0,False
2024-09-19,calm_bull,0.9999999999987914,5.140178350355505e-11,0.9,False,18,2.0849643201469498e-13,0.9999999999987914,1.9525251025727982e-25,0.0,0.0,0.0,0.0,False
2024-09-20,calm_bull,0.9999999999988352,5.1361967102790764e-11,0.9,False,19,1.6475413012277322e-13,0.9999999999988352,4.088204342431297e-26,0.0,0.0,0.0,0.0,False
2024-09-23,calm_bull,0.9999999999988869,5.131487460848579e-11,0.9,False,20,1.1306380798964962e-13,0.9999999999988869,1.0693571124319693e-25,0.0,0.0,0.0,0.0,False
2024-09-24,calm_bull,0.9999999999987497,5.1439780880934164e-11,0.9,False,21,2.501737547643768e-13,0.9999999999987497,3.5137744940080032e-25,0.0,0.0,0.0,0.0,False
2024-09-25,calm_bull,0.9999999999985927,5.158267527352476e-11,0.9,False,22,4.072844735722072e-13,0.9999999999985927,2.091098908660004e-25,0.0,0.0,0.0,0.0,False
2024-09-26,calm_bull,0.9999999999989515,5.125605951903195e-11,0.9,False,23,4.8417101663987854e-14,0.9999999999989515,5.104814369526325e-26,0.0,0.0,0.0,0.0,False
2024-09-27,calm_bull,0.9999999999989657,5.1243124241626284e-11,0.9,False,24,3.418429058014063e-14,0.9999999999989657,6.929954271053338e-26,0.0,0.0,0.0,0.0,False
2024-09-30,calm_bull,0.9999999999979354,5.3744070501642374e-11,0.9,False,25,1.0645609465192171e-12,0.9999999999979354,2.0801968265256397e-23,0.0,0.0,0.0,0.0,False
2024-10-01,calm_bull,0.9999999999989999,5.1211998730368925e-11,0.9,False,26,0.0,0.0,0.9999999999989999,0.0,0.0,0.0,0.0,False
2024-10-02,calm_bull,0.9999999999978342,5.627672862972489e-11,0.9,False,27,1.1656511783062295e-12,0.9999999999978342,1.1245184174187617e-23,0.0,0.0,0.0,0.0,False
2024-10-03,calm_bull,0.999999999989738,2.4866942964923476e-10,0.9,False,28,9.261844712458876e-12,0.999999999989738,1.1245893009012066e-23,0.0,0.0,0.0,0.0,False
2024-10-04,calm_bull,0.9999999999988101,5.138480595196013e-11,0.9,False,29,1.8978437970102287e-13,0.9999999999988101,4.768197186201577e-25,0.0,0.0,0.0,0.0,False
2024-10-07,calm_bull,0.9999999989134831,2.140930712829826e-08,0.9,False,30,1.0855168080766674e-09,0.9999999989134831,3.17264238990358e-21,0.0,0.0,0.0,0.0,False
2024-10-08,calm_bull,0.9999999999977338,5.878378300687702e-11,0.9,False,31,1.2660419395743642e-12,0.9999999999977338,2.2172693840395467e-24,0.0,0.0,0.0,0.0,False
2024-10-09,calm_bull,0.9999999999951681,1.2123871975918433e-10,0.9,False,32,3.8318892407041965e-12,0.9999999999951681,6.939899385950493e-23,0.0,0.0,0.0,0.0,False
2024-10-10,calm_bull,0.999999999994535,1.3634321110927254e-10,0.9,False,33,4.465026935942245e-12,0.999999999994535,5.348205497592906e-23,0.0,0.0,0.0,0.0,False
2024-10-11,calm_bull,0.999999999997609,6.189364913323284e-11,0.9,False,34,1.3909786170219444e-12,0.999999999997609,3.4554067862211884e-23,0.0,0.0,0.0,0.0,False
2024-10-14,calm_bull,0.9999999999977114,5.934464021410884e-11,0.9,False,35,1.288543704245693e-12,0.9999999999977114,6.408232860986474e-22,0.0,0.0,0.0,0.0,False
2024-10-15,calm_bull,0.9999999999984124,5.1746791605608974e-11,0.9,False,36,5.875297823114942e-13,0.9999999999984124,4.383580347439378e-24,0.0,0.0,0.0,0.0,False
2024-10-16,calm_bull,0.9999999999989775,5.1232412215024725e-11,0.9,False,37,2.2444379798656905e-14,0.9999999999989775,2.1719662658635555e-25,0.0,0.0,0.0,0.0,False
2024-10-17,calm_bull,0.9999999999989919,5.1219274823909604e-11,0.9,False,38,7.965924703812763e-15,0.9999999999989919,6.189294526225671e-26,0.0,0.0,0.0,0.0,False
2024-10-18,calm_bull,0.9999999999989946,5.121684945939604e-11,0.9,False,39,5.3277399477534915e-15,0.9999999999989946,5.882982483556528e-26,0.0,0.0,0.0,0.0,False
2024-10-21,calm_bull,0.9999999999989775,5.1232412215024725e-11,0.9,False,40,2.241690716045121e-14,0.9999999999989775,1.408843040332681e-25,0.0,0.0,0.0,0.0,False
2024-10-22,calm_bull,0.9999999999989904,5.122068961987585e-11,0.9,False,41,9.470205888617384e-15,0.9999999999989904,2.0326852986539775e-25,0.0,0.0,0.0,0.0,False
2024-10-23,calm_bull,0.9999999999923799,1.8719880296830515e-10,0.9,False,42,6.620114347371435e-12,0.9999999999923799,9.789550552604223e-24,0.0,0.0,0.0,0.0,False
2024-10-24,calm_bull,0.999999999998525,5.164431995491107e-11,0.9,False,43,4.750564555671486e-13,0.999999999998525,7.5748482946183405e-25,0.0,0.0,0.0,0.0,False
2024-10-25,calm_bull,0.9999999999177027,1.819293466887457e-09,0.9,False,44,8.129717142619478e-11,0.9999999999177027,4.129792649557873e-23,0.0,0.0,0.0,0.0,False
2024-10-28,calm_bull,0.9999999999978928,5.481238410378547e-11,0.9,False,45,1.107163010380865e-12,0.9999999999978928,1.0967039509382848e-24,0.0,0.0,0.0,0.0,False
2024-10-29,calm_bull,0.9999999999980018,5.212049985440654e-11,0.9,False,46,9.979856249134893e-13,0.9999999999980018,1.0905438597522321e-24,0.0,0.0,0.0,0.0,False
2024-10-30,calm_bull,0.9999999997522846,5.218747338086639e-09,0.9,False,47,2.4671547652742204e-10,0.9999999997522846,1.1461501265312538e-22,0.0,0.0,0.0,0.0,False
2024-10-31,calm_bull,0.7465300305610335,0.5153003396117337,1.0,False,48,0.2534699694377182,0.7465300305610335,2.4836583196791184e-13,0.0,0.0,0.0,0.0,False
2024-11-01,calm_bull,0.9999999999989999,5.1211998730368925e-11,0.9,False,49,0.0,0.0,0.9999999999989999,0.0,0.0,0.0,0.0,False
2024-11-04,calm_bull,0.9992459803929166,0.005620914523800333,1.0,False,50,0.0007540196060833945,0.9992459803929166,9.598255457163009e-17,0.0,0.0,0.0,0.0,False
2024-11-05,calm_bull,0.9999999999646002,8.117733944599476e-10,0.9,False,51,3.439980214200857e-11,0.9999999999646002,1.247181573348966e-24,0.0,0.0,0.0,0.0,False
2024-11-06,calm_bull,0.9999999998830849,2.545458063651991e-09,0.9,False,52,1.1591513571407853e-10,0.9999999998830849,8.726819686173105e-22,0.0,0.0,0.0,0.0,False
2024-11-07,calm_bull,0.9999999999812039,4.4320680436613263e-10,0.9,False,53,1.779591197356745e-11,0.9999999999812039,8.108338496148958e-22,0.0,0.0,0.0,0.0,False
2024-11-08,calm_bull,0.9999999999703271,6.857221856640111e-10,0.9,False,54,2.867299670619888e-11,0.9999999999703271,6.049587675136514e-21,0.0,0.0,0.0,0.0,False
2024-11-11,calm_bull,0.9999999999594305,9.248072980591722e-10,0.9,False,55,3.956938428327902e-11,0.9999999999594305,2.747899289302952e-20,0.0,0.0,0.0,0.0,False
2024-11-12,calm_bull,0.9999999999889224,2.6750164765964126e-10,0.9,False,56,1.0077601907606864e-11,0.9999999999889224,4.265587869207303e-22,0.0,0.0,0.0,0.0,False
2024-11-13,calm_bull,0.9999999999988884,5.1313459812519555e-11,0.9,False,57,1.1157520132785438e-13,0.9999999999988884,1.523126391123976e-24,0.0,0.0,0.0,0.0,False
2024-11-14,calm_bull,0.9999999999985065,5.166109539279653e-11,0.9,False,58,4.934070846169777e-13,0.9999999999985065,1.8028060030630308e-24,0.0,0.0,0.0,0.0,False
2024-11-15,calm_bull,0.9999999972402918,5.20268620830034e-08,0.9,False,59,2.758708257538822e-09,0.9999999972402918,2.130872496041198e-22,0.0,0.0,0.0,0.0,False
2024-11-18,calm_bull,0.9999999997958777,4.337176713083936e-09,0.9,False,60,2.0312224064137446e-10,0.9999999997958777,1.6769235319818533e-23,0.0,0.0,0.0,0.0,False
2024-11-19,calm_bull,0.9999999999850857,3.553372886082754e-10,0.9,False,61,1.3914361666369733e-11,0.9999999999850857,1.114494902656177e-24,0.0,0.0,0.0,0.0,False
2024-11-20,calm_bull,0.9999999999377376,1.3931473151679084e-09,0.9,False,62,6.126229413602863e-11,0.9999999999377376,6.1435080705904464e-24,0.0,0.0,0.0,0.0,False
2024-11-21,calm_bull,0.9999999999980349,5.209038491169652e-11,0.9,False,63,9.650227124294116e-13,0.9999999999980349,6.762551714173199e-25,0.0,0.0,0.0,0.0,False
2024-11-22,calm_bull,0.9999999999988911,5.1311034448005993e-11,0.9,False,64,1.0873714831149501e-13,0.9999999999988911,1.7497781451551967e-24,0.0,0.0,0.0,0.0,False
2024-11-25,calm_bull,0.9999999999989697,5.123948619485595e-11,0.9,False,65,3.020921218569724e-14,0.9999999999989697,1.7001539598058534e-24,0.0,0.0,0.0,0.0,False
2024-11-26,calm_bull,0.999999999998979,5.123099741905848e-11,0.9,False,66,2.085676216778451e-14,0.999999999998979,1.44751316703262e-24,0.0,0.0,0.0,0.0,False
2024-11-27,calm_bull,0.9999999999989762,5.1233624897281506e-11,0.9,False,67,2.376135857832868e-14,0.9999999999989762,1.0971878081691621e-24,0.0,0.0,0.0,0.0,False
2024-11-29,calm_bull,0.9999999999989773,5.123261432873419e-11,0.9,False,68,2.273467498696464e-14,0.9999999999989773,2.008215095101382e-24,0.0,0.0,0.0,0.0,False
2024-12-02,calm_bull,0.9999999999989981,5.121361564004463e-11,0.9,False,69,1.7253665722895233e-15,0.9999999999989981,1.1289926793096903e-24,0.0,0.0,0.0,0.0,False
2024-12-03,calm_bull,0.9999999999989972,5.121442409488248e-11,0.9,False,70,2.749949547510826e-15,0.9999999999989972,8.144841954585297e-25,0.0,0.0,0.0,0.0,False
2024-12-04,calm_bull,0.9999999999989981,5.121361564004463e-11,0.9,False,71,1.6835524918881402e-15,0.9999999999989981,4.45210246018341e-25,0.0,0.0,0.0,0.0,False
2024-12-05,calm_bull,0.9999999999989981,5.121361564004463e-11,0.9,False,72,1.6755017257024923e-15,0.9999999999989981,1.991019709970605e-25,0.0,0.0,0.0,0.0,False
2024-12-06,calm_bull,0.9999999999989941,5.121725368681497e-11,0.9,False,73,5.821598429029479e-15,0.9999999999989941,2.2747599950168635e-24,0.0,0.0,0.0,0.0,False
2024-12-09,calm_bull,0.9999999999989706,5.123867774001809e-11,0.9,False,74,2.920703277705731e-14,0.9999999999989706,5.352110824861555e-25,0.0,0.0,0.0,0.0,False
2024-12-10,calm_bull,0.9999999999982723,5.1874325356280306e-11,0.9,False,75,7.277239894775824e-13,0.9999999999982723,3.998105719677002e-24,0.0,0.0,0.0,0.0,False
2024-12-11,calm_bull,0.9999999999988585,5.134074516329711e-11,0.9,False,76,1.4145057881315914e-13,0.9999999999988585,1.709123838505118e-24,0.0,0.0,0.0,0.0,False
2024-12-12,calm_bull,0.9999999999984841,5.168150887745233e-11,0.9,False,77,5.158335052938685e-13,0.9999999999984841,2.0809645816053227e-24,0.0,0.0,0.0,0.0,False
2024-12-13,calm_bull,0.9999999999886686,2.733449605589812e-10,0.9,False,78,1.0331250139653088e-11,0.9999999999886686,3.4077471836279267e-23,0.0,0.0,0.0,0.0,False
2024-12-16,calm_bull,0.999999999995997,1.0131743097436808e-10,0.9,False,79,3.0030278583360604e-12,0.999999999995997,1.704608226439049e-23,0.0,0.0,0.0,0.0,False
2024-12-17,calm_bull,0.9999999872503219,2.2257234593088944e-07,0.9,False,80,1.2748677921526114e-08,0.9999999872503219,9.5947325641654e-21,0.0,0.0,0.0,0.0,False
2024-12-18,calm_bull,0.999999999594035,8.366796709492236e-09,0.9,False,81,0.999999999594035,2.1479968501723006e-30,4.049651106727346e-10,0.0,0.0,0.0,0.0,False
2024-12-19,calm_bull,0.9999999999989704,5.1238879853727554e-11,0.9,False,82,0.9999999999989704,4.73014654982202e-24,2.954309119334026e-14,0.0,0.0,0.0,0.0,False
2024-12-20,crisis,0.9999999999597196,9.184901911329296e-10,0.36,True,1,0.9999999999597196,3.927966633711095e-11,6.924368853031023e-16,0.0,0.0,0.0,0.0,False
2024-12-23,crisis,0.9999999170540778,1.306555412907052e-06,0.4,False,2,0.9999999170540778,8.294491834204232e-08,3.808106622262105e-15,0.0,0.0,0.0,0.0,False
2024-12-24,crisis,0.9973824405259002,0.01654529490101336,0.4,False,3,0.9973824405259002,0.0026175594729926275,1.0695561293706173e-13,0.0,0.0,0.0,0.0,False
2024-12-26,crisis,0.9942992196772629,0.03198698952402011,0.4,False,4,0.9942992196772629,0.005700780312607873,9.129257721162605e-12,0.0,0.0,0.0,0.0,False
2024-12-27,crisis,0.999962421044999,0.0003827307729444576,0.4,False,5,0.999962421044999,3.7578953606982846e-05,3.938524949788105e-13,0.0,0.0,0.0,0.0,False
2024-12-30,crisis,0.9999999999940545,1.4689803730638879e-10,0.36,False,6,0.9999999999940545,4.90809675604768e-12,3.747002263071612e-14,0.0,0.0,0.0,0.0,False
2024-12-31,crisis,0.9999999999989517,5.125585740532248e-11,0.36,False,7,0.9999999999989517,3.048828489202439e-14,1.767465174901633e-14,0.0,0.0,0.0,0.0,False
2025-01-02,crisis,0.9999999999989704,5.1238879853727554e-11,0.36,False,8,0.9999999999989704,1.3694654029570683e-17,2.9460456649107647e-14,0.0,0.0,0.0,0.0,False
2025-01-03,crisis,0.999999976922543,3.903942457111604e-07,0.36,False,9,0.999999976922543,2.307645437491479e-08,2.5671643236877994e-15,0.0,0.0,0.0,0.0,False
2025-01-06,crisis,0.9999956458603644,5.28879174183882e-05,0.4,False,10,0.9999956458603644,4.354138633096248e-06,2.570148973310345e-15,0.0,0.0,0.0,0.0,False
2025-01-07,crisis,0.9999999999741964,5.999641201696542e-10,0.36,False,11,0.9999999999741964,2.4803114907576644e-11,5.539742550199569e-16,0.0,0.0,0.0,0.0,False
2025-01-08,crisis,0.9999999999420918,1.29979200096692e-09,0.36,False,12,0.9999999999420918,5.690765011611286e-11,5.342978750300816e-16,0.0,0.0,0.0,0.0,False
2025-01-10,crisis,0.9999999999989999,5.1211998730368925e-11,0.36,False,13,0.9999999999989999,2.6398739302602117e-22,9.477747490869485e-17,0.0,0.0,0.0,0.0,False
2025-01-13,crisis,0.9999999999989999,5.1211998730368925e-11,0.36,False,14,0.9999999999989999,3.7705550561477757e-20,6.589524746689808e-17,0.0,0.0,0.0,0.0,False
2025-01-14,crisis,0.9999999999989997,5.121220084407839e-11,0.36,False,15,0.9999999999989997,9.345883440811162e-18,1.1779083589017183e-16,0.0,0.0,0.0,0.0,False
2025-01-15,crisis,0.9999686795313518,0.00032418356992713394,0.4,False,16,0.9999686795313518,3.132046764817218e-05,9.674814101186733e-17,0.0,0.0,0.0,0.0,False
2025-01-16,crisis,0.9952128466073075,0.02762374450847428,0.4,False,17,0.9952128466073075,0.004787153391689195,3.324898434744223e-15,0.0,0.0,0.0,0.0,False
2025-01-17,crisis,0.9671790722959592,0.1314524074342713,0.4,False,18,0.03282092770303962,0.9671790722959592,9.67321593923819e-16,0.0,0.0,0.0,0.0,False
2025-01-21,crisis,0.9999957248519262,5.199968533794521e-05,0.4,False,19,4.275147073658457e-06,0.9999957248519262,1.5456969939090968e-18,0.0,0.0,0.0,0.0,False
2025-01-22,calm_bull,0.999999999883732,2.531981370537421e-09,0.9,True,1,1.152680657395081e-10,0.999999999883732,9.323055316256625e-21,0.0,0.0,0.0,0.0,False
2025-01-23,calm_bull,0.9999999999956524,1.096206217467799e-10,0.9,False,2,3.3475613688263968e-12,0.9999999999956524,2.2160560534137237e-22,0.0,0.0,0.0,0.0,False
2025-01-24,calm_bull,0.9999999999983276,5.182399904262395e-11,0.9,False,3,6.724592024082883e-13,0.9999999999983276,9.297910622256874e-24,0.0,0.0,0.0,0.0,False
2025-01-27,calm_bull,0.9999999991011959,1.786677063672788e-08,0.9,False,4,8.97804062770986e-10,0.9999999991011959,4.000394563710524e-22,0.0,0.0,0.0,0.0,False
2025-01-28,calm_bull,0.9999999999440179,1.258415686454488e-09,0.9,False,5,5.498209731160696e-11,0.9999999999440179,1.4998381947017493e-23,0.0,0.0,0.0,0.0,False
2025-01-29,calm_bull,0.9999999995602411,9.03080854346518e-09,0.9,False,6,4.387588090149737e-10,0.9999999995602411,5.0204931269888166e-23,0.0,0.0,0.0,0.0,False
2025-01-30,calm_bull,0.9999999999937188,1.5569448601477696e-10,0.9,False,7,5.281177355585613e-12,0.9999999999937188,2.2986219975368613e-24,0.0,0.0,0.0,0.0,False
2025-01-31,calm_bull,0.9999999998703702,2.809622800398199e-09,0.9,False,8,1.2862978493301486e-10,0.9999999998703702,3.9935855230171936e-23,0.0,0.0,0.0,0.0,False
2025-02-03,calm_bull,0.9999999960539216,7.310506171062756e-08,0.9,False,9,3.9450783175798694e-09,0.9999999960539216,1.1062295973411941e-22,0.0,0.0,0.0,0.0,False
2025-02-04,calm_bull,0.9999999999908913,2.2193444862710313e-10,0.9,False,10,8.10868041844515e-12,0.9999999999908913,7.383587706065235e-25,0.0,0.0,0.0,0.0,False
2025-02-05,calm_bull,0.9999999999982407,5.1903025503024096e-11,0.9,False,11,7.5911529507934e-13,0.9999999999982407,2.92552483577862e-25,0.0,0.0,0.0,0.0,False
2025-02-06,calm_bull,0.9999999999982607,5.188483526917239e-11,0.9,False,12,7.39240860888799e-13,0.9999999999982607,4.350358197612398e-25,0.0,0.0,0.0,0.0,False
2025-02-07,calm_bull,0.9999999999416809,1.3086239430772864e-09,0.9,False,13,5.7319055084852264e-11,0.9999999999416809,1.0376187713736643e-23,0.0,0.0,0.0,0.0,False
2025-02-10,calm_bull,0.9999999999955382,1.1236387097109084e-10,0.9,False,14,3.461693624832884e-12,0.9999999999955382,3.723138817389402e-24,0.0,0.0,0.0,0.0,False
2025-02-11,calm_bull,0.9999999999985127,5.1655436208931555e-11,0.9,False,15,4.872113802342122e-13,0.9999999999985127,1.0897504486928108e-24,0.0,0.0,0.0,0.0,False
2025-02-12,calm_bull,0.9999999999902405,2.3703683061734457e-10,0.9,False,16,8.759354008819155e-12,0.9999999999902405,9.629923510513808e-24,0.0,0.0,0.0,0.0,False
2025-02-13,calm_bull,0.999999999998676,5.1506882632476004e-11,0.9,False,17,3.238731567477465e-13,0.999999999998676,2.3529017857918584e-24,0.0,0.0,0.0,0.0,False
2025-02-14,calm_bull,0.9999999999988227,5.137328547052072e-11,0.9,False,18,1.772255829461849e-13,0.9999999999988227,1.607414194238186e-24,0.0,0.0,0.0,0.0,False
2025-02-18,calm_bull,0.9999999999989573,5.12508045625859e-11,0.9,False,19,4.2599544036131057e-14,0.9999999999989573,4.351139081078644e-25,0.0,0.0,0.0,0.0,False
2025-02-19,calm_bull,0.9999999999989235,5.128152584642434e-11,0.9,False,20,7.634772420162061e-14,0.9999999999989235,6.268236612784964e-25,0.0,0.0,0.0,0.0,False
2025-02-20,calm_bull,0.9999999999885885,2.751920441675244e-10,0.9,False,21,1.0411485306696163e-11,0.9999999999885885,4.415150622031253e-24,0.0,0.0,0.0,0.0,False
2025-02-21,calm_bull,0.9469243796767817,0.18885053942686564,1.0,False,22,0.05307562032221782,0.9469243796767817,5.066151958071408e-16,0.0,0.0,0.0,0.0,False
2025-02-24,calm_bull,0.9642010845739898,0.14049990802664264,1.0,False,23,0.9642010845739898,0.03579891542500109,9.084777030371967e-15,0.0,0.0,0.0,0.0,False
2025-02-25,calm_bull,0.9999991179136758,1.1996265589596034e-05,1.0,False,24,0.9999991179136758,8.820853219775305e-07,2.2289654653169872e-15,0.0,0.0,0.0,0.0,False
2025-02-26,crisis,0.9999939889688944,7.124909397487458e-05,0.4,True,1,0.9999939889688944,6.011030104533388e-06,1.0950836899193015e-15,0.0,0.0,0.0,0.0,False
2025-02-27,crisis,0.9999999999989995,5.121240295778785e-11,0.36,False,2,0.9999999999989995,6.681641943709413e-19,4.501209246717478e-16,0.0,0.0,0.0,0.0,False
2025-02-28,crisis,0.9999984596839645,2.0166518550183807e-05,0.4,False,3,0.9999984596839645,1.5403150354126502e-06,8.22764392032372e-17,0.0,0.0,0.0,0.0,False
2025-03-03,crisis,0.9999999999989997,5.121220084407839e-11,0.36,False,4,0.9999999999989997,1.2726580427882139e-23,2.17758688427283e-16,0.0,0.0,0.0,0.0,False
2025-03-04,crisis,0.9999999999989997,5.121220084407839e-11,0.36,False,5,0.9999999999989997,8.546464376162163e-35,1.7577048271445695e-16,0.0,0.0,0.0,0.0,False
2025-03-05,crisis,0.9999999999989999,5.1211998730368925e-11,0.36,False,6,0.9999999999989999,3.3957307702829215e-22,1.5742483570572136e-17,0.0,0.0,0.0,0.0,False
2025-03-06,crisis,0.9999999999989999,5.1211998730368925e-11,0.36,False,7,0.9999999999989999,2.3970651402556688e-42,7.230460464311779e-17,0.0,0.0,0.0,0.0,False
2025-03-07,crisis,0.9999999999989999,5.1211998730368925e-11,0.36,False,8,0.9999999999989999,3.597886821154797e-36,6.109324923575067e-17,0.0,0.0,0.0,0.0,False
2025-03-10,crisis,0.999999999998958,5.1250198221457507e-11,0.36,False,9,0.999999999998958,2.222446085319101e-75,4.2030878315362645e-14,0.0,0.0,0.0,0.0,False
2025-03-11,crisis,0.9999999999989639,5.1244741151301996e-11,0.36,False,10,0.9999999999989639,9.881900778740825e-84,3.598223887074008e-14,0.0,0.0,0.0,0.0,False
2025-03-12,crisis,0.9999999999989893,5.1221700188423166e-11,0.36,False,11,0.9999999999989893,3.584669846581086e-77,1.0648515583326752e-14,0.0,0.0,0.0,0.0,False
2025-03-13,crisis,0.9999999999984144,5.17449725822238e-11,0.36,False,12,0.9999999999984144,1.0704566181833236e-96,5.855486213107916e-13,0.0,0.0,0.0,0.0,False
2025-03-14,crisis,0.9999999999989873,5.122351921180834e-11,0.36,False,13,0.9999999999989873,4.334872921024199e-68,1.2729594388758474e-14,0.0,0.0,0.0,0.0,False
2025-03-17,crisis,0.9999999999989972,5.121442409488248e-11,0.36,False,14,0.9999999999989972,3.742763157807462e-55,2.7680167521782526e-15,0.0,0.0,0.0,0.0,False
2025-03-18,crisis,0.9999999999989837,5.122675303115975e-11,0.36,False,15,0.9999999999989837,1.0397391231223435e-68,1.626132183624558e-14,0.0,0.0,0.0,0.0,False
2025-03-19,crisis,0.999999999998995,5.121644523197712e-11,0.36,False,16,0.999999999998995,2.2453166696118278e-55,4.853096341381568e-15,0.0,0.0,0.0,0.0,False
2025-03-20,crisis,0.9999999999989946,5.121684945939604e-11,0.36,False,17,0.9999999999989946,4.596475023737636e-57,5.31961828780173e-15,0.0,0.0,0.0,0.0,False
2025-03-21,crisis,0.9999999999989975,5.121422198117302e-11,0.36,False,18,0.9999999999989975,5.774118765131356e-59,2.522656387685334e-15,0.0,0.0,0.0,0.0,False
2025-03-24,crisis,0.9999999999989999,5.1211998730368925e-11,0.36,False,19,0.9999999999989999,1.086203539986922e-34,6.962180997679211e-17,0.0,0.0,0.0,0.0,False
2025-03-25,crisis,0.9999999999989997,5.121220084407839e-11,0.36,False,20,0.9999999999989997,4.7861681694336084e-33,1.7466683838011038e-16,0.0,0.0,0.0,0.0,False
2025-03-26,crisis,0.9999999999989999,5.1211998730368925e-11,0.36,False,21,0.9999999999989999,1.3700345008835713e-44,5.23281489049882e-17,0.0,0.0,0.0,0.0,False
2025-03-27,crisis,0.9999999999989997,5.121220084407839e-11,0.36,False,22,0.9999999999989997,2.5528537740126273e-48,1.2394677771388283e-16,0.0,0.0,0.0,0.0,False
2025-03-28,crisis,0.9999999999989972,5.121442409488248e-11,0.36,False,23,0.9999999999989972,6.655839045234971e-77,2.7238206259842314e-15,0.0,0.0,0.0,0.0,False
2025-03-31,crisis,0.9999999999985416,5.162916142670132e-11,0.36,False,24,0.9999999999985416,3.819345863555829e-68,4.581990774707744e-13,0.0,0.0,0.0,0.0,False
2025-04-01,crisis,0.9999999999989999,5.1211998730368925e-11,0.36,False,25,0.0,0.0,0.9999999999989999,0.0,0.0,0.0,0.0,False
2025-04-02,crisis,0.9999999999988698,5.1330437364114474e-11,0.36,False,26,0.9999999999988698,6.989130145120004e-47,1.3012509658403434e-13,0.0,0.0,0.0,0.0,False
2025-04-03,crisis,0.9648550937134874,0.13853366877069734,0.4,False,27,0.9648550937134874,1.45587730640904e-159,0.03514490628551246,0.0,0.0,0.0,0.0,False
2025-04-04,crisis,0.9999999999989999,5.1211998730368925e-11,0.36,False,28,1.8817704796359747e-23,0.0,0.9999999999989999,0.0,0.0,0.0,0.0,False
2025-04-07,crisis,0.9999999999989999,5.1211998730368925e-11,0.4,True,1,1.4449626666224435e-29,0.0,0.9999999999989999,0.0,0.0,0.0,0.0,True
2025-04-08,crisis,0.9999999999989999,5.1211998730368925e-11,0.4,False,2,6.5394717748469e-32,0.0,0.9999999999989999,0.0,0.0,0.0,0.0,True
2025-04-09,stressed,0.9999999999989999,5.1211998730368925e-11,0.585,False,3,2.769975673086769e-38,6.06882324860079e-256,0.9999999999989999,0.0,0.0,0.0,0.0,False
2025-04-10,stressed,0.9999999999989999,5.1211998730368925e-11,0.585,False,4,1.1048635310104465e-40,0.0,0.9999999999989999,0.0,0.0,0.0,0.0,False
2025-04-11,stressed,0.9999999999989999,5.1211998730368925e-11,0.585,False,5,1.0546459839407643e-28,2.6992745560151118e-269,0.9999999999989999,0.0,0.0,0.0,0.0,False
2025-04-14,stressed,0.9999999999989999,5.1211998730368925e-11,0.585,False,6,1.710940186227943e-26,8.893984535550114e-247,0.9999999999989999,0.0,0.0,0.0,0.0,False
2025-04-15,stressed,0.9999999999989999,5.1211998730368925e-11,0.585,False,7,6.022859941528884e-26,4.933917975595209e-251,0.9999999999989999,0.0,0.0,0.0,0.0,False
2025-04-16,stressed,0.9999999999974463,6.592940627440284e-11,0.585,False,8,1.5537154022781915e-12,3.220461314392224e-241,0.9999999999974463,0.0,0.0,0.0,0.0,False
2025-04-17,stressed,0.9999999988485517,2.2627532428857005e-08,0.585,False,9,1.1504481581367612e-09,1.4781939446846222e-223,0.9999999988485517,0.0,0.0,0.0,0.0,False
2025-04-21,stressed,0.9999999999989415,5.1265154635957795e-11,0.585,False,10,5.841306568117961e-14,5.631995359883784e-286,0.9999999999989415,0.0,0.0,0.0,0.0,False
2025-04-22,stressed,0.9999999997238106,5.790687790247273e-09,0.585,False,11,2.7518947384185563e-10,3.1570043349895056e-229,0.9999999997238106,0.0,0.0,0.0,0.0,False
2025-04-23,stressed,0.9999999938776736,1.1097030661251867e-07,0.585,False,12,6.1213264147559026e-09,2.3716591720996253e-201,0.9999999938776736,0.0,0.0,0.0,0.0,False
2025-04-24,stressed,0.9999999792463279,3.530893788170536e-07,0.585,False,13,2.0752671923181456e-08,5.837438121944883e-170,0.9999999792463279,0.0,0.0,0.0,0.0,False
2025-04-25,stressed,0.9999997019591167,4.347691433036822e-06,0.65,False,14,2.980398831542455e-07,4.83617157479513e-155,0.9999997019591167,0.0,0.0,0.0,0.0,False
2025-04-28,stressed,0.9999997548349416,3.619946500575783e-06,0.65,False,15,2.451640581997427e-07,4.4211151817326746e-153,0.9999997548349416,0.0,0.0,0.0,0.0,False
2025-04-29,stressed,0.9999873859690472,0.00014100431913193376,0.65,False,16,1.2614029952726614e-05,1.6173626771100171e-134,0.9999873859690472,0.0,0.0,0.0,0.0,False
2025-04-30,stressed,0.999988416179672,0.00013038660656101338,0.65,False,17,1.1583819327878711e-05,2.1957503579253704e-134,0.999988416179672,0.0,0.0,0.0,0.0,False
2025-05-01,stressed,0.9999999999989999,5.1211998730368925e-11,0.585,False,18,0.0,0.0,0.9999999999989999,0.0,0.0,0.0,0.0,False
2025-05-02,stressed,0.9840026890291426,0.07466046134452387,0.65,False,19,0.015997310969857317,1.0351831189610073e-106,0.9840026890291426,0.0,0.0,0.0,0.0,False
2025-05-05,stressed,0.9705005127477059,0.12106000463495555,0.65,False,20,0.9705005127477059,9.996293614977437e-97,0.02949948725129415,0.0,0.0,0.0,0.0,False
2025-05-06,stressed,0.9999372219605673,0.0006100518401119635,0.65,False,21,0.9999372219605673,1.8409177389635577e-95,6.277803843274855e-05,0.0,0.0,0.0,0.0,False
2025-05-07,crisis,0.9999038668116265,0.0008968942462290458,0.4,True,1,0.9999038668116265,3.2585286414940715e-92,9.613318737363758e-05,0.0,0.0,0.0,0.0,False
2025-05-08,crisis,0.9991695864749675,0.006117425694393812,0.4,False,2,0.9991695864749675,2.2300092978314668e-86,0.0008304135240325595,0.0,0.0,0.0,0.0,False
2025-05-09,crisis,0.999999999155297,1.683942958400103e-08,0.36,False,3,0.999999999155297,7.383039312690171e-62,8.43702869201166e-10,0.0,0.0,0.0,0.0,False
2025-05-12,crisis,0.9999965098009626,4.3096628601619706e-05,0.4,False,4,0.9999965098009626,1.1353478638983809e-43,3.4901980372961033e-06,0.0,0.0,0.0,0.0,False
2025-05-13,crisis,0.9999989904553385,1.3605658697464047e-05,0.4,False,5,0.9999989904553385,1.758051476945357e-36,1.009543661606479e-06,0.0,0.0,0.0,0.0,False
2025-05-14,crisis,0.9999999890267418,1.9306109360168335e-07,0.36,False,6,0.9999999890267418,2.9285897254063227e-32,1.097225799880424e-08,0.0,0.0,0.0,0.0,False
2025-05-15,crisis,0.999999993575757,1.1616082390091677e-07,0.36,False,7,0.999999993575757,2.602269183385003e-28,6.423243032227185e-09,0.0,0.0,0.0,0.0,False
2025-05-16,crisis,0.9999996567017092,4.963709644696429e-06,0.4,False,8,0.9999996567017092,2.8329818764793925e-27,3.432972906800877e-07,0.0,0.0,0.0,0.0,False
2025-05-19,crisis,0.9999999729431287,4.5379325704471344e-07,0.36,False,9,0.9999999729431287,5.410928297469683e-20,2.70558713298247e-08,0.0,0.0,0.0,0.0,False
2025-05-20,crisis,0.9999959617892479,4.932733883712371e-05,0.4,False,10,0.9999959617892479,4.827235362816737e-22,4.0382097520166225e-06,0.0,0.0,0.0,0.0,False
2025-05-21,crisis,0.9999999999131204,1.916085572839952e-09,0.36,False,11,0.9999999999131204,4.662267872203886e-22,8.587963282931794e-11,0.0,0.0,0.0,0.0,False
2025-05-22,crisis,0.9999999999946168,1.343970959271765e-10,0.36,False,12,0.9999999999946168,9.203132434614437e-18,4.383245322646042e-12,0.0,0.0,0.0,0.0,False
2025-05-23,crisis,0.9999999999985609,5.161157753397801e-11,0.36,False,13,0.9999999999985609,4.684675598977315e-21,4.390492438849746e-13,0.0,0.0,0.0,0.0,False
2025-05-27,crisis,0.9999999999968561,5.919361398425747e-11,0.36,False,14,0.9999999999968561,8.93964444084352e-13,1.2498498217052147e-12,0.0,0.0,0.0,0.0,False
2025-05-28,crisis,0.9999999999984497,5.171283650241914e-11,0.36,False,15,0.9999999999984497,1.4778454365125236e-15,5.486517414142823e-13,0.0,0.0,0.0,0.0,False
2025-05-29,crisis,0.9999999999879409,2.693933383605879e-10,0.36,False,16,0.9999999999879409,9.265786032711374e-12,1.7933743458679654e-12,0.0,0.0,0.0,0.0,False
2025-05-30,crisis,0.9999999999930583,1.619531218764088e-10,0.36,False,17,0.9999999999930583,4.113226865742816e-13,5.530352763656752e-12,0.0,0.0,0.0,0.0,False
2025-06-02,crisis,0.9999999999172127,1.8261780634543807e-09,0.36,False,18,0.9999999999172127,7.482432066006364e-11,6.962888906201818e-12,0.0,0.0,0.0,0.0,False
2025-06-03,crisis,0.9999998326201844,2.5296005224792198e-06,0.4,False,19,0.9999998326201844,1.6737375576140476e-07,5.059771236507287e-12,0.0,0.0,0.0,0.0,False
2025-06-04,crisis,0.999999720088135,4.099379358391552e-06,0.4,False,20,0.999999720088135,2.798920943295732e-07,1.8770812635713417e-11,0.0,0.0,0.0,0.0,False
2025-06-05,crisis,0.9999999690035319,5.16089151124057e-07,0.36,False,21,0.9999999690035319,3.098531704347297e-08,1.0150988337354448e-11,0.0,0.0,0.0,0.0,False
2025-06-06,crisis,0.9999998041898335,2.9320940279901335e-06,0.4,False,22,0.9999998041898335,1.956994057896158e-07,1.0976073109187072e-10,0.0,0.0,0.0,0.0,False
2025-06-09,crisis,0.9999715317296267,0.0002971365500443918,0.4,False,23,0.9999715317296267,2.8468229075839416e-05,4.029745659941605e-11,0.0,0.0,0.0,0.0,False
2025-06-10,crisis,0.9996133914168294,0.0031171539551667652,0.4,False,24,0.9996133914168294,0.0003866084730758182,1.090948388183319e-10,0.0,0.0,0.0,0.0,False
2025-06-11,crisis,0.9965688393428946,0.020841395039950705,0.4,False,25,0.9965688393428946,0.003431160645717619,1.0387577055961818e-11,0.0,0.0,0.0,0.0,False
2025-06-12,crisis,0.9965699719502813,0.020835548427912038,0.4,False,26,0.9965699719502813,0.003430028010741557,3.7977229154548394e-11,0.0,0.0,0.0,0.0,False
2025-06-13,crisis,0.9999998362299068,2.4782581944550217e-06,0.4,False,27,0.9999998362299068,1.6376816997811616e-07,9.230777370035828e-13,0.0,0.0,0.0,0.0,False
2025-06-16,crisis,0.9998219315930202,0.0015614044902136242,0.4,False,28,0.9998219315930202,0.0001780684052253315,7.543785934607885e-13,0.0,0.0,0.0,0.0,False
2025-06-17,crisis,0.999999999026285,1.9277979808838775e-08,0.36,False,29,0.999999999026285,9.723574829460973e-10,3.5753757326611556e-13,0.0,0.0,0.0,0.0,False
2025-06-18,crisis,0.999999917316789,1.302653655499538e-06,0.4,False,30,0.999999917316789,8.26820390917219e-08,1.718393192180593e-13,0.0,0.0,0.0,0.0,False
2025-06-20,crisis,0.999999256008094,1.023349359417101e-05,0.4,False,31,0.999999256008094,7.439896330108816e-07,1.2727559705966208e-12,0.0,0.0,0.0,0.0,False
2025-06-23,crisis,0.5392021890666522,0.628129148154104,0.4,False,32,0.46079781091013455,0.5392021890666522,2.2213228625504585e-11,0.0,0.0,0.0,0.0,False
2025-06-24,crisis,0.9832063387749522,0.07762830527574091,0.4,False,33,0.016793661217386013,0.9832063387749522,6.661776697215084e-12,0.0,0.0,0.0,0.0,False
2025-06-25,crisis,0.9974292816055679,0.016291525670946053,0.4,False,34,0.0025707183816880597,0.9974292816055679,1.1744200459922506e-11,0.0,0.0,0.0,0.0,False
2025-06-26,calm_bull,0.9999653360917043,0.0003555896206074392,1.0,True,1,3.466390690249253e-05,0.9999653360917043,3.932480939396879e-13,0.0,0.0,0.0,0.0,False
2025-06-27,calm_bull,0.9999847219826496,0.0001681187509744779,1.0,False,2,1.527801387313535e-05,0.9999847219826496,2.4771881429050356e-12,0.0,0.0,0.0,0.0,False
2025-06-30,calm_bull,0.9998981392956707,0.0009449657590832041,1.0,False,3,0.00010186059205228149,0.9998981392956707,1.1127707849253281e-10,0.0,0.0,0.0,0.0,False
2025-07-01,calm_bull,0.9999999999989999,5.1211998730368925e-11,0.9,False,4,0.0,0.0,0.9999999999989999,0.0,0.0,0.0,0.0,False
2025-07-02,calm_bull,0.9998729775908215,0.001152870508226139,1.0,False,5,0.0001270219128602189,0.9998729775908215,4.95318335508275e-10,0.0,0.0,0.0,0.0,False
2025-07-03,calm_bull,0.9999957584698445,5.1621283837876026e-05,1.0,False,6,4.241525732749666e-06,0.9999957584698445,3.4228258791434514e-12,0.0,0.0,0.0,0.0,False
2025-07-07,calm_bull,0.9999926635669439,8.56285501177384e-05,1.0,False,7,7.336429224022946e-06,0.9999926635669439,2.832067385077461e-12,0.0,0.0,0.0,0.0,False
2025-07-08,calm_bull,0.9998092661654825,0.0016633786901834046,1.0,False,8,0.0001902911153308807,0.9998092661654825,4.4271818669792166e-07,0.0,0.0,0.0,0.0,False
2025-07-09,calm_bull,0.9999401110613595,0.0005854991910941579,1.0,False,9,5.9738947044329205e-05,0.9999401110613595,1.4999059612681788e-07,0.0,0.0,0.0,0.0,False
2025-07-10,calm_bull,0.99984661086136,0.0013863799924223384,1.0,False,10,0.0001482301842401031,0.99984661086136,5.15895339994781e-06,0.0,0.0,0.0,0.0,False
2025-07-11,calm_bull,0.9999999999989597,5.12485813117818e-11,0.9,False,11,4.0157348189391096e-14,0.9999999999989597,4.443157758054226e-25,0.0,0.0,0.0,0.0,False
2025-07-14,calm_bull,0.9999999999989839,5.122655091745029e-11,0.9,False,12,1.591344120200488e-14,0.9999999999989839,6.053853116561956e-25,0.0,0.0,0.0,0.0,False
2025-07-15,calm_bull,0.9999999999987428,5.1446046405927524e-11,0.9,False,13,2.5703453689342217e-13,0.9999999999987428,1.1390591159034574e-24,0.0,0.0,0.0,0.0,False
2025-07-16,calm_bull,0.999999999998928,5.1277483572235067e-11,0.9,False,14,7.188644190872542e-14,0.999999999998928,2.150967856375438e-24,0.0,0.0,0.0,0.0,False
2025-07-17,calm_bull,0.9999999999989846,5.1225944576321896e-11,0.9,False,15,1.5371786971068522e-14,0.9999999999989846,1.224684566473925e-24,0.0,0.0,0.0,0.0,False
2025-07-18,calm_bull,0.9999999999989699,5.1239284081146485e-11,0.9,False,16,2.995386592256351e-14,0.9999999999989699,1.984502006277978e-23,0.0,0.0,0.0,0.0,False
2025-07-21,calm_bull,0.99999999999895,5.125747431499819e-11,0.9,False,17,4.992623176818358e-14,0.99999999999895,2.0356953816984043e-23,0.0,0.0,0.0,0.0,False
2025-07-22,calm_bull,0.9999999999989413,5.126535674966726e-11,0.9,False,18,5.871665715832393e-14,0.9999999999989413,4.713317963502866e-22,0.0,0.0,0.0,0.0,False
2025-07-23,calm_bull,0.9999999999989795,5.123059319163955e-11,0.9,False,19,2.0384131180715132e-14,0.9999999999989795,2.8122950585131343e-22,0.0,0.0,0.0,0.0,False
2025-07-24,calm_bull,0.9999999999989921,5.1219072710200135e-11,0.9,False,20,7.813285060039232e-15,0.9999999999989921,1.7634132142568867e-23,0.0,0.0,0.0,0.0,False
2025-07-25,calm_bull,0.9999999999989952,5.1216243118267655e-11,0.9,False,21,4.569063637175941e-15,0.9999999999989952,2.7323077156273944e-23,0.0,0.0,0.0,0.0,False
2025-07-28,calm_bull,0.9999999999989935,5.1217860027943354e-11,0.9,False,22,6.358093812795169e-15,0.9999999999989935,1.3017100644554015e-23,0.0,0.0,0.0,0.0,False
2025-07-29,calm_bull,0.9999999999989915,5.121967905132853e-11,0.9,False,23,8.479251436066752e-15,0.9999999999989915,3.876118768888301e-24,0.0,0.0,0.0,0.0,False
2025-07-30,calm_bull,0.9999999999989297,5.1275866662559354e-11,0.9,False,24,7.007240878736124e-14,0.9999999999989297,2.2814985674981815e-23,0.0,0.0,0.0,0.0,False
2025-07-31,calm_bull,0.9999999998797044,2.615809733167009e-09,0.9,False,25,1.1929556677495995e-10,0.9999999998797044,2.9012675825693323e-19,0.0,0.0,0.0,0.0,False
2025-08-01,calm_bull,0.9999999999989999,5.1211998730368925e-11,0.9,False,26,0.0,0.0,0.9999999999989999,0.0,0.0,0.0,0.0,False
2025-08-04,calm_bull,0.9999998066807492,2.8962353907665463e-06,1.0,False,27,1.9331825082870934e-07,0.9999998066807492,2.0791292057173926e-17,0.0,0.0,0.0,0.0,False
2025-08-05,calm_bull,0.9999999934716719,1.1794721425566067e-07,0.9,False,28,6.527327925670944e-09,0.9999999934716719,3.553823057754385e-20,0.0,0.0,0.0,0.0,False
2025-08-06,calm_bull,0.9999999998750919,2.7116615245797796e-09,0.9,False,29,1.2390802230768226e-10,0.9999999998750919,4.616567445551032e-21,0.0,0.0,0.0,0.0,False
2025-08-07,calm_bull,0.99999999996002,9.119535903496211e-10,0.9,False,30,3.8980035512021624e-11,0.99999999996002,3.1552308560965094e-22,0.0,0.0,0.0,0.0,False
2025-08-08,calm_bull,0.9999999999947596,1.3099449449677472e-10,0.9,False,31,4.2404047943945556e-12,0.9999999999947596,4.80072721724084e-22,0.0,0.0,0.0,0.0,False
2025-08-11,calm_bull,0.999999999998368,5.178721434750163e-11,0.9,False,32,6.318998738305073e-13,0.999999999998368,2.752443868437761e-23,0.0,0.0,0.0,0.0,False
2025-08-12,calm_bull,0.9999999999989684,5.124069887711272e-11,0.9,False,33,3.142489850570401e-14,0.9999999999989684,3.479054282998202e-24,0.0,0.0,0.0,0.0,False
2025-08-13,calm_bull,0.9999999999989937,5.121765791423389e-11,0.9,False,34,6.174209873206984e-15,0.9999999999989937,7.2190388022861665e-25,0.0,0.0,0.0,0.0,False
2025-08-14,calm_bull,0.9999999999989935,5.1217860027943354e-11,0.9,False,35,6.3924213395310115e-15,0.9999999999989935,4.398083854224009e-25,0.0,0.0,0.0,0.0,False
2025-08-15,calm_bull,0.9999999999989861,5.122452978035566e-11,0.9,False,36,1.3677181829434809e-14,0.9999999999989861,2.2415201678400893e-25,0.0,0.0,0.0,0.0,False
2025-08-18,calm_bull,0.9999999999989888,5.122210441584209e-11,0.9,False,37,1.1121110488575609e-14,0.9999999999989888,1.6836173226661515e-25,0.0,0.0,0.0,0.0,False
2025-08-19,calm_bull,0.9999999999989686,5.124049676340326e-11,0.9,False,38,3.136953430329097e-14,0.9999999999989686,1.7005492524164837e-25,0.0,0.0,0.0,0.0,False
2025-08-20,calm_bull,0.9999999999986959,5.1488692398624304e-11,0.9,False,39,3.039042457060392e-13,0.9999999999986959,2.372350566245101e-24,0.0,0.0,0.0,0.0,False
2025-08-21,calm_bull,0.9999999999733927,6.178284078140248e-10,0.9,False,40,2.5607346057394006e-11,0.9999999999733927,2.080658102981193e-22,0.0,0.0,0.0,0.0,False
2025-08-22,calm_bull,0.9999999999989482,5.12590912246739e-11,0.9,False,41,5.162715900769297e-14,0.9999999999989482,6.871031206229044e-25,0.0,0.0,0.0,0.0,False
2025-08-25,calm_bull,0.9999999999988962,5.1306385832688326e-11,0.9,False,42,1.0376239281930065e-13,0.9999999999988962,2.5729509169977936e-25,0.0,0.0,0.0,0.0,False
2025-08-26,calm_bull,0.9999999999989606,5.124777285694395e-11,0.9,False,43,3.935804914570266e-14,0.9999999999989606,1.1119102230109897e-25,0.0,0.0,0.0,0.0,False
2025-08-27,calm_bull,0.9999999999989702,5.1239081967437016e-11,0.9,False,44,2.9786522491804325e-14,0.9999999999989702,1.1494476558115273e-25,0.0,0.0,0.0,0.0,False
2025-08-28,calm_bull,0.9999999999989804,5.12297847368017e-11,0.9,False,45,1.95393645681514e-14,0.9999999999989804,1.7952855565146198e-25,0.0,0.0,0.0,0.0,False
2025-08-29,calm_bull,0.9999999999989657,5.1243124241626284e-11,0.9,False,46,3.418373947908223e-14,0.9999999999989657,8.165794774037691e-26,0.0,0.0,0.0,0.0,False
2025-09-02,calm_bull,0.9999999999984928,5.167362644278326e-11,0.9,False,47,5.070660947116825e-13,0.9999999999984928,7.957192491976027e-25,0.0,0.0,0.0,0.0,False
2025-09-03,calm_bull,0.9999999999989664,5.1242517900497897e-11,0.9,False,48,3.3569036882397183e-14,0.9999999999989664,6.384699753020175e-26,0.0,0.0,0.0,0.0,False
2025-09-04,calm_bull,0.9999999999989964,5.1215232549720337e-11,0.9,False,49,3.5524540644352115e-15,0.9999999999989964,2.177388923897428e-26,0.0,0.0,0.0,0.0,False
2025-09-05,calm_bull,0.9999999999989964,5.1215232549720337e-11,0.9,False,50,3.552207006210375e-15,0.9999999999989964,3.670985535767717e-26,0.0,0.0,0.0,0.0,False
2025-09-08,calm_bull,0.9999999999989975,5.121422198117302e-11,0.9,False,51,2.5424413738083275e-15,0.9999999999989975,6.685242553654711e-26,0.0,0.0,0.0,0.0,False
2025-09-09,calm_bull,0.9999999999989935,5.1217860027943354e-11,0.9,False,52,6.446130857253773e-15,0.9999999999989935,2.3036128277050373e-25,0.0,0.0,0.0,0.0,False
2025-09-10,calm_bull,0.9999999999989944,5.1217051573105505e-11,0.9,False,53,5.622018985075972e-15,0.9999999999989944,1.9151537475683345e-25,0.0,0.0,0.0,0.0,False
2025-09-11,calm_bull,0.9999999999989988,5.1213009298916244e-11,0.9,False,54,1.004734433932909e-15,0.9999999999989988,2.2127203567679876e-25,0.0,0.0,0.0,0.0,False
2025-09-12,calm_bull,0.9999999999989975,5.121422198117302e-11,0.9,False,55,2.5407524934630087e-15,0.9999999999989975,1.9893006625329452e-25,0.0,0.0,0.0,0.0,False
2025-09-15,calm_bull,0.999999999998991,5.1220083278747454e-11,0.9,False,56,8.978631788236945e-15,0.999999999998991,1.1404998676109945e-24,0.0,0.0,0.0,0.0,False
2025-09-16,calm_bull,0.9999999999989371,5.126919691014707e-11,0.9,False,57,6.281244726666085e-14,0.9999999999989371,7.977021099816495e-24,0.0,0.0,0.0,0.0,False
2025-09-17,calm_bull,0.999999999998987,5.12237213255178e-11,0.9,False,58,1.298628691647978e-14,0.999999999998987,1.6747102105229274e-24,0.0,0.0,0.0,0.0,False
2025-09-18,calm_bull,0.999999999998995,5.121644523197712e-11,0.9,False,59,4.9828095547098454e-15,0.999999999998995,8.748905630923417e-25,0.0,0.0,0.0,0.0,False
2025-09-19,calm_bull,0.9999999999989964,5.1215232549720337e-11,0.9,False,60,3.52943471571579e-15,0.9999999999989964,9.99070009507002e-25,0.0,0.0,0.0,0.0,False
2025-09-22,calm_bull,0.9999999999989961,5.12154346634298e-11,0.9,False,61,3.7581885912776445e-15,0.9999999999989961,2.128946627941096e-24,0.0,0.0,0.0,0.0,False
2025-09-23,calm_bull,0.9999999999989944,5.1217051573105505e-11,0.9,False,62,5.606705302074218e-15,0.9999999999989944,1.2487252875620132e-24,0.0,0.0,0.0,0.0,False
2025-09-24,calm_bull,0.9999999999989939,5.121745580052443e-11,0.9,False,63,5.8944538416028615e-15,0.9999999999989939,5.137327776160462e-25,0.0,0.0,0.0,0.0,False
2025-09-25,calm_bull,0.9999999999974547,6.572021800859485e-11,0.9,False,64,1.5452635912585935e-12,0.9999999999974547,5.421814729244182e-23,0.0,0.0,0.0,0.0,False
2025-09-26,calm_bull,0.9999999999989961,5.12154346634298e-11,0.9,False,65,3.6653976881183454e-15,0.9999999999989961,3.4494149841360006e-25,0.0,0.0,0.0,0.0,False
2025-09-29,calm_bull,0.9999999999989906,5.1220487506166385e-11,0.9,False,66,9.308636063323449e-15,0.9999999999989906,8.018151201294251e-25,0.0,0.0,0.0,0.0,False
2025-09-30,calm_bull,0.9999999999989966,5.1215030436010874e-11,0.9,False,67,3.2936482150884476e-15,0.9999999999989966,8.528807762177014e-25,0.0,0.0,0.0,0.0,False
2025-10-01,calm_bull,0.9999999999989981,5.121361564004463e-11,0.9,False,68,1.8485946122488936e-15,0.9999999999989981,3.468740006858113e-24,0.0,0.0,0.0,0.0,False
2025-10-02,calm_bull,0.9999999999989941,5.121725368681497e-11,0.9,False,69,5.717659075619335e-15,0.9999999999989941,1.3206005102386742e-23,0.0,0.0,0.0,0.0,False
2025-10-03,calm_bull,0.999999999998993,5.1218264255362285e-11,0.9,False,70,6.9117144023354366e-15,0.999999999998993,1.223797184253406e-23,0.0,0.0,0.0,0.0,False
2025-10-06,calm_bull,0.9999999999989972,5.121442409488248e-11,0.9,False,71,2.727682569418034e-15,0.9999999999989972,5.444821035112337e-24,0.0,0.0,0.0,0.0,False
2025-10-07,calm_bull,0.9999999999989861,5.122452978035566e-11,0.9,False,72,1.3800990642629389e-14,0.9999999999989861,4.077093311762709e-24,0.0,0.0,0.0,0.0,False
2025-10-08,calm_bull,0.9999999999989944,5.1217051573105505e-11,0.9,False,73,5.5800953078710705e-15,0.9999999999989944,1.4554729224250112e-24,0.0,0.0,0.0,0.0,False
2025-10-09,calm_bull,0.999999999969206,7.104734138327519e-10,0.9,False,74,2.979404771140064e-11,0.999999999969206,2.224377400566382e-22,0.0,0.0,0.0,0.0,False
2025-10-10,calm_bull,0.9999997615264427,3.5271432022566966e-06,1.0,False,75,0.9999997615264427,2.3847113378087636e-07,1.4234544955052144e-12,0.0,0.0,0.0,0.0,False
2025-10-13,calm_bull,0.9671100196991106,0.13166499543617513,1.0,False,76,0.9671100196991106,0.03288998029983055,5.88113453622573e-14,0.0,0.0,0.0,0.0,False
2025-10-14,crisis,0.8189129622595968,0.43057757686748055,0.4,True,1,0.8189129622595968,0.18108703773933985,6.33709075904244e-14,0.0,0.0,0.0,0.0,False
2025-10-15,crisis,0.6946362694826036,0.5601072528568894,0.4,False,2,0.6946362694826036,0.3053637305163932,3.173450377207108e-15,0.0,0.0,0.0,0.0,False
2025-10-16,crisis,0.9999968776634194,3.887107632467013e-05,0.4,False,3,0.9999968776634194,3.1223135657876933e-06,2.2014678309025513e-11,0.0,0.0,0.0,0.0,False
2025-10-17,crisis,0.9994814344717541,0.004042455284159623,0.4,False,4,0.0005185655272456362,0.9994814344717541,1.3036686613255765e-16,0.0,0.0,0.0,0.0,False
2025-10-20,crisis,0.9999999998276212,3.6899541894672716e-09,0.36,False,5,1.7137876863690303e-10,0.9999999998276212,1.1248294232107318e-21,0.0,0.0,0.0,0.0,False
2025-10-21,calm_bull,0.9999999998530409,3.1678375636540124e-09,0.9,True,1,1.4595900817077772e-10,0.9999999998530409,3.3837526483345664e-21,0.0,0.0,0.0,0.0,False
2025-10-22,calm_bull,0.9999999985163334,2.8811853548798162e-08,0.9,False,2,1.4826666685392802e-09,0.9999999985163334,8.367110223632e-21,0.0,0.0,0.0,0.0,False
2025-10-23,calm_bull,0.9999999997721711,4.8175394303552216e-09,0.9,False,3,2.2682882527286005e-10,0.9999999997721711,6.869007906222194e-21,0.0,0.0,0.0,0.0,False
2025-10-24,calm_bull,0.9999999999974079,6.687645534469554e-11,0.9,False,4,1.5919925867646698e-12,0.9999999999974079,3.584266302168032e-23,0.0,0.0,0.0,0.0,False
2025-10-27,calm_bull,0.9999999999987386,5.1449886566407336e-11,0.9,False,5,2.6131006315192617e-13,0.9999999999987386,6.6097666987450596e-24,0.0,0.0,0.0,0.0,False
2025-10-28,calm_bull,0.9999999999962614,9.491520112863322e-11,0.9,False,6,2.73836973206284e-12,0.9999999999962614,8.776266572299939e-23,0.0,0.0,0.0,0.0,False
2025-10-29,calm_bull,0.999999999975745,5.655074039737268e-10,0.9,False,7,2.3255010651102764e-11,0.999999999975745,2.070357966937258e-21,0.0,0.0,0.0,0.0,False
2025-10-30,calm_bull,0.9999999978364182,4.1269302839893645e-08,0.9,False,8,2.162581710236146e-09,0.9999999978364182,1.1271657577670002e-20,0.0,0.0,0.0,0.0,False
2025-10-31,calm_bull,0.9999999963774866,6.739341420463395e-08,0.9,False,9,3.6215134176262243e-09,0.9999999963774866,4.109526766752017e-20,0.0,0.0,0.0,0.0,False
2025-11-03,calm_bull,0.999999920106058,1.2612076567861176e-06,1.0,False,10,7.989294189120461e-08,0.999999920106058,7.063614266138083e-18,0.0,0.0,0.0,0.0,False
2025-11-04,calm_bull,0.9986777882508627,0.00918026405896391,1.0,False,11,0.0013222117481058318,0.9986777882508627,3.123089841086887e-14,0.0,0.0,0.0,0.0,False
2025-11-05,calm_bull,0.9999905523776101,0.00010809473102708375,1.0,False,12,9.447621389712698e-06,0.9999905523776101,2.2560581553498996e-18,0.0,0.0,0.0,0.0,False
2025-11-06,calm_bull,0.9656487510754087,0.13613214409286417,1.0,False,13,0.034351248923504815,0.9656487510754087,8.651571084782281e-14,0.0,0.0,0.0,0.0,False
2025-11-07,calm_bull,0.998692074728331,0.009094013563217936,1.0,False,14,0.001307925270668711,0.998692074728331,1.2744304775251137e-16,0.0,0.0,0.0,0.0,False
2025-11-10,calm_bull,0.9999999999884153,2.791760837507077e-10,0.9,False,15,1.0584621521881956e-11,0.9999999999884153,4.0971150213115745e-23,0.0,0.0,0.0,0.0,False
2025-11-11,calm_bull,0.9999999999986633,5.1518403113915407e-11,0.9,False,16,3.3667275917243253e-13,0.9999999999986633,1.3630349203386489e-24,0.0,0.0,0.0,0.0,False
2025-11-12,calm_bull,0.999999999998862,5.13375113439457e-11,0.9,False,17,1.378776812804994e-13,0.999999999998862,9.03033909598198e-25,0.0,0.0,0.0,0.0,False
2025-11-13,calm_bull,0.9999998517328671,2.2570924739955658e-06,1.0,False,18,1.4826613290697158e-07,0.9999998517328671,3.172398105238396e-20,0.0,0.0,0.0,0.0,False
2025-11-14,calm_bull,0.999965593190051,0.0003531854104295207,1.0,False,19,3.4406808949062585e-05,0.999965593190051,2.1146928245298598e-19,0.0,0.0,0.0,0.0,False
2025-11-17,calm_bull,0.9980687639735427,0.012742268835039915,1.0,False,20,0.9980687639735427,0.0019312360254531583,4.260947482032662e-15,0.0,0.0,0.0,0.0,False
2025-11-18,calm_bull,0.9999999999989966,5.1215030436010874e-11,0.9,False,21,0.9999999999989966,2.097921119791614e-15,1.2336817402598287e-15,0.0,0.0,0.0,0.0,False
2025-11-19,crisis,0.9999999999984788,5.1686359606479445e-11,0.36,True,1,0.9999999999984788,5.205299025739799e-13,7.654694902739913e-16,0.0,0.0,0.0,0.0,False
2025-11-20,crisis,0.9999999999989995,5.121240295778785e-11,0.36,False,2,0.9999999999989995,2.0702294710972282e-24,5.221058778539563e-16,0.0,0.0,0.0,0.0,False
2025-11-21,crisis,0.9999999999953932,1.1583835145170123e-10,0.36,False,3,0.9999999999953932,3.6064436645726955e-12,3.115407996039833e-16,0.0,0.0,0.0,0.0,False
2025-11-24,crisis,0.972445734212437,0.11481298397734722,0.4,False,4,0.972445734212437,0.02755426578655618,6.649832122152722e-15,0.0,0.0,0.0,0.0,False
2025-11-25,crisis,0.9795269896586433,0.09090952424613856,0.4,False,5,0.02047301034035576,0.9795269896586433,8.896226350926038e-16,0.0,0.0,0.0,0.0,False
2025-11-26,crisis,0.9999985193928537,1.9438065232956917e-05,0.4,False,6,1.480606146331381e-06,0.9999985193928537,3.072363319065521e-19,0.0,0.0,0.0,0.0,False
2025-11-28,calm_bull,0.9999976488489801,2.987724169059976e-05,1.0,True,1,2.3511500181960163e-06,0.9999976488489801,1.5098122603807739e-15,0.0,0.0,0.0,0.0,False
2025-12-01,calm_bull,0.9999999999989999,5.1211998730368925e-11,0.9,False,2,0.0,0.0,0.9999999999989999,0.0,0.0,0.0,0.0,False
2025-12-02,calm_bull,0.9999999997445892,5.373599928435034e-09,0.9,False,3,2.5441078468154563e-10,0.9999999997445892,1.7119196917142153e-21,0.0,0.0,0.0,0.0,False
2025-12-03,calm_bull,0.9999999999979392,5.3647685108348186e-11,0.9,False,4,1.0607177249425064e-12,0.9999999999979392,2.4485800250468216e-24,0.0,0.0,0.0,0.0,False
2025-12-04,calm_bull,0.9999999999986715,5.1510924906665265e-11,0.9,False,5,3.2849880831641287e-13,0.9999999999986715,6.884118478768114e-25,0.0,0.0,0.0,0.0,False
2025-12-05,calm_bull,0.999999999998586,5.158873868480866e-11,0.9,False,6,4.1383678148508347e-13,0.999999999998586,5.409484385119989e-25,0.0,0.0,0.0,0.0,False
2025-12-08,calm_bull,0.9999999999981122,5.202004934080332e-11,0.9,False,7,8.876526103495575e-13,0.9999999999981122,5.996234158499834e-25,0.0,0.0,0.0,0.0,False
2025-12-09,calm_bull,0.9999999999975118,6.430374361767743e-11,0.9,False,8,1.4880781737498415e-12,0.9999999999975118,5.0060031918084265e-25,0.0,0.0,0.0,0.0,False
2025-12-10,calm_bull,0.99999999999891,5.1293854782701605e-11,0.9,False,9,8.989987257873837e-14,0.99999999999891,1.1721046813845752e-25,0.0,0.0,0.0,0.0,False
2025-12-11,calm_bull,0.9999999999989524,5.125525106419409e-11,0.9,False,10,4.7580821403819186e-14,0.9999999999989524,1.5917283370688588e-25,0.0,0.0,0.0,0.0,False
2025-12-12,calm_bull,0.9999999999954978,1.1333629234261575e-10,0.9,False,11,3.502188612083158e-12,0.9999999999954978,7.38862724123147e-25,0.0,0.0,0.0,0.0,False
2025-12-15,calm_bull,0.9999999999987232,5.1463832412360306e-11,0.9,False,12,2.765978259372685e-13,0.9999999999987232,1.2556234107564813e-25,0.0,0.0,0.0,0.0,False
2025-12-16,calm_bull,0.9999999999974556,6.569485769504807e-11,0.9,False,13,1.5442339375291018e-12,0.9999999999974556,4.0530316291486526e-25,0.0,0.0,0.0,0.0,False
2025-12-17,calm_bull,0.9999999836417496,2.8185411051130777e-07,0.9,False,14,1.6357250229240933e-08,0.9999999836417496,1.0198417568225048e-20,0.0,0.0,0.0,0.0,False
2025-12-18,calm_bull,0.9999999997752381,4.7555264101162015e-09,0.9,False,15,2.237618670982226e-10,0.9999999997752381,9.664427871866419e-23,0.0,0.0,0.0,0.0,False
2025-12-19,calm_bull,0.9999999999977209,5.910881398438618e-11,0.9,False,16,1.2790849308998145e-12,0.9999999999977209,2.9459067406718555e-24,0.0,0.0,0.0,0.0,False
2025-12-22,calm_bull,0.9999999999988705,5.132983102298609e-11,0.9,False,17,1.2941683405628604e-13,0.9999999999988705,7.981035247354674e-24,0.0,0.0,0.0,0.0,False
2025-12-23,calm_bull,0.9999999999989615,5.1246964402106095e-11,0.9,False,18,3.8377987422417993e-14,0.9999999999989615,2.0303135393573345e-24,0.0,0.0,0.0,0.0,False
2025-12-24,calm_bull,0.9999999999989753,5.123443335211936e-11,0.9,False,19,2.4610149264250676e-14,0.9999999999989753,3.945253503076461e-23,0.0,0.0,0.0,0.0,False
2025-12-26,calm_bull,0.9999999999989932,5.121806214165282e-11,0.9,False,20,6.621283529693057e-15,0.9999999999989932,4.24860810981241e-24,0.0,0.0,0.0,0.0,False
2025-12-29,calm_bull,0.9999999999989968,5.1214828322301405e-11,0.9,False,21,3.1604004091624157e-15,0.9999999999989968,5.202835597625026e-25,0.0,0.0,0.0,0.0,False
2025-12-30,calm_bull,0.9999999999989895,5.1221498074713703e-11,0.9,False,22,1.0338242427987535e-14,0.9999999999989895,1.776904766757424e-24,0.0,0.0,0.0,0.0,False
2025-12-31,calm_bull,0.9999999999962561,9.50483785761888e-11,0.9,False,23,2.7438719453713796e-12,0.9999999999962561,1.783192813327069e-22,0.0,0.0,0.0,0.0,False
2026-01-02,calm_bull,0.9999999999986049,5.157155901950427e-11,0.9,False,24,3.9497314513753725e-13,0.9999999999986049,9.666945891212296e-24,0.0,0.0,0.0,0.0,False
2026-01-05,calm_bull,0.999999999998969,5.1240092535984335e-11,0.9,False,25,3.088856027010862e-14,0.999999999998969,1.8254026857520647e-25,0.0,0.0,0.0,0.0,False
2026-01-06,calm_bull,0.9999999999989948,5.121664734568658e-11,0.9,False,26,5.1912564188166184e-15,0.9999999999989948,6.513158808010709e-26,0.0,0.0,0.0,0.0,False
2026-01-07,calm_bull,0.9999999999989695,5.123968830856541e-11,0.9,False,27,3.0452840178794534e-14,0.9999999999989695,7.66652700109545e-26,0.0,0.0,0.0,0.0,False
2026-01-08,calm_bull,0.9999999999989864,5.122432766664619e-11,0.9,False,28,1.3550328626014448e-14,0.9999999999989864,3.3616628781786643e-25,0.0,0.0,0.0,0.0,False
2026-01-09,calm_bull,0.9999999999989957,5.1215838890848724e-11,0.9,False,29,4.109720883132617e-15,0.9999999999989957,1.541555029554269e-25,0.0,0.0,0.0,0.0,False
2026-01-12,calm_bull,0.9999999999989964,5.1215232549720337e-11,0.9,False,30,3.4771663386257305e-15,0.9999999999989964,4.581984485873341e-26,0.0,0.0,0.0,0.0,False
2026-01-13,calm_bull,0.9999999999989855,5.1225136121484046e-11,0.9,False,31,1.4374535600112053e-14,0.9999999999989855,6.098387331741235e-26,0.0,0.0,0.0,0.0,False
2026-01-14,calm_bull,0.9999999999989908,5.122028539245692e-11,0.9,False,32,9.027661121656745e-15,0.9999999999989908,9.645767487678935e-26,0.0,0.0,0.0,0.0,False
2026-01-15,calm_bull,0.9999999999989981,5.121361564004463e-11,0.9,False,33,1.8864364913383398e-15,0.9999999999989981,5.787825041250634e-26,0.0,0.0,0.0,0.0,False
2026-01-16,calm_bull,0.9999999999989924,5.121887059649067e-11,0.9,False,34,7.608949922859117e-15,0.9999999999989924,2.9139766450330784e-25,0.0,0.0,0.0,0.0,False
2026-01-20,calm_bull,0.9999959714611952,4.921798786241654e-05,1.0,False,35,4.028537804737246e-06,0.9999959714611952,5.541745179059943e-19,0.0,0.0,0.0,0.0,False
2026-01-21,calm_bull,0.9999999999877102,2.9537812080786896e-10,0.9,False,36,1.1289875044653905e-11,0.9999999999877102,5.196036721433589e-24,0.0,0.0,0.0,0.0,False
2026-01-22,calm_bull,0.9999999999979883,5.241555181047233e-11,0.9,False,37,1.0116657474094838e-12,0.9999999999979883,8.39662238658453e-25,0.0,0.0,0.0,0.0,False
2026-01-23,calm_bull,0.999999999994855,1.2871946985530387e-10,0.9,False,38,4.144999176901733e-12,0.999999999994855,1.1956474058601738e-24,0.0,0.0,0.0,0.0,False
2026-01-26,calm_bull,0.9999999999980389,5.208674686492619e-11,0.9,False,39,9.6092669941957e-13,0.9999999999980389,5.736241200792773e-25,0.0,0.0,0.0,0.0,False
2026-01-27,calm_bull,0.9999999999986298,5.1548922284044384e-11,0.9,False,40,3.700928817988275e-13,0.9999999999986298,1.030316946620906e-24,0.0,0.0,0.0,0.0,False
2026-01-28,calm_bull,0.9999999999981681,5.196911668601858e-11,0.9,False,41,8.318580198535928e-13,0.9999999999981681,8.727167451628852e-25,0.0,0.0,0.0,0.0,False
2026-01-29,calm_bull,0.9999999999980151,5.2108373031838743e-11,0.9,False,42,9.84744399129462e-13,0.9999999999980151,7.522269371571228e-25,0.0,0.0,0.0,0.0,False
2026-01-30,calm_bull,0.999999999995409,1.1546382747169783e-10,0.9,False,43,3.590834820218392e-12,0.999999999995409,2.673694873316151e-24,0.0,0.0,0.0,0.0,False
2026-02-02,calm_bull,0.9999999999987264,5.1461002820427826e-11,0.9,False,44,2.735892665809287e-13,0.9999999999987264,7.038138519105132e-25,0.0,0.0,0.0,0.0,False
2026-02-03,calm_bull,0.9999999999667919,7.636435710463644e-10,0.9,False,45,3.2208097399673145e-11,0.9999999999667919,5.1174954256419694e-23,0.0,0.0,0.0,0.0,False
2026-02-04,calm_bull,0.9999995891632019,5.8730768746923795e-06,1.0,False,46,4.1083579812382255e-07,0.9999995891632019,2.629838193447721e-19,0.0,0.0,0.0,0.0,False
2026-02-05,calm_bull,0.5816008661428799,0.6187533389154962,1.0,False,47,0.41839913382956206,0.5816008661428799,2.6558055657108962e-11,0.0,0.0,0.0,0.0,False
2026-02-06,calm_bull,0.9999769831128678,0.00024469094361002496,1.0,False,48,2.301688613197651e-05,0.9999769831128678,1.6474076850887591e-16,0.0,0.0,0.0,0.0,False
2026-02-09,calm_bull,0.9999999994064586,1.2024861842867456e-08,0.9,False,49,5.925413111613089e-10,0.9999999994064586,6.350578265599554e-20,0.0,0.0,0.0,0.0,False
2026-02-10,calm_bull,0.9999999988044783,2.3452514339802466e-08,0.9,False,50,1.1945216127505173e-09,0.9999999988044783,3.5078973615633027e-20,0.0,0.0,0.0,0.0,False
2026-02-11,calm_bull,0.9999999978057803,4.182552368941956e-08,0.9,False,51,2.193219651637159e-09,0.9999999978057803,9.286881924549419e-21,0.0,0.0,0.0,0.0,False
2026-02-12,calm_bull,0.9969777790568751,0.018707109169907296,1.0,False,52,0.003022220942079935,0.9969777790568751,4.48471344621489e-14,0.0,0.0,0.0,0.0,False
2026-02-13,calm_bull,0.9996198424803598,0.0030709625319906633,1.0,False,53,0.00038015751863925486,0.9996198424803598,9.404931600452505e-16,0.0,0.0,0.0,0.0,False
2026-02-17,calm_bull,0.9997120110415749,0.002399211241366806,1.0,False,54,0.00028798895742352873,0.9997120110415749,1.5209389466088475e-15,0.0,0.0,0.0,0.0,False
2026-02-18,calm_bull,0.9999983297271735,2.174482359155172e-05,1.0,False,55,1.6702718265096934e-06,0.9999983297271735,1.146551559292993e-17,0.0,0.0,0.0,0.0,False
2026-02-19,calm_bull,0.9999999728535673,4.5521367728420873e-07,0.9,False,56,2.7145432696177608e-08,0.9999999728535673,4.406554317947439e-19,0.0,0.0,0.0,0.0,False
2026-02-20,calm_bull,0.9999999999312255,1.5322339580814804e-09,0.9,False,57,6.777435506866769e-11,0.9999999999312255,1.096312924526307e-21,0.0,0.0,0.0,0.0,False
2026-02-23,calm_bull,0.9999540640267879,0.0004594482316158909,1.0,False,58,4.593597221161918e-05,0.9999540640267879,3.983458044673483e-16,0.0,0.0,0.0,0.0,False
2026-02-24,calm_bull,0.999999970917635,4.858527621468649e-07,0.9,False,59,2.9081364984920026e-08,0.999999970917635,4.563177147749486e-19,0.0,0.0,0.0,0.0,False
2026-02-25,calm_bull,0.9999999993407314,1.3292792168733991e-08,0.9,False,60,6.582686039829554e-10,0.9999999993407314,9.179932965073876e-21,0.0,0.0,0.0,0.0,False
2026-02-26,calm_bull,0.9999999836699408,2.813940282213106e-07,0.9,False,61,1.6329059080770973e-08,0.9999999836699408,9.862933495791e-19,0.0,0.0,0.0,0.0,False
2026-02-27,calm_bull,0.9999195771316343,0.0007633844203951285,1.0,False,62,8.042286735148864e-05,0.9999195771316343,1.42149024376272e-14,0.0,0.0,0.0,0.0,False
2026-03-02,calm_bull,0.9970691576880398,0.018223516934192517,1.0,False,63,0.0029308423109357983,0.9970691576880398,2.4181724839881513e-14,0.0,0.0,0.0,0.0,False
2026-03-03,calm_bull,0.9783061433521846,0.09517465820890542,1.0,False,64,0.9783061433521846,0.021693856636754313,1.0061213868437072e-11,0.0,0.0,0.0,0.0,False
2026-03-04,calm_bull,0.9464048991773663,0.19021062559057528,1.0,False,65,0.9464048991773663,0.05359510082153607,9.767291695607048e-14,0.0,0.0,0.0,0.0,False
2026-03-05,crisis,0.9996863070121511,0.0025889344350306202,0.4,True,1,0.9996863070121511,0.00031369298681036776,3.8368271528283216e-14,0.0,0.0,0.0,0.0,False
2026-03-06,crisis,0.999999999998928,5.1277483572235067e-11,0.36,False,2,0.999999999998928,4.10492167937058e-20,7.20305638255208e-14,0.0,0.0,0.0,0.0,False
2026-03-09,crisis,0.9999999829574721,2.930081879697641e-07,0.36,False,3,0.9999999829574721,1.704152713345425e-08,7.297679726607043e-16,0.0,0.0,0.0,0.0,False
2026-03-10,crisis,0.999999997194829,5.284209091887699e-08,0.36,False,4,0.999999997194829,2.804170484884282e-09,4.3959197317108205e-16,0.0,0.0,0.0,0.0,False
2026-03-11,crisis,0.9999999999919398,1.9747224349318522e-10,0.36,False,5,0.9999999999919398,7.059090884471373e-12,1.1513178383574099e-15,0.0,0.0,0.0,0.0,False
2026-03-12,crisis,0.9999999999989957,5.1215838890848724e-11,0.36,False,6,0.9999999999989957,4.432865712699568e-25,4.287948062420633e-15,0.0,0.0,0.0,0.0,False
2026-03-13,crisis,0.9999999999989924,5.121887059649067e-11,0.36,False,7,0.9999999999989924,4.039539041176082e-29,7.463270696222139e-15,0.0,0.0,0.0,0.0,False
2026-03-16,crisis,0.9999999999989986,5.1213211412625706e-11,0.36,False,8,0.9999999999989986,1.247231482907798e-16,1.0026002421884044e-15,0.0,0.0,0.0,0.0,False
2026-03-17,crisis,0.9999999999988121,5.138298692857496e-11,0.36,False,9,0.9999999999988121,1.8722128185191487e-13,5.664115174387927e-16,0.0,0.0,0.0,0.0,False
2026-03-18,crisis,0.9999999999989997,5.121220084407839e-11,0.36,False,10,0.9999999999989997,1.9449478188824233e-25,2.1056207451636773e-16,0.0,0.0,0.0,0.0,False
2026-03-19,crisis,0.9999999999989995,5.121240295778785e-11,0.36,False,11,0.9999999999989995,8.946189099842399e-27,5.224362486765857e-16,0.0,0.0,0.0,0.0,False
2026-03-20,crisis,0.9999999999989997,5.121220084407839e-11,0.36,False,12,0.9999999999989997,2.655270704106818e-45,2.30847816063394e-16,0.0,0.0,0.0,0.0,False
2026-03-23,crisis,0.9999999999989997,5.121220084407839e-11,0.36,False,13,0.9999999999989997,1.2954539028395667e-35,1.153523286225544e-16,0.0,0.0,0.0,0.0,False
2026-03-24,crisis,0.9999999999989999,5.1211998730368925e-11,0.36,False,14,0.9999999999989999,8.656327027168387e-37,4.5385544677080673e-17,0.0,0.0,0.0,0.0,False
2026-03-25,crisis,0.9999999999989999,5.1211998730368925e-11,0.36,False,15,0.9999999999989999,1.615931915307104e-29,2.4571221357700008e-17,0.0,0.0,0.0,0.0,False
2026-03-26,crisis,0.9999999999989995,5.121240295778785e-11,0.36,False,16,0.9999999999989995,1.4938886532941824e-52,4.1314790276621733e-16,0.0,0.0,0.0,0.0,False
2026-03-27,crisis,0.9999999999989826,5.122776359970707e-11,0.36,False,17,0.9999999999989826,1.9253920279525527e-78,1.7394799330707395e-14,0.0,0.0,0.0,0.0,False
2026-03-30,crisis,0.9999999999989926,5.121866848278121e-11,0.36,False,18,0.9999999999989926,1.0634624012280207e-79,7.420822548301483e-15,0.0,0.0,0.0,0.0,False
2026-03-31,crisis,0.9999999999989893,5.1221700188423166e-11,0.36,False,19,0.9999999999989893,4.84746987083311e-43,1.0596359150161902e-14,0.0,0.0,0.0,0.0,False
2026-04-01,crisis,0.9999999999989999,5.1211998730368925e-11,0.36,False,20,0.0,0.0,0.9999999999989999,0.0,0.0,0.0,0.0,False
2026-04-02,crisis,0.9999999999989939,5.121745580052443e-11,0.36,False,21,0.9999999999989939,1.6807545582226525e-31,6.011241432341102e-15,0.0,0.0,0.0,0.0,False
2026-04-06,crisis,0.9999999999989999,5.1211998730368925e-11,0.36,False,22,0.9999999999989999,3.737674508683783e-27,5.488734161716936e-17,0.0,0.0,0.0,0.0,False
2026-04-07,crisis,0.9999999999989999,5.1211998730368925e-11,0.36,False,23,0.9999999999989999,1.5140178936828092e-25,5.732991406981558e-17,0.0,0.0,0.0,0.0,False
2026-04-08,crisis,0.9999999995892681,8.460603056721084e-09,0.36,False,24,0.9999999995892681,4.097315257348959e-10,2.257457692834349e-16,0.0,0.0,0.0,0.0,False
2026-04-09,crisis,0.9999996891590127,4.5225154681720545e-06,0.4,False,25,0.9999996891590127,3.1083998686084255e-07,4.745186970390913e-16,0.0,0.0,0.0,0.0,False
2026-04-10,crisis,0.9999565173504253,0.000437082706213282,0.4,False,26,0.9999565173504253,4.348264857247976e-05,2.145109457119785e-15,0.0,0.0,0.0,0.0,False
2026-04-13,crisis,0.8222701473938109,0.42593155365534296,0.4,False,27,0.8222701473938109,0.17772985260516266,2.653364709350684e-14,0.0,0.0,0.0,0.0,False
2026-04-14,crisis,0.6116133679384669,0.6080588585929265,0.4,False,28,0.6116133679384669,0.38838663205870794,1.825250272100457e-12,0.0,0.0,0.0,0.0,False
2026-04-15,crisis,0.9985111422178714,0.010176324327450767,0.4,False,29,0.0014888577811276488,0.9985111422178714,1.0246569527905786e-15,0.0,0.0,0.0,0.0,False
2026-04-16,crisis,0.999998691558378,1.7325027032723422e-05,0.4,False,30,1.3084406220590378e-06,0.999998691558378,3.358307340407987e-18,0.0,0.0,0.0,0.0,False
2026-04-17,calm_bull,0.999999022542449,1.3201958110396142e-05,1.0,True,1,9.774565506707568e-07,0.999999022542449,2.859322437647326e-16,0.0,0.0,0.0,0.0,False
2026-04-20,calm_bull,0.9999995914016946,5.8431087886009175e-06,1.0,False,2,4.0859730525927764e-07,0.9999995914016946,1.2578186669796005e-17,0.0,0.0,0.0,0.0,False
2026-04-21,calm_bull,0.9999999831266148,2.9025344937585987e-07,0.9,False,3,1.6872385121318157e-08,0.9999999831266148,3.059215823306123e-19,0.0,0.0,0.0,0.0,False
2026-04-22,calm_bull,0.9999999885029204,2.017886815300792e-07,0.9,False,4,1.1496079439747505e-08,0.9999999885029204,1.5910798469646164e-18,0.0,0.0,0.0,0.0,False
2026-04-23,calm_bull,0.999999947260583,8.524875494604879e-07,0.9,False,5,5.273841636707543e-08,0.999999947260583,4.18058944558786e-16,0.0,0.0,0.0,0.0,False
2026-04-24,calm_bull,0.9999999464966366,8.641355307565778e-07,0.9,False,6,5.350236073479252e-08,0.9999999464966366,2.713018702032624e-15,0.0,0.0,0.0,0.0,False
2026-04-27,calm_bull,0.9999999859446841,2.441164522995089e-07,0.9,False,7,1.405429420805191e-08,0.9999999859446841,2.1782936679007706e-14,0.0,0.0,0.0,0.0,False
2026-04-28,calm_bull,0.999999821974133,2.6805991689520872e-06,1.0,False,8,1.7800856456136592e-07,0.999999821974133,1.63024712503047e-11,0.0,0.0,0.0,0.0,False
2026-04-29,calm_bull,0.9999972480444533,3.457698057409901e-05,1.0,False,9,2.751873951066351e-06,0.9999972480444533,8.059545854772051e-11,0.0,0.0,0.0,0.0,False
2026-04-30,calm_bull,0.9999999963222763,6.836971973880876e-08,0.9,False,10,3.6767189387634133e-09,0.9999999963222763,4.717472798337043e-15,0.0,0.0,0.0,0.0,False
2026-05-01,calm_bull,0.9999999999989999,5.1211998730368925e-11,0.9,False,11,0.0,0.0,0.9999999999989999,0.0,0.0,0.0,0.0,False
2026-05-04,calm_bull,0.9999999989768151,2.0217676115484884e-08,0.9,False,12,1.0221844587017532e-09,0.9999999989768151,1.7784587209425008e-16,0.0,0.0,0.0,0.0,False
2026-05-05,calm_bull,0.9999999999930913,1.7049335186563446e-10,0.9,False,13,5.908672940284497e-12,0.9999999999930913,7.772750055528053e-19,0.0,0.0,0.0,0.0,False
2026-05-06,calm_bull,0.9999999998017413,4.217845646398343e-09,0.9,False,14,1.9725142758110296e-10,0.9999999998017413,7.34344012747423e-15,0.0,0.0,0.0,0.0,False
2026-05-07,calm_bull,0.9999999999961489,9.76436310836728e-11,0.9,False,15,2.8510467375022895e-12,0.9999999999961489,1.5886404098403067e-17,0.0,0.0,0.0,0.0,False
2026-05-08,calm_bull,0.9999999999834575,3.922827396138174e-10,0.9,False,16,1.5541662353115928e-11,0.9999999999834575,8.878101906027728e-16,0.0,0.0,0.0,0.0,False
2026-05-11,calm_bull,0.9999999999205924,1.7578753463764118e-09,0.9,False,17,7.839460175203363e-11,0.9999999999205924,1.3036404680793846e-14,0.0,0.0,0.0,0.0,False
2026-05-12,calm_bull,0.9999999999882745,2.8241014300662406e-10,0.9,False,18,1.072524382553611e-11,0.9999999999882745,1.8516597238857216e-16,0.0,0.0,0.0,0.0,False
2026-05-13,calm_bull,0.9999999999763489,5.520398910832134e-10,0.9,False,19,2.2651050508710822e-11,0.9999999999763489,6.529106828501927e-17,0.0,0.0,0.0,0.0,False
2026-05-14,calm_bull,0.9999999999920963,1.9383475929583508e-10,0.9,False,20,6.903562933102567e-12,0.9999999999920963,8.427366638482432e-18,0.0,0.0,0.0,0.0,False
2026-05-15,calm_bull,0.9999999999348909,1.4540246489295499e-09,0.9,False,21,6.410913268825217e-11,0.9999999999348909,1.2871516054690155e-18,0.0,0.0,0.0,0.0,False
2026-05-18,calm_bull,0.9999999999880662,2.872025561860532e-10,0.9,False,22,1.0933779265553044e-11,0.9999999999880662,3.3907441338804784e-20,0.0,0.0,0.0,0.0,False
2026-05-19,calm_bull,0.9999999995802961,8.63704915475193e-09,0.9,False,23,4.187039575044393e-10,0.9999999995802961,1.1212082699841425e-18,0.0,0.0,0.0,0.0,False
2026-05-20,calm_bull,0.9999999999973161,6.914414972506509e-11,0.9,False,24,1.6837990138074886e-12,0.9999999999973161,3.0771997682995073e-20,0.0,0.0,0.0,0.0,False
2026-05-21,calm_bull,0.9999999999983418,5.1811063765218296e-11,0.9,False,25,6.582181064593287e-13,0.9999999999983418,8.770071016028053e-22,0.0,0.0,0.0,0.0,False
2026-05-22,calm_bull,0.99999999999894,5.1266569431924045e-11,0.9,False,26,5.996279485576861e-14,0.99999999999894,8.033146835509991e-23,0.0,0.0,0.0,0.0,False
2026-05-26,calm_bull,0.9999999999989042,5.1299109739147653e-11,0.9,False,27,9.565573436618776e-14,0.9999999999989042,5.396357980404796e-23,0.0,0.0,0.0,0.0,False
2026-05-27,calm_bull,0.9999999999988942,5.13082048560735e-11,0.9,False,28,1.0579491370101531e-13,0.9999999999988942,1.57917321725558e-22,0.0,0.0,0.0,0.0,False
2026-05-28,calm_bull,0.9999999999988822,5.131911899638453e-11,0.9,False,29,1.1757714506160793e-13,0.9999999999988822,6.292802030654728e-22,0.0,0.0,0.0,0.0,False
2026-05-29,calm_bull,0.9999999999899458,2.438641583387184e-10,0.9,False,30,9.054144429926332e-12,0.9999999999899458,7.493995964240339e-19,0.0,0.0,0.0,0.0,False
2026-06-01,calm_bull,0.9999999999989999,5.1211998730368925e-11,0.9,False,31,0.0,0.0,0.9999999999989999,0.0,0.0,0.0,0.0,False
2026-06-02,calm_bull,0.9999999999906326,2.2794035772307586e-10,0.9,False,32,8.36719941990208e-12,0.9999999999906326,6.0267147829195644e-18,0.0,0.0,0.0,0.0,False
2026-06-03,calm_bull,0.9999999999988265,5.1369849537459837e-11,0.9,False,33,1.7340775538078447e-13,0.9999999999988265,1.1082322175091864e-21,0.0,0.0,0.0,0.0,False
2026-06-04,calm_bull,0.9999999999982347,5.19084825731796e-11,0.9,False,34,7.652245419828352e-13,0.9999999999982347,7.435184505018995e-22,0.0,0.0,0.0,0.0,False
2026-06-05,calm_bull,0.9686180354606402,0.12699082035125894,1.0,False,35,0.03138196453749752,0.9686180354606402,8.622607341255464e-13,0.0,0.0,0.0,0.0,False
2026-06-08,calm_bull,0.9913800290574875,0.045110764114551935,1.0,False,36,0.008619970941512253,0.9913800290574875,1.3196860403376055e-16,0.0,0.0,0.0,0.0,False
2026-06-09,calm_bull,0.8578790639529154,0.37210124141448775,1.0,False,37,0.1421209360460577,0.8578790639529154,2.691184245295584e-14,0.0,0.0,0.0,0.0,False
2026-06-10,calm_bull,0.9999999994743558,1.0691391512216622e-08,0.9,False,38,0.9999999994743558,5.237440060080674e-10,9.000614139357993e-13,0.0,0.0,0.0,0.0,False
2026-06-11,calm_bull,0.9746428805388404,0.10760172225919631,1.0,False,39,0.9746428805388404,0.02535711945603764,4.121817168397062e-12,0.0,0.0,0.0,0.0,False
2026-06-12,calm_bull,0.9999644632627394,0.00036373886884878904,1.0,False,40,3.553673626011851e-05,0.9999644632627394,4.558262616149162e-16,0.0,0.0,0.0,0.0,False
2026-06-15,calm_bull,0.9999999967142801,6.142022841063592e-08,0.9,False,41,3.2847198625006944e-09,0.9999999967142801,7.553092837265799e-19,0.0,0.0,0.0,0.0,False
2026-06-16,calm_bull,0.9999999949147719,9.303280854490568e-08,0.9,False,42,5.084228107491329e-09,0.9999999949147719,1.1406014943985202e-18,0.0,0.0,0.0,0.0,False
2026-06-17,calm_bull,0.9999726216081471,0.00028673332338919537,1.0,False,43,2.7378390852656444e-05,0.9999726216081471,2.4050502885208806e-16,0.0,0.0,0.0,0.0,False
2026-06-18,calm_bull,0.9999999560221241,7.181389482283476e-07,0.9,False,44,4.3976875741936574e-08,0.9999999560221241,8.167579659393762e-19,0.0,0.0,0.0,0.0,False
2026-06-22,calm_bull,0.9997948612966073,0.0017723445370389792,1.0,False,45,0.00020513870239259298,0.9997948612966073,7.075844414341728e-17,0.0,0.0,0.0,0.0,False
2026-06-23,crisis,0.9997410838760801,0.0021820915045104527,0.4,True,1,0.9997410838760801,0.0002589161223852815,5.346925560835382e-13,0.0,0.0,0.0,0.0,False
2026-06-24,crisis,0.9999986420042467,1.7935220326129513e-05,0.4,False,2,0.9999986420042467,1.3579946715590468e-06,8.173052179590742e-14,0.0,0.0,0.0,0.0,False
2026-06-25,crisis,0.9999682709123361,0.00032803863048474975,0.4,False,3,0.9999682709123361,3.172908649254955e-05,1.714214576824817e-13,0.0,0.0,0.0,0.0,False
2026-06-26,crisis,0.999999647117423,5.093685036290819e-06,0.4,False,4,0.999999647117423,3.5285342234039894e-07,2.815474306970754e-11,0.0,0.0,0.0,0.0,False
2026-06-29,crisis,0.6356169346548789,0.5970244849389726,0.4,False,5,0.6356169346548789,0.3643830653360635,8.057575185591209e-12,0.0,0.0,0.0,0.0,False
2026-06-30,crisis,0.9983647078706795,0.01103745200374929,0.4,False,6,0.001635292128283061,0.9983647078706795,3.7457367731944035e-14,0.0,0.0,0.0,0.0,False
2026-07-01,crisis,0.9999946003191968,6.452989259383765e-05,0.4,False,7,5.3996798019276434e-06,0.9999946003191968,1.0128534183220659e-15,0.0,0.0,0.0,0.0,False
2026-07-02,calm_bull,0.9999936305007957,7.51622016681352e-05,1.0,True,1,6.369498193006061e-06,0.9999936305007957,1.1221967587004401e-14,0.0,0.0,0.0,0.0,False
2026-07-06,calm_bull,0.9999999341729056,1.0507541711884014e-06,1.0,False,2,6.582609443537224e-08,0.9999999341729056,6.42594522861078e-17,0.0,0.0,0.0,0.0,False
2026-07-07,calm_bull,0.9999998066288376,2.896965847343341e-06,1.0,False,3,1.933701622818096e-07,0.9999998066288376,6.060674861608219e-17,0.0,0.0,0.0,0.0,False
2026-07-08,calm_bull,0.9999999987681962,2.413054044969539e-08,0.9,False,4,1.2308036477205602e-09,0.9999999987681962,6.124851781928739e-20,0.0,0.0,0.0,0.0,False
2026-07-09,calm_bull,0.9999999999833613,3.944764209826016e-10,0.9,False,5,1.5638539867210322e-11,0.9999999999833613,5.990918416216093e-22,0.0,0.0,0.0,0.0,False
2026-07-10,calm_bull,0.9999999999933412,1.6460733385964863e-10,0.9,False,6,5.658772326486487e-12,0.9999999999933412,2.398115956976466e-22,0.0,0.0,0.0,0.0,False
2026-07-13,calm_bull,0.9999999999863837,3.2574449279805014e-10,0.9,False,7,1.2616320306261479e-11,0.9999999999863837,2.120751755032988e-22,0.0,0.0,0.0,0.0,False
2026-07-14,calm_bull,0.9999999999979772,5.269175414265348e-11,0.9,False,8,1.0226500750820166e-12,0.9999999999979772,1.0179281979341447e-23,0.0,0.0,0.0,0.0,False
2026-07-15,calm_bull,0.9999999999986575,5.152365807036146e-11,0.9,False,9,3.4235624533644085e-13,0.9999999999986575,7.595415582359204e-24,0.0,0.0,0.0,0.0,False
2026-07-16,calm_bull,0.9999999999951175,1.2245141178371746e-10,0.9,False,10,3.882585347711742e-12,0.9999999999951175,1.361086019464776e-22,0.0,0.0,0.0,0.0,False
2026-07-17,calm_bull,0.9999999328527459,1.0706131698115533e-06,1.0,False,11,6.714625415705061e-08,0.9999999328527459,6.148020997925175e-19,0.0,0.0,0.0,0.0,False
2026-07-20,calm_bull,0.9999999840941424,2.7446562639380056e-07,0.9,False,12,1.5904857550129685e-08,0.9999999840941424,5.3690798097724603e-20,0.0,0.0,0.0,0.0,False
2026-07-21,calm_bull,0.999999999917659,1.8202192796262447e-09,0.9,False,13,8.13409523912585e-11,0.999999999917659,3.5161536896928573e-22,0.0,0.0,0.0,0.0,False
2026-07-22,calm_bull,0.9999999999081892,2.0199944473934616e-09,0.9,False,14,9.081077945857558e-11,0.9999999999081892,6.3730459030109655e-22,0.0,0.0,0.0,0.0,False
2026-07-23,calm_bull,0.9999908964898515,0.00010446503113904304,1.0,False,15,9.103509148340075e-06,0.9999908964898515,1.1956495353798882e-17,0.0,0.0,0.0,0.0,False
2026-07-24,calm_bull,0.9999997374640988,3.860073176062714e-06,1.0,False,16,2.6253490123798137e-07,0.9999997374640988,6.3052290226840415e-19,0.0,0.0,0.0,0.0,False
2026-07-27,calm_bull,0.9999965277152624,4.289168909800576e-05,1.0,False,17,3.4722837376074187e-06,0.9999965277152624,5.3022303654045646e-18,0.0,0.0,0.0,0.0,False
